#
# There is insufficient memory for the Java Runtime Environment to continue.
# Native memory allocation (malloc) failed to allocate 407984 bytes. Error detail: Chunk::new
# Possible reasons:
#   The system is out of physical RAM or swap space
#   This process is running with CompressedOops enabled, and the Java Heap may be blocking the growth of the native heap
# Possible solutions:
#   Reduce memory load on the system
#   Increase physical memory or swap space
#   Check if swap backing store is full
#   Decrease Java heap size (-Xmx/-Xms)
#   Decrease number of Java threads
#   Decrease Java thread stack sizes (-Xss)
#   Set larger code cache with -XX:ReservedCodeCacheSize=
#   JVM is running with Unscaled Compressed Oops mode in which the Java heap is
#     placed in the first 4GB address space. The Java Heap base address is the
#     maximum limit for the native heap growth. Please use -XX:HeapBaseMinAddress
#     to set the Java Heap base and to place the Java Heap above 4GB virtual address.
# This output file may be truncated or incomplete.
#
#  Out of Memory Error (arena.cpp:168), pid=3968, tid=11044
#
# JRE version: OpenJDK Runtime Environment (21.0.9) (build 21.0.9+-14649483-b1163.86)
# Java VM: OpenJDK 64-Bit Server VM (21.0.9+-14649483-b1163.86, mixed mode, tiered, compressed oops, compressed class ptrs, g1 gc, windows-amd64)
# No core dump will be written. Minidumps are not enabled by default on client versions of Windows
#

---------------  S U M M A R Y ------------

Command Line: --add-opens=java.base/java.lang=ALL-UNNAMED --add-opens=java.base/java.lang.invoke=ALL-UNNAMED --add-opens=java.base/java.util=ALL-UNNAMED --add-opens=java.prefs/java.util.prefs=ALL-UNNAMED --add-exports=jdk.compiler/com.sun.tools.javac.api=ALL-UNNAMED --add-exports=jdk.compiler/com.sun.tools.javac.util=ALL-UNNAMED --add-opens=java.base/java.util=ALL-UNNAMED --add-opens=java.prefs/java.util.prefs=ALL-UNNAMED --add-opens=java.base/java.nio.charset=ALL-UNNAMED --add-opens=java.base/java.net=ALL-UNNAMED --add-opens=java.base/java.util.concurrent=ALL-UNNAMED --add-opens=java.base/java.util.concurrent.atomic=ALL-UNNAMED --add-opens=java.xml/javax.xml.namespace=ALL-UNNAMED --add-opens=java.base/java.time=ALL-UNNAMED -Xmx2048m -Dfile.encoding=UTF-8 -Duser.country=IN -Duser.language=en -Duser.variant -javaagent:C:\Users\umesh\.gradle\wrapper\dists\gradle-9.2.1-bin\2t0n5ozlw9xmuyvbp7dnzaxug\gradle-9.2.1\lib\agents\gradle-instrumentation-agent-9.2.1.jar org.gradle.launcher.daemon.bootstrap.GradleDaemon 9.2.1

Host: 13th Gen Intel(R) Core(TM) i5-13400F, 16 cores, 15G,  Windows 11 , 64 bit Build 26100 (10.0.26100.7920)
Time: Tue Mar 10 23:36:54 2026 India Standard Time elapsed time: 18.456119 seconds (0d 0h 0m 18s)

---------------  T H R E A D  ---------------

Current thread (0x000002306c4aae60):  JavaThread "C2 CompilerThread1" daemon [_thread_in_native, id=11044, stack(0x0000006494800000,0x0000006494900000) (1024K)]


Current CompileTask:
C2:18456 17347       4       com.android.tools.r8.graph.r9::a (166 bytes)

Stack: [0x0000006494800000,0x0000006494900000]
Native frames: (J=compiled Java code, j=interpreted, Vv=VM code, C=native code)
V  [jvm.dll+0x6d6c99]
V  [jvm.dll+0x866b83]
V  [jvm.dll+0x86919e]
V  [jvm.dll+0x869883]
V  [jvm.dll+0x280776]
V  [jvm.dll+0xc07cd]
V  [jvm.dll+0xc0d03]
V  [jvm.dll+0x3b986b]
V  [jvm.dll+0x1dfcb2]
V  [jvm.dll+0x2495b4]
V  [jvm.dll+0x248a31]
V  [jvm.dll+0x1c7344]
V  [jvm.dll+0x2581ae]
V  [jvm.dll+0x2566f6]
V  [jvm.dll+0x3f48a6]
V  [jvm.dll+0x80f118]
V  [jvm.dll+0x6d54ed]
C  [ucrtbase.dll+0x37b0]
C  [KERNEL32.DLL+0x2e8d7]
C  [ntdll.dll+0x8c48c]


---------------  P R O C E S S  ---------------

Threads class SMR info:
_java_thread_list=0x000002300092a740, length=238, elements={
0x0000023051846780, 0x000002306be3e940, 0x000002306bf57030, 0x000002306bf93da0,
0x000002306bf9fe20, 0x000002306bfa8b70, 0x000002306bfab410, 0x000002306bf8f900,
0x000002306bfacd10, 0x000002306bfbe340, 0x000002306c13d640, 0x000002306c14bce0,
0x000002306bf8f270, 0x000002306c4aae60, 0x000002306c6f21f0, 0x0000023072bf5e20,
0x000002306bf92060, 0x000002306bf926f0, 0x000002306bf90620, 0x000002306bf919d0,
0x000002306bf91340, 0x00000230731434f0, 0x0000023073141420, 0x0000023073142e60,
0x0000023073140070, 0x0000023073140d90, 0x0000023073141ab0, 0x00000230731455c0,
0x0000023073143b80, 0x00000230731427d0, 0x00000230731462e0, 0x0000023073146970,
0x0000023073147000, 0x0000023073147690, 0x0000023075675f00, 0x0000023075676590,
0x0000023075677fd0, 0x000002307567a0a0, 0x0000023075679a10, 0x0000023075678660,
0x0000023075677940, 0x000002307567b450, 0x000002307567bae0, 0x000002307567c170,
0x000002307567c800, 0x0000023075679380, 0x000002307567ce90, 0x000002307567d520,
0x00000230756a60d0, 0x00000230756a6df0, 0x00000230756a6760, 0x00000230756a7b10,
0x00000230756a5a40, 0x00000230756a53b0, 0x00000230756a7480, 0x00000230756a4690,
0x00000230756a81a0, 0x00000230756a4d20, 0x00000230756a9550, 0x00000230756ab620,
0x00000230756abcb0, 0x00000230756a8830, 0x00000230756a8ec0, 0x00000230756a9be0,
0x00000230756aa900, 0x00000230756aa270, 0x00000230756aaf90, 0x000002307726a570,
0x0000023077269ee0, 0x000002307726b290, 0x000002307726ac00, 0x000002307726b920,
0x00000230772691c0, 0x000002307726bfb0, 0x0000023077268b30, 0x000002307726ccd0,
0x0000023077269850, 0x000002307726e080, 0x000002307726e710, 0x000002307726fac0,
0x0000023077270150, 0x000002307719a7d0, 0x000002307719a140, 0x000002307719ae60,
0x0000023077199420, 0x000002307719b4f0, 0x0000023077199ab0, 0x0000023077198070,
0x000002307719bb80, 0x0000023077198d90, 0x0000023077198700, 0x000002307719e2e0,
0x000002307719d5c0, 0x000002307719cf30, 0x000002307719f000, 0x000002307719e970,
0x000002307719f690, 0x000002307719dc50, 0x000002307719c210, 0x000002307719c8a0,
0x00000230774927d0, 0x0000023077491420, 0x0000023077492e60, 0x00000230774934f0,
0x0000023077490d90, 0x0000023077490070, 0x0000023077490700, 0x0000023077491ab0,
0x0000023077492140, 0x0000023078e6c5e0, 0x0000023078e6bf50, 0x0000023078e6b8c0,
0x0000023078e6e020, 0x0000023078e6fa60, 0x0000023078e700f0, 0x0000023078e6d300,
0x0000023078e6cc70, 0x0000023078e70780, 0x0000023078e6d990, 0x0000023078e70e10,
0x0000023078e714a0, 0x0000023078e6ed40, 0x0000023078e6f3d0, 0x0000023077b0b610,
0x0000023077b09bd0, 0x0000023077b0c330, 0x0000023077b0d6e0, 0x0000023077519da0,
0x000002307751ab40, 0x000002307751c680, 0x0000023078f4a940, 0x0000023078f4afd0,
0x0000023078f4b660, 0x0000023078f49590, 0x0000023078f49c20, 0x0000023078f48870,
0x0000023078f4c380, 0x0000023078f48f00, 0x0000023078f4eae0, 0x0000023078f4e450,
0x0000023078f4f170, 0x0000023078f4ddc0, 0x0000023078f4bcf0, 0x0000023078f4d0a0,
0x0000023078f4ca10, 0x0000023078f4d730, 0x0000023078e6e6b0, 0x0000023078e72ee0,
0x000002306bf8ff90, 0x0000023077b0f7b0, 0x000002307e11e050, 0x000002307e11e6e0,
0x000002307e11f400, 0x000002307e11fa90, 0x000002307e120120, 0x000002307e11cca0,
0x000002307e1207b0, 0x000002307e11ed70, 0x000002307e11d330, 0x000002307e11d9c0,
0x000002307e121b60, 0x000002307e1221f0, 0x000002307e122f10, 0x0000023078f26180,
0x0000023078f27530, 0x0000023078f26810, 0x0000023078f26ea0, 0x0000023078f25af0,
0x0000023078f27bc0, 0x0000023078f288e0, 0x0000023078f25460, 0x0000023078f2bd60,
0x0000023078f2a9b0, 0x0000023078f29600, 0x0000023078f2a320, 0x0000023078f2b040,
0x0000023078f29c90, 0x0000023078f2b6d0, 0x0000023078f24dd0, 0x0000023078f2c3f0,
0x0000023078f28f70, 0x0000023078f2ca80, 0x0000023078f2d7a0, 0x0000023078f2de30,
0x0000023078f30590, 0x0000023078f2ff00, 0x0000023078f2f870, 0x0000023078f2f1e0,
0x0000023078f2eb50, 0x0000023078f2e4c0, 0x0000023078f2d110, 0x0000023078f32660,
0x0000023078f31940, 0x0000023078f340a0, 0x0000023078f312b0, 0x0000023078f31fd0,
0x0000023078f33380, 0x0000023078f32cf0, 0x0000023078f33a10, 0x0000023078f30c20,
0x000002307e124950, 0x000002307e1214d0, 0x000002307e123c30, 0x000002307e128460,
0x000002307e127dd0, 0x000002307e126390, 0x000002307e128af0, 0x000002307e125670,
0x000002307e127740, 0x000002307e126a20, 0x000002307e124fe0, 0x000002307e125d00,
0x000002307e129810, 0x000002307e129ea0, 0x000002307e1270b0, 0x000002307e129180,
0x000002307e12a530, 0x000002307e12abc0, 0x000002307e12b250, 0x000002307e12bf70,
0x0000023075676c20, 0x00000230774f6220, 0x00000230774f68b0, 0x00000230774f3ac0,
0x00000230774f3430, 0x00000230774f4150, 0x00000230774f5500, 0x00000230774f6f40,
0x00000230774f75d0, 0x00000230774f47e0, 0x00000230774ff910, 0x00000230774f7c60,
0x00000230774f82f0, 0x00000230774f4e70, 0x00000230774f8980, 0x00000230774f9010,
0x0000023071a6b4b0, 0x0000023071a6c250
}

Java Threads: ( => current thread )
  0x0000023051846780 JavaThread "main"                              [_thread_blocked, id=18420, stack(0x0000006493400000,0x0000006493500000) (1024K)]
  0x000002306be3e940 JavaThread "Common-Cleaner"             daemon [_thread_blocked, id=19136, stack(0x0000006493c00000,0x0000006493d00000) (1024K)]
  0x000002306bf57030 JavaThread "Reference Handler"          daemon [_thread_blocked, id=23496, stack(0x0000006493d00000,0x0000006493e00000) (1024K)]
  0x000002306bf93da0 JavaThread "Finalizer"                  daemon [_thread_blocked, id=3328, stack(0x0000006493e00000,0x0000006493f00000) (1024K)]
  0x000002306bf9fe20 JavaThread "Signal Dispatcher"          daemon [_thread_blocked, id=16064, stack(0x0000006493f00000,0x0000006494000000) (1024K)]
  0x000002306bfa8b70 JavaThread "Attach Listener"            daemon [_thread_blocked, id=436, stack(0x0000006494000000,0x0000006494100000) (1024K)]
  0x000002306bfab410 JavaThread "Service Thread"             daemon [_thread_blocked, id=23052, stack(0x0000006494100000,0x0000006494200000) (1024K)]
  0x000002306bf8f900 JavaThread "Monitor Deflation Thread"   daemon [_thread_blocked, id=2832, stack(0x0000006494200000,0x0000006494300000) (1024K)]
  0x000002306bfacd10 JavaThread "C2 CompilerThread0"         daemon [_thread_in_native, id=15132, stack(0x0000006494300000,0x0000006494400000) (1024K)]
  0x000002306bfbe340 JavaThread "C1 CompilerThread0"         daemon [_thread_blocked, id=9972, stack(0x0000006494400000,0x0000006494500000) (1024K)]
  0x000002306c13d640 JavaThread "C1 CompilerThread1"         daemon [_thread_blocked, id=4636, stack(0x0000006494500000,0x0000006494600000) (1024K)]
  0x000002306c14bce0 JavaThread "C1 CompilerThread2"         daemon [_thread_blocked, id=3880, stack(0x0000006494600000,0x0000006494700000) (1024K)]
  0x000002306bf8f270 JavaThread "Notification Thread"        daemon [_thread_blocked, id=15524, stack(0x0000006494700000,0x0000006494800000) (1024K)]
=>0x000002306c4aae60 JavaThread "C2 CompilerThread1"         daemon [_thread_in_native, id=11044, stack(0x0000006494800000,0x0000006494900000) (1024K)]
  0x000002306c6f21f0 JavaThread "C2 CompilerThread2"         daemon [_thread_in_native, id=8340, stack(0x0000006494900000,0x0000006494a00000) (1024K)]
  0x0000023072bf5e20 JavaThread "C1 CompilerThread3"         daemon [_thread_blocked, id=21780, stack(0x0000006495000000,0x0000006495100000) (1024K)]
  0x000002306bf92060 JavaThread "Daemon health stats"               [_thread_blocked, id=8572, stack(0x0000006495100000,0x0000006495200000) (1024K)]
  0x000002306bf926f0 JavaThread "Incoming local TCP Connector on port 53738"        [_thread_in_native, id=2192, stack(0x0000006495200000,0x0000006495300000) (1024K)]
  0x000002306bf90620 JavaThread "Daemon periodic checks"            [_thread_blocked, id=17428, stack(0x0000006495300000,0x0000006495400000) (1024K)]
  0x000002306bf919d0 JavaThread "Daemon"                            [_thread_blocked, id=18712, stack(0x0000006495400000,0x0000006495500000) (1024K)]
  0x000002306bf91340 JavaThread "Handler for socket connection from /127.0.0.1:53738 to /127.0.0.1:53739"        [_thread_in_native, id=19776, stack(0x0000006495500000,0x0000006495600000) (1024K)]
  0x00000230731434f0 JavaThread "Cancel handler"                    [_thread_blocked, id=5504, stack(0x0000006495600000,0x0000006495700000) (1024K)]
  0x0000023073141420 JavaThread "Daemon worker"                     [_thread_blocked, id=9544, stack(0x0000006496000000,0x0000006496100000) (1024K)]
  0x0000023073142e60 JavaThread "Asynchronous log dispatcher for DefaultDaemonConnection: socket connection from /127.0.0.1:53738 to /127.0.0.1:53739"        [_thread_blocked, id=428, stack(0x0000006496100000,0x0000006496200000) (1024K)]
  0x0000023073140070 JavaThread "Stdin handler"                     [_thread_blocked, id=7776, stack(0x0000006496200000,0x0000006496300000) (1024K)]
  0x0000023073140d90 JavaThread "Daemon client event forwarder"        [_thread_blocked, id=20144, stack(0x0000006496300000,0x0000006496400000) (1024K)]
  0x0000023073141ab0 JavaThread "Cache worker for journal cache (C:\Users\umesh\.gradle\caches\journal-1)"        [_thread_blocked, id=17512, stack(0x0000006496400000,0x0000006496500000) (1024K)]
  0x00000230731455c0 JavaThread "File lock request listener"        [_thread_in_native, id=8152, stack(0x0000006496500000,0x0000006496600000) (1024K)]
  0x0000023073143b80 JavaThread "Cache worker for file hash cache (C:\Users\umesh\.gradle\caches\9.2.1\fileHashes)"        [_thread_blocked, id=2044, stack(0x0000006496600000,0x0000006496700000) (1024K)]
  0x00000230731427d0 JavaThread "Cache worker for file hash cache (E:\MyPersonalProjects\CafeHaze\.gradle\9.2.1\fileHashes)"        [_thread_blocked, id=22276, stack(0x0000006494f00000,0x0000006495000000) (1024K)]
  0x00000230731462e0 JavaThread "Cache worker for Build Output Cleanup Cache (E:\MyPersonalProjects\CafeHaze\.gradle\buildOutputCleanup)"        [_thread_blocked, id=5184, stack(0x0000006496700000,0x0000006496800000) (1024K)]
  0x0000023073146970 JavaThread "File watcher server"        daemon [_thread_in_native, id=16536, stack(0x0000006496800000,0x0000006496900000) (1024K)]
  0x0000023073147000 JavaThread "File watcher consumer"      daemon [_thread_blocked, id=21328, stack(0x0000006496900000,0x0000006496a00000) (1024K)]
  0x0000023073147690 JavaThread "Cache worker for checksums cache (E:\MyPersonalProjects\CafeHaze\.gradle\9.2.1\checksums)"        [_thread_blocked, id=23204, stack(0x0000006496a00000,0x0000006496b00000) (1024K)]
  0x0000023075675f00 JavaThread "Cache worker for file content cache (C:\Users\umesh\.gradle\caches\9.2.1\fileContent)"        [_thread_blocked, id=15724, stack(0x0000006496b00000,0x0000006496c00000) (1024K)]
  0x0000023075676590 JavaThread "Cache worker for cache directory md-supplier (C:\Users\umesh\.gradle\caches\9.2.1\md-supplier)"        [_thread_blocked, id=6716, stack(0x0000006496c00000,0x0000006496d00000) (1024K)]
  0x0000023075677fd0 JavaThread "Cache worker for cache directory md-rule (C:\Users\umesh\.gradle\caches\9.2.1\md-rule)"        [_thread_blocked, id=15412, stack(0x0000006496d00000,0x0000006496e00000) (1024K)]
  0x000002307567a0a0 JavaThread "jar transforms"                    [_thread_blocked, id=20116, stack(0x0000006496e00000,0x0000006496f00000) (1024K)]
  0x0000023075679a10 JavaThread "jar transforms Thread 2"           [_thread_blocked, id=14172, stack(0x0000006496f00000,0x0000006497000000) (1024K)]
  0x0000023075678660 JavaThread "jar transforms Thread 3"           [_thread_blocked, id=10216, stack(0x0000006497200000,0x0000006497300000) (1024K)]
  0x0000023075677940 JavaThread "Unconstrained build operations"        [_thread_blocked, id=8244, stack(0x0000006497300000,0x0000006497400000) (1024K)]
  0x000002307567b450 JavaThread "Unconstrained build operations Thread 2"        [_thread_blocked, id=19832, stack(0x0000006497400000,0x0000006497500000) (1024K)]
  0x000002307567bae0 JavaThread "Unconstrained build operations Thread 3"        [_thread_blocked, id=5144, stack(0x0000006497500000,0x0000006497600000) (1024K)]
  0x000002307567c170 JavaThread "Unconstrained build operations Thread 4"        [_thread_in_Java, id=4132, stack(0x0000006497600000,0x0000006497700000) (1024K)]
  0x000002307567c800 JavaThread "Unconstrained build operations Thread 5"        [_thread_blocked, id=22092, stack(0x0000006497700000,0x0000006497800000) (1024K)]
  0x0000023075679380 JavaThread "Unconstrained build operations Thread 6"        [_thread_blocked, id=7160, stack(0x0000006497800000,0x0000006497900000) (1024K)]
  0x000002307567ce90 JavaThread "Unconstrained build operations Thread 7"        [_thread_blocked, id=19720, stack(0x0000006497900000,0x0000006497a00000) (1024K)]
  0x000002307567d520 JavaThread "Unconstrained build operations Thread 8"        [_thread_blocked, id=22028, stack(0x0000006497a00000,0x0000006497b00000) (1024K)]
  0x00000230756a60d0 JavaThread "Unconstrained build operations Thread 9"        [_thread_in_native, id=21776, stack(0x0000006497b00000,0x0000006497c00000) (1024K)]
  0x00000230756a6df0 JavaThread "Unconstrained build operations Thread 10"        [_thread_blocked, id=17944, stack(0x0000006497c00000,0x0000006497d00000) (1024K)]
  0x00000230756a6760 JavaThread "Unconstrained build operations Thread 11"        [_thread_blocked, id=7624, stack(0x0000006497d00000,0x0000006497e00000) (1024K)]
  0x00000230756a7b10 JavaThread "Unconstrained build operations Thread 12"        [_thread_blocked, id=18532, stack(0x0000006497e00000,0x0000006497f00000) (1024K)]
  0x00000230756a5a40 JavaThread "Unconstrained build operations Thread 13"        [_thread_blocked, id=15280, stack(0x0000006497f00000,0x0000006498000000) (1024K)]
  0x00000230756a53b0 JavaThread "Unconstrained build operations Thread 14"        [_thread_blocked, id=23412, stack(0x0000006498000000,0x0000006498100000) (1024K)]
  0x00000230756a7480 JavaThread "Unconstrained build operations Thread 15"        [_thread_blocked, id=22688, stack(0x0000006498100000,0x0000006498200000) (1024K)]
  0x00000230756a4690 JavaThread "Unconstrained build operations Thread 16"        [_thread_in_native, id=8592, stack(0x0000006498200000,0x0000006498300000) (1024K)]
  0x00000230756a81a0 JavaThread "Unconstrained build operations Thread 17"        [_thread_blocked, id=17748, stack(0x0000006498300000,0x0000006498400000) (1024K)]
  0x00000230756a4d20 JavaThread "Unconstrained build operations Thread 18"        [_thread_blocked, id=21372, stack(0x0000006498400000,0x0000006498500000) (1024K)]
  0x00000230756a9550 JavaThread "Unconstrained build operations Thread 19"        [_thread_blocked, id=15804, stack(0x0000006498500000,0x0000006498600000) (1024K)]
  0x00000230756ab620 JavaThread "Unconstrained build operations Thread 20"        [_thread_blocked, id=23428, stack(0x0000006498600000,0x0000006498700000) (1024K)]
  0x00000230756abcb0 JavaThread "jar transforms Thread 4"           [_thread_blocked, id=23312, stack(0x0000006498700000,0x0000006498800000) (1024K)]
  0x00000230756a8830 JavaThread "jar transforms Thread 5"           [_thread_blocked, id=18832, stack(0x0000006498800000,0x0000006498900000) (1024K)]
  0x00000230756a8ec0 JavaThread "Unconstrained build operations Thread 21"        [_thread_blocked, id=21036, stack(0x0000006498900000,0x0000006498a00000) (1024K)]
  0x00000230756a9be0 JavaThread "Unconstrained build operations Thread 22"        [_thread_blocked, id=11960, stack(0x0000006498a00000,0x0000006498b00000) (1024K)]
  0x00000230756aa900 JavaThread "Unconstrained build operations Thread 23"        [_thread_blocked, id=13644, stack(0x0000006498b00000,0x0000006498c00000) (1024K)]
  0x00000230756aa270 JavaThread "Unconstrained build operations Thread 24"        [_thread_blocked, id=4928, stack(0x0000006498c00000,0x0000006498d00000) (1024K)]
  0x00000230756aaf90 JavaThread "Unconstrained build operations Thread 25"        [_thread_blocked, id=18100, stack(0x0000006498d00000,0x0000006498e00000) (1024K)]
  0x000002307726a570 JavaThread "Unconstrained build operations Thread 26"        [_thread_blocked, id=7500, stack(0x0000006498e00000,0x0000006498f00000) (1024K)]
  0x0000023077269ee0 JavaThread "Unconstrained build operations Thread 27"        [_thread_blocked, id=19056, stack(0x0000006498f00000,0x0000006499000000) (1024K)]
  0x000002307726b290 JavaThread "Unconstrained build operations Thread 28"        [_thread_blocked, id=21368, stack(0x0000006499000000,0x0000006499100000) (1024K)]
  0x000002307726ac00 JavaThread "Unconstrained build operations Thread 29"        [_thread_blocked, id=22144, stack(0x0000006499100000,0x0000006499200000) (1024K)]
  0x000002307726b920 JavaThread "Unconstrained build operations Thread 30"        [_thread_blocked, id=20516, stack(0x0000006499200000,0x0000006499300000) (1024K)]
  0x00000230772691c0 JavaThread "jar transforms Thread 6"           [_thread_blocked, id=1652, stack(0x0000006499300000,0x0000006499400000) (1024K)]
  0x000002307726bfb0 JavaThread "jar transforms Thread 7"           [_thread_blocked, id=21824, stack(0x0000006499400000,0x0000006499500000) (1024K)]
  0x0000023077268b30 JavaThread "jar transforms Thread 8"           [_thread_blocked, id=19704, stack(0x0000006499500000,0x0000006499600000) (1024K)]
  0x000002307726ccd0 JavaThread "Unconstrained build operations Thread 31"        [_thread_blocked, id=13552, stack(0x0000006499600000,0x0000006499700000) (1024K)]
  0x0000023077269850 JavaThread "Unconstrained build operations Thread 32"        [_thread_blocked, id=22584, stack(0x0000006499700000,0x0000006499800000) (1024K)]
  0x000002307726e080 JavaThread "Unconstrained build operations Thread 33"        [_thread_blocked, id=14208, stack(0x0000006499800000,0x0000006499900000) (1024K)]
  0x000002307726e710 JavaThread "Unconstrained build operations Thread 34"        [_thread_blocked, id=22924, stack(0x0000006497100000,0x0000006497200000) (1024K)]
  0x000002307726fac0 JavaThread "Unconstrained build operations Thread 35"        [_thread_blocked, id=22136, stack(0x0000006499900000,0x0000006499a00000) (1024K)]
  0x0000023077270150 JavaThread "Unconstrained build operations Thread 36"        [_thread_blocked, id=2300, stack(0x0000006499a00000,0x0000006499b00000) (1024K)]
  0x000002307719a7d0 JavaThread "Unconstrained build operations Thread 37"        [_thread_blocked, id=22960, stack(0x0000006499b00000,0x0000006499c00000) (1024K)]
  0x000002307719a140 JavaThread "Unconstrained build operations Thread 38"        [_thread_blocked, id=20696, stack(0x0000006499c00000,0x0000006499d00000) (1024K)]
  0x000002307719ae60 JavaThread "Unconstrained build operations Thread 39"        [_thread_blocked, id=13632, stack(0x0000006499d00000,0x0000006499e00000) (1024K)]
  0x0000023077199420 JavaThread "Unconstrained build operations Thread 40"        [_thread_blocked, id=21600, stack(0x0000006499e00000,0x0000006499f00000) (1024K)]
  0x000002307719b4f0 JavaThread "Unconstrained build operations Thread 41"        [_thread_blocked, id=2480, stack(0x0000006499f00000,0x000000649a000000) (1024K)]
  0x0000023077199ab0 JavaThread "Unconstrained build operations Thread 42"        [_thread_blocked, id=16404, stack(0x000000649a000000,0x000000649a100000) (1024K)]
  0x0000023077198070 JavaThread "Unconstrained build operations Thread 43"        [_thread_blocked, id=16228, stack(0x000000649a100000,0x000000649a200000) (1024K)]
  0x000002307719bb80 JavaThread "Unconstrained build operations Thread 44"        [_thread_blocked, id=16116, stack(0x000000649a200000,0x000000649a300000) (1024K)]
  0x0000023077198d90 JavaThread "Unconstrained build operations Thread 45"        [_thread_blocked, id=13932, stack(0x000000649a300000,0x000000649a400000) (1024K)]
  0x0000023077198700 JavaThread "Unconstrained build operations Thread 46"        [_thread_blocked, id=22184, stack(0x000000649a400000,0x000000649a500000) (1024K)]
  0x000002307719e2e0 JavaThread "Unconstrained build operations Thread 47"        [_thread_blocked, id=23084, stack(0x000000649a500000,0x000000649a600000) (1024K)]
  0x000002307719d5c0 JavaThread "Unconstrained build operations Thread 48"        [_thread_blocked, id=19336, stack(0x000000649a600000,0x000000649a700000) (1024K)]
  0x000002307719cf30 JavaThread "Unconstrained build operations Thread 49"        [_thread_blocked, id=18976, stack(0x000000649a700000,0x000000649a800000) (1024K)]
  0x000002307719f000 JavaThread "Unconstrained build operations Thread 50"        [_thread_blocked, id=12444, stack(0x000000649a800000,0x000000649a900000) (1024K)]
  0x000002307719e970 JavaThread "Unconstrained build operations Thread 51"        [_thread_blocked, id=16028, stack(0x000000649a900000,0x000000649aa00000) (1024K)]
  0x000002307719f690 JavaThread "Unconstrained build operations Thread 52"        [_thread_blocked, id=21872, stack(0x000000649aa00000,0x000000649ab00000) (1024K)]
  0x000002307719dc50 JavaThread "Unconstrained build operations Thread 53"        [_thread_blocked, id=16592, stack(0x000000649ab00000,0x000000649ac00000) (1024K)]
  0x000002307719c210 JavaThread "Unconstrained build operations Thread 54"        [_thread_blocked, id=10964, stack(0x000000649ac00000,0x000000649ad00000) (1024K)]
  0x000002307719c8a0 JavaThread "Unconstrained build operations Thread 55"        [_thread_blocked, id=22352, stack(0x000000649ad00000,0x000000649ae00000) (1024K)]
  0x00000230774927d0 JavaThread "Unconstrained build operations Thread 56"        [_thread_blocked, id=23416, stack(0x000000649ae00000,0x000000649af00000) (1024K)]
  0x0000023077491420 JavaThread "Unconstrained build operations Thread 57"        [_thread_blocked, id=21848, stack(0x000000649af00000,0x000000649b000000) (1024K)]
  0x0000023077492e60 JavaThread "Unconstrained build operations Thread 58"        [_thread_blocked, id=15480, stack(0x000000649b000000,0x000000649b100000) (1024K)]
  0x00000230774934f0 JavaThread "Unconstrained build operations Thread 59"        [_thread_blocked, id=9732, stack(0x000000649b100000,0x000000649b200000) (1024K)]
  0x0000023077490d90 JavaThread "Unconstrained build operations Thread 60"        [_thread_blocked, id=21576, stack(0x000000649b200000,0x000000649b300000) (1024K)]
  0x0000023077490070 JavaThread "Unconstrained build operations Thread 61"        [_thread_blocked, id=4512, stack(0x000000649b300000,0x000000649b400000) (1024K)]
  0x0000023077490700 JavaThread "Unconstrained build operations Thread 62"        [_thread_blocked, id=8148, stack(0x000000649b400000,0x000000649b500000) (1024K)]
  0x0000023077491ab0 JavaThread "Unconstrained build operations Thread 63"        [_thread_blocked, id=22244, stack(0x000000649b500000,0x000000649b600000) (1024K)]
  0x0000023077492140 JavaThread "Unconstrained build operations Thread 64"        [_thread_blocked, id=19112, stack(0x000000649b600000,0x000000649b700000) (1024K)]
  0x0000023078e6c5e0 JavaThread "Unconstrained build operations Thread 65"        [_thread_blocked, id=14648, stack(0x000000649b700000,0x000000649b800000) (1024K)]
  0x0000023078e6bf50 JavaThread "Unconstrained build operations Thread 66"        [_thread_blocked, id=16440, stack(0x000000649b800000,0x000000649b900000) (1024K)]
  0x0000023078e6b8c0 JavaThread "Unconstrained build operations Thread 67"        [_thread_blocked, id=21684, stack(0x000000649b900000,0x000000649ba00000) (1024K)]
  0x0000023078e6e020 JavaThread "Unconstrained build operations Thread 68"        [_thread_blocked, id=19660, stack(0x000000649ba00000,0x000000649bb00000) (1024K)]
  0x0000023078e6fa60 JavaThread "Unconstrained build operations Thread 69"        [_thread_blocked, id=15080, stack(0x000000649bb00000,0x000000649bc00000) (1024K)]
  0x0000023078e700f0 JavaThread "Unconstrained build operations Thread 70"        [_thread_blocked, id=15096, stack(0x000000649bc00000,0x000000649bd00000) (1024K)]
  0x0000023078e6d300 JavaThread "Unconstrained build operations Thread 71"        [_thread_blocked, id=20264, stack(0x000000649bd00000,0x000000649be00000) (1024K)]
  0x0000023078e6cc70 JavaThread "Unconstrained build operations Thread 72"        [_thread_blocked, id=18652, stack(0x000000649be00000,0x000000649bf00000) (1024K)]
  0x0000023078e70780 JavaThread "Unconstrained build operations Thread 73"        [_thread_blocked, id=18708, stack(0x000000649bf00000,0x000000649c000000) (1024K)]
  0x0000023078e6d990 JavaThread "Unconstrained build operations Thread 74"        [_thread_blocked, id=14608, stack(0x000000649c000000,0x000000649c100000) (1024K)]
  0x0000023078e70e10 JavaThread "Unconstrained build operations Thread 75"        [_thread_blocked, id=20156, stack(0x000000649c100000,0x000000649c200000) (1024K)]
  0x0000023078e714a0 JavaThread "Unconstrained build operations Thread 76"        [_thread_blocked, id=5040, stack(0x000000649c200000,0x000000649c300000) (1024K)]
  0x0000023078e6ed40 JavaThread "Unconstrained build operations Thread 77"        [_thread_blocked, id=22368, stack(0x000000649c300000,0x000000649c400000) (1024K)]
  0x0000023078e6f3d0 JavaThread "Unconstrained build operations Thread 78"        [_thread_blocked, id=6184, stack(0x000000649c400000,0x000000649c500000) (1024K)]
  0x0000023077b0b610 JavaThread "build event listener"              [_thread_blocked, id=3608, stack(0x000000649c500000,0x000000649c600000) (1024K)]
  0x0000023077b09bd0 JavaThread "Memory manager"                    [_thread_blocked, id=15868, stack(0x0000006497000000,0x0000006497100000) (1024K)]
  0x0000023077b0c330 JavaThread "build event listener"              [_thread_blocked, id=13696, stack(0x000000649c600000,0x000000649c700000) (1024K)]
  0x0000023077b0d6e0 JavaThread "build event listener"              [_thread_blocked, id=22656, stack(0x000000649c700000,0x000000649c800000) (1024K)]
  0x0000023077519da0 JavaThread "C2 CompilerThread3"         daemon [_thread_in_native, id=16332, stack(0x000000649c800000,0x000000649c900000) (1024K)]
  0x000002307751ab40 JavaThread "C2 CompilerThread4"         daemon [_thread_in_native, id=18252, stack(0x000000649c900000,0x000000649ca00000) (1024K)]
  0x000002307751c680 JavaThread "C2 CompilerThread5"         daemon [_thread_blocked, id=19188, stack(0x000000649ca00000,0x000000649cb00000) (1024K)]
  0x0000023078f4a940 JavaThread "included builds"                   [_thread_blocked, id=11416, stack(0x000000649cb00000,0x000000649cc00000) (1024K)]
  0x0000023078f4afd0 JavaThread "Execution worker"                  [_thread_blocked, id=17900, stack(0x000000649cc00000,0x000000649cd00000) (1024K)]
  0x0000023078f4b660 JavaThread "Execution worker Thread 2"         [_thread_blocked, id=19436, stack(0x000000649cd00000,0x000000649ce00000) (1024K)]
  0x0000023078f49590 JavaThread "Execution worker Thread 3"         [_thread_blocked, id=10020, stack(0x000000649ce00000,0x000000649cf00000) (1024K)]
  0x0000023078f49c20 JavaThread "Execution worker Thread 4"         [_thread_blocked, id=8100, stack(0x000000649cf00000,0x000000649d000000) (1024K)]
  0x0000023078f48870 JavaThread "Execution worker Thread 5"         [_thread_blocked, id=23420, stack(0x000000649d000000,0x000000649d100000) (1024K)]
  0x0000023078f4c380 JavaThread "Execution worker Thread 6"         [_thread_blocked, id=2496, stack(0x000000649d100000,0x000000649d200000) (1024K)]
  0x0000023078f48f00 JavaThread "Execution worker Thread 7"         [_thread_blocked, id=10528, stack(0x000000649d200000,0x000000649d300000) (1024K)]
  0x0000023078f4eae0 JavaThread "Execution worker Thread 8"         [_thread_blocked, id=19548, stack(0x000000649d300000,0x000000649d400000) (1024K)]
  0x0000023078f4e450 JavaThread "Execution worker Thread 9"         [_thread_blocked, id=13600, stack(0x000000649d400000,0x000000649d500000) (1024K)]
  0x0000023078f4f170 JavaThread "Execution worker Thread 10"        [_thread_blocked, id=21880, stack(0x000000649d500000,0x000000649d600000) (1024K)]
  0x0000023078f4ddc0 JavaThread "Execution worker Thread 11"        [_thread_blocked, id=23512, stack(0x000000649d600000,0x000000649d700000) (1024K)]
  0x0000023078f4bcf0 JavaThread "Execution worker Thread 12"        [_thread_blocked, id=19128, stack(0x000000649d700000,0x000000649d800000) (1024K)]
  0x0000023078f4d0a0 JavaThread "Execution worker Thread 13"        [_thread_blocked, id=20092, stack(0x000000649d800000,0x000000649d900000) (1024K)]
  0x0000023078f4ca10 JavaThread "Execution worker Thread 14"        [_thread_blocked, id=7824, stack(0x000000649d900000,0x000000649da00000) (1024K)]
  0x0000023078f4d730 JavaThread "Execution worker Thread 15"        [_thread_blocked, id=6216, stack(0x000000649da00000,0x000000649db00000) (1024K)]
  0x0000023078e6e6b0 JavaThread "Cache worker for execution history cache (E:\MyPersonalProjects\CafeHaze\.gradle\9.2.1\executionHistory)"        [_thread_blocked, id=16784, stack(0x000000649db00000,0x000000649dc00000) (1024K)]
  0x0000023078e72ee0 JavaThread "Unconstrained build operations Thread 79"        [_thread_blocked, id=6236, stack(0x000000649dc00000,0x000000649dd00000) (1024K)]
  0x000002306bf8ff90 JavaThread "Unconstrained build operations Thread 80"        [_thread_blocked, id=17828, stack(0x000000649dd00000,0x000000649de00000) (1024K)]
  0x0000023077b0f7b0 JavaThread "Unconstrained build operations Thread 81"        [_thread_blocked, id=22160, stack(0x000000649de00000,0x000000649df00000) (1024K)]
  0x000002307e11e050 JavaThread "Unconstrained build operations Thread 82"        [_thread_blocked, id=9920, stack(0x000000649df00000,0x000000649e000000) (1024K)]
  0x000002307e11e6e0 JavaThread "Unconstrained build operations Thread 83"        [_thread_blocked, id=23272, stack(0x000000649e000000,0x000000649e100000) (1024K)]
  0x000002307e11f400 JavaThread "Unconstrained build operations Thread 84"        [_thread_blocked, id=21596, stack(0x000000649e100000,0x000000649e200000) (1024K)]
  0x000002307e11fa90 JavaThread "Unconstrained build operations Thread 85"        [_thread_blocked, id=9036, stack(0x000000649e200000,0x000000649e300000) (1024K)]
  0x000002307e120120 JavaThread "Unconstrained build operations Thread 86"        [_thread_blocked, id=22436, stack(0x000000649e300000,0x000000649e400000) (1024K)]
  0x000002307e11cca0 JavaThread "Unconstrained build operations Thread 87"        [_thread_blocked, id=23192, stack(0x000000649e400000,0x000000649e500000) (1024K)]
  0x000002307e1207b0 JavaThread "Unconstrained build operations Thread 88"        [_thread_blocked, id=17424, stack(0x000000649e500000,0x000000649e600000) (1024K)]
  0x000002307e11ed70 JavaThread "Unconstrained build operations Thread 89"        [_thread_blocked, id=16732, stack(0x000000649e600000,0x000000649e700000) (1024K)]
  0x000002307e11d330 JavaThread "Unconstrained build operations Thread 90"        [_thread_blocked, id=23276, stack(0x000000649e700000,0x000000649e800000) (1024K)]
  0x000002307e11d9c0 JavaThread "Unconstrained build operations Thread 91"        [_thread_blocked, id=16252, stack(0x000000649e800000,0x000000649e900000) (1024K)]
  0x000002307e121b60 JavaThread "Unconstrained build operations Thread 92"        [_thread_blocked, id=20976, stack(0x000000649e900000,0x000000649ea00000) (1024K)]
  0x000002307e1221f0 JavaThread "Unconstrained build operations Thread 93"        [_thread_blocked, id=5444, stack(0x000000649ea00000,0x000000649eb00000) (1024K)]
  0x000002307e122f10 JavaThread "Unconstrained build operations Thread 94"        [_thread_blocked, id=7612, stack(0x000000649eb00000,0x000000649ec00000) (1024K)]
  0x0000023078f26180 JavaThread "Unconstrained build operations Thread 95"        [_thread_blocked, id=19532, stack(0x000000649ec00000,0x000000649ed00000) (1024K)]
  0x0000023078f27530 JavaThread "Unconstrained build operations Thread 96"        [_thread_blocked, id=20176, stack(0x000000649ed00000,0x000000649ee00000) (1024K)]
  0x0000023078f26810 JavaThread "Unconstrained build operations Thread 97"        [_thread_blocked, id=22856, stack(0x000000649ee00000,0x000000649ef00000) (1024K)]
  0x0000023078f26ea0 JavaThread "Unconstrained build operations Thread 98"        [_thread_blocked, id=18968, stack(0x000000649ef00000,0x000000649f000000) (1024K)]
  0x0000023078f25af0 JavaThread "Unconstrained build operations Thread 99"        [_thread_blocked, id=3696, stack(0x000000649f000000,0x000000649f100000) (1024K)]
  0x0000023078f27bc0 JavaThread "Unconstrained build operations Thread 100"        [_thread_blocked, id=18716, stack(0x000000649f100000,0x000000649f200000) (1024K)]
  0x0000023078f288e0 JavaThread "Unconstrained build operations Thread 101"        [_thread_blocked, id=19840, stack(0x000000649f200000,0x000000649f300000) (1024K)]
  0x0000023078f25460 JavaThread "Unconstrained build operations Thread 102"        [_thread_blocked, id=18012, stack(0x000000649f300000,0x000000649f400000) (1024K)]
  0x0000023078f2bd60 JavaThread "Unconstrained build operations Thread 103"        [_thread_blocked, id=20456, stack(0x000000649f400000,0x000000649f500000) (1024K)]
  0x0000023078f2a9b0 JavaThread "Unconstrained build operations Thread 104"        [_thread_blocked, id=20216, stack(0x000000649f500000,0x000000649f600000) (1024K)]
  0x0000023078f29600 JavaThread "Unconstrained build operations Thread 105"        [_thread_blocked, id=20208, stack(0x000000649f600000,0x000000649f700000) (1024K)]
  0x0000023078f2a320 JavaThread "Unconstrained build operations Thread 106"        [_thread_blocked, id=21008, stack(0x000000649f700000,0x000000649f800000) (1024K)]
  0x0000023078f2b040 JavaThread "Unconstrained build operations Thread 107"        [_thread_blocked, id=19780, stack(0x000000649f800000,0x000000649f900000) (1024K)]
  0x0000023078f29c90 JavaThread "Unconstrained build operations Thread 108"        [_thread_blocked, id=9912, stack(0x000000649f900000,0x000000649fa00000) (1024K)]
  0x0000023078f2b6d0 JavaThread "Unconstrained build operations Thread 109"        [_thread_blocked, id=7820, stack(0x000000649fa00000,0x000000649fb00000) (1024K)]
  0x0000023078f24dd0 JavaThread "Unconstrained build operations Thread 110"        [_thread_blocked, id=5308, stack(0x000000649fb00000,0x000000649fc00000) (1024K)]
  0x0000023078f2c3f0 JavaThread "Unconstrained build operations Thread 111"        [_thread_blocked, id=13688, stack(0x000000649fc00000,0x000000649fd00000) (1024K)]
  0x0000023078f28f70 JavaThread "Unconstrained build operations Thread 112"        [_thread_blocked, id=15904, stack(0x000000649fd00000,0x000000649fe00000) (1024K)]
  0x0000023078f2ca80 JavaThread "Unconstrained build operations Thread 113"        [_thread_blocked, id=19344, stack(0x000000649fe00000,0x000000649ff00000) (1024K)]
  0x0000023078f2d7a0 JavaThread "Unconstrained build operations Thread 114"        [_thread_blocked, id=17964, stack(0x000000649ff00000,0x00000064a0000000) (1024K)]
  0x0000023078f2de30 JavaThread "Unconstrained build operations Thread 115"        [_thread_blocked, id=8204, stack(0x00000064a0000000,0x00000064a0100000) (1024K)]
  0x0000023078f30590 JavaThread "Unconstrained build operations Thread 116"        [_thread_blocked, id=19884, stack(0x00000064a0100000,0x00000064a0200000) (1024K)]
  0x0000023078f2ff00 JavaThread "Unconstrained build operations Thread 117"        [_thread_blocked, id=11392, stack(0x00000064a0200000,0x00000064a0300000) (1024K)]
  0x0000023078f2f870 JavaThread "Unconstrained build operations Thread 118"        [_thread_blocked, id=16220, stack(0x00000064a0300000,0x00000064a0400000) (1024K)]
  0x0000023078f2f1e0 JavaThread "Unconstrained build operations Thread 119"        [_thread_blocked, id=20232, stack(0x00000064a0400000,0x00000064a0500000) (1024K)]
  0x0000023078f2eb50 JavaThread "Unconstrained build operations Thread 120"        [_thread_blocked, id=18840, stack(0x00000064a0500000,0x00000064a0600000) (1024K)]
  0x0000023078f2e4c0 JavaThread "Unconstrained build operations Thread 121"        [_thread_blocked, id=18704, stack(0x00000064a0600000,0x00000064a0700000) (1024K)]
  0x0000023078f2d110 JavaThread "Unconstrained build operations Thread 122"        [_thread_blocked, id=5356, stack(0x00000064a0700000,0x00000064a0800000) (1024K)]
  0x0000023078f32660 JavaThread "Unconstrained build operations Thread 123"        [_thread_blocked, id=16736, stack(0x00000064a0800000,0x00000064a0900000) (1024K)]
  0x0000023078f31940 JavaThread "Unconstrained build operations Thread 124"        [_thread_blocked, id=10032, stack(0x00000064a0900000,0x00000064a0a00000) (1024K)]
  0x0000023078f340a0 JavaThread "Unconstrained build operations Thread 125"        [_thread_blocked, id=5104, stack(0x00000064a0a00000,0x00000064a0b00000) (1024K)]
  0x0000023078f312b0 JavaThread "Unconstrained build operations Thread 126"        [_thread_blocked, id=7288, stack(0x00000064a0b00000,0x00000064a0c00000) (1024K)]
  0x0000023078f31fd0 JavaThread "Unconstrained build operations Thread 127"        [_thread_blocked, id=23408, stack(0x00000064a0c00000,0x00000064a0d00000) (1024K)]
  0x0000023078f33380 JavaThread "Unconstrained build operations Thread 128"        [_thread_blocked, id=15276, stack(0x00000064a0d00000,0x00000064a0e00000) (1024K)]
  0x0000023078f32cf0 JavaThread "Unconstrained build operations Thread 129"        [_thread_blocked, id=17956, stack(0x00000064a0e00000,0x00000064a0f00000) (1024K)]
  0x0000023078f33a10 JavaThread "Unconstrained build operations Thread 130"        [_thread_blocked, id=12456, stack(0x00000064a0f00000,0x00000064a1000000) (1024K)]
  0x0000023078f30c20 JavaThread "Unconstrained build operations Thread 131"        [_thread_blocked, id=19916, stack(0x00000064a1000000,0x00000064a1100000) (1024K)]
  0x000002307e124950 JavaThread "Unconstrained build operations Thread 132"        [_thread_blocked, id=14580, stack(0x00000064a1100000,0x00000064a1200000) (1024K)]
  0x000002307e1214d0 JavaThread "WorkerExecutor Queue"              [_thread_in_native, id=19872, stack(0x00000064a1200000,0x00000064a1300000) (1024K)]
  0x000002307e123c30 JavaThread "Unconstrained build operations Thread 133"        [_thread_blocked, id=22812, stack(0x00000064a1300000,0x00000064a1400000) (1024K)]
  0x000002307e128460 JavaThread "Unconstrained build operations Thread 134"        [_thread_blocked, id=23248, stack(0x00000064a1400000,0x00000064a1500000) (1024K)]
  0x000002307e127dd0 JavaThread "Unconstrained build operations Thread 135"        [_thread_blocked, id=20736, stack(0x00000064a1500000,0x00000064a1600000) (1024K)]
  0x000002307e126390 JavaThread "Unconstrained build operations Thread 136"        [_thread_blocked, id=12240, stack(0x00000064a1600000,0x00000064a1700000) (1024K)]
  0x000002307e128af0 JavaThread "Unconstrained build operations Thread 137"        [_thread_blocked, id=2544, stack(0x00000064a1700000,0x00000064a1800000) (1024K)]
  0x000002307e125670 JavaThread "Unconstrained build operations Thread 138"        [_thread_blocked, id=1624, stack(0x00000064a1800000,0x00000064a1900000) (1024K)]
  0x000002307e127740 JavaThread "Unconstrained build operations Thread 139"        [_thread_blocked, id=14740, stack(0x00000064a1900000,0x00000064a1a00000) (1024K)]
  0x000002307e126a20 JavaThread "Unconstrained build operations Thread 140"        [_thread_blocked, id=21992, stack(0x00000064a1a00000,0x00000064a1b00000) (1024K)]
  0x000002307e124fe0 JavaThread "Unconstrained build operations Thread 141"        [_thread_blocked, id=8604, stack(0x00000064a1b00000,0x00000064a1c00000) (1024K)]
  0x000002307e125d00 JavaThread "Unconstrained build operations Thread 142"        [_thread_blocked, id=17856, stack(0x00000064a1c00000,0x00000064a1d00000) (1024K)]
  0x000002307e129810 JavaThread "Unconstrained build operations Thread 143"        [_thread_blocked, id=23124, stack(0x00000064a1d00000,0x00000064a1e00000) (1024K)]
  0x000002307e129ea0 JavaThread "Unconstrained build operations Thread 144"        [_thread_blocked, id=11904, stack(0x00000064a1e00000,0x00000064a1f00000) (1024K)]
  0x000002307e1270b0 JavaThread "Unconstrained build operations Thread 145"        [_thread_blocked, id=10196, stack(0x00000064a1f00000,0x00000064a2000000) (1024K)]
  0x000002307e129180 JavaThread "Unconstrained build operations Thread 146"        [_thread_blocked, id=23544, stack(0x00000064a2000000,0x00000064a2100000) (1024K)]
  0x000002307e12a530 JavaThread "Unconstrained build operations Thread 147"        [_thread_blocked, id=11664, stack(0x00000064a2100000,0x00000064a2200000) (1024K)]
  0x000002307e12abc0 JavaThread "Unconstrained build operations Thread 148"        [_thread_blocked, id=6020, stack(0x00000064a2200000,0x00000064a2300000) (1024K)]
  0x000002307e12b250 JavaThread "Unconstrained build operations Thread 149"        [_thread_blocked, id=19068, stack(0x00000064a2300000,0x00000064a2400000) (1024K)]
  0x000002307e12bf70 JavaThread "Unconstrained build operations Thread 150"        [_thread_blocked, id=20292, stack(0x00000064a2400000,0x00000064a2500000) (1024K)]
  0x0000023075676c20 JavaThread "Unconstrained build operations Thread 151"        [_thread_blocked, id=18104, stack(0x00000064a2500000,0x00000064a2600000) (1024K)]
  0x00000230774f6220 JavaThread "Unconstrained build operations Thread 152"        [_thread_blocked, id=22168, stack(0x00000064a2600000,0x00000064a2700000) (1024K)]
  0x00000230774f68b0 JavaThread "Unconstrained build operations Thread 153"        [_thread_blocked, id=9964, stack(0x00000064a2700000,0x00000064a2800000) (1024K)]
  0x00000230774f3ac0 JavaThread "Unconstrained build operations Thread 154"        [_thread_blocked, id=10892, stack(0x00000064a2800000,0x00000064a2900000) (1024K)]
  0x00000230774f3430 JavaThread "Unconstrained build operations Thread 155"        [_thread_blocked, id=15296, stack(0x00000064a2900000,0x00000064a2a00000) (1024K)]
  0x00000230774f4150 JavaThread "Unconstrained build operations Thread 156"        [_thread_blocked, id=20028, stack(0x00000064a2a00000,0x00000064a2b00000) (1024K)]
  0x00000230774f5500 JavaThread "Unconstrained build operations Thread 157"        [_thread_blocked, id=13608, stack(0x00000064a2b00000,0x00000064a2c00000) (1024K)]
  0x00000230774f6f40 JavaThread "Unconstrained build operations Thread 158"        [_thread_blocked, id=4108, stack(0x00000064a2c00000,0x00000064a2d00000) (1024K)]
  0x00000230774f75d0 JavaThread "Unconstrained build operations Thread 159"        [_thread_blocked, id=11224, stack(0x00000064a2d00000,0x00000064a2e00000) (1024K)]
  0x00000230774f47e0 JavaThread "Unconstrained build operations Thread 160"        [_thread_blocked, id=17484, stack(0x00000064a2e00000,0x00000064a2f00000) (1024K)]
  0x00000230774ff910 JavaThread "RMI Scheduler(0)"           daemon [_thread_blocked, id=4236, stack(0x00000064a2f00000,0x00000064a3000000) (1024K)]
  0x00000230774f7c60 JavaThread "RMI RenewClean-[127.0.0.1:17840,org.jetbrains.kotlin.daemon.common.LoopbackNetworkInterface$ClientLoopbackSocketFactory@21767805]" daemon [_thread_blocked, id=19232, stack(0x00000064a3200000,0x00000064a3300000) (1024K)]
  0x00000230774f82f0 JavaThread "RMI GC Daemon"              daemon [_thread_blocked, id=17896, stack(0x00000064a3300000,0x00000064a3400000) (1024K)]
  0x00000230774f4e70 JavaThread "RMI TCP Accept-0"           daemon [_thread_in_native, id=20064, stack(0x00000064a3400000,0x00000064a3500000) (1024K)]
  0x00000230774f8980 JavaThread "RMI Reaper"                        [_thread_blocked, id=21628, stack(0x00000064a3500000,0x00000064a3600000) (1024K)]
  0x00000230774f9010 JavaThread "RMI TCP Connection(1)-127.0.0.1" daemon [_thread_in_native, id=21832, stack(0x00000064a3600000,0x00000064a3700000) (1024K)]
  0x0000023071a6b4b0 JavaThread "C2 CompilerThread6"         daemon [_thread_in_native, id=13724, stack(0x00000064a3700000,0x00000064a3800000) (1024K)]
  0x0000023071a6c250 JavaThread "C2 CompilerThread7"         daemon [_thread_blocked, id=17840, stack(0x00000064a3800000,0x00000064a3900000) (1024K)]
Total: 238

Other Threads:
  0x000002306bf325e0 VMThread "VM Thread"                           [id=19816, stack(0x0000006493b00000,0x0000006493c00000) (1024K)]
  0x000002306bec19e0 WatcherThread "VM Periodic Task Thread"        [id=11808, stack(0x0000006493a00000,0x0000006493b00000) (1024K)]
  0x0000023051ec4e90 WorkerThread "GC Thread#0"                     [id=14628, stack(0x0000006493500000,0x0000006493600000) (1024K)]
  0x000002306c6f3010 WorkerThread "GC Thread#1"                     [id=17836, stack(0x0000006494a00000,0x0000006494b00000) (1024K)]
  0x000002306c6f33b0 WorkerThread "GC Thread#2"                     [id=6308, stack(0x0000006494b00000,0x0000006494c00000) (1024K)]
  0x000002306ca4f130 WorkerThread "GC Thread#3"                     [id=18360, stack(0x0000006494c00000,0x0000006494d00000) (1024K)]
  0x000002306ca4f4d0 WorkerThread "GC Thread#4"                     [id=16100, stack(0x0000006494d00000,0x0000006494e00000) (1024K)]
  0x000002306c9a0f00 WorkerThread "GC Thread#5"                     [id=8076, stack(0x0000006494e00000,0x0000006494f00000) (1024K)]
  0x0000023071d78500 WorkerThread "GC Thread#6"                     [id=22784, stack(0x0000006495700000,0x0000006495800000) (1024K)]
  0x0000023071d788a0 WorkerThread "GC Thread#7"                     [id=18696, stack(0x0000006495800000,0x0000006495900000) (1024K)]
  0x0000023071d79720 WorkerThread "GC Thread#8"                     [id=14320, stack(0x0000006495900000,0x0000006495a00000) (1024K)]
  0x0000023071d78fe0 WorkerThread "GC Thread#9"                     [id=23372, stack(0x0000006495a00000,0x0000006495b00000) (1024K)]
  0x0000023071d79380 WorkerThread "GC Thread#10"                    [id=22600, stack(0x0000006495b00000,0x0000006495c00000) (1024K)]
  0x0000023071d78160 WorkerThread "GC Thread#11"                    [id=23184, stack(0x0000006495c00000,0x0000006495d00000) (1024K)]
  0x000002307315da70 WorkerThread "GC Thread#12"                    [id=22012, stack(0x0000006495d00000,0x0000006495e00000) (1024K)]
  0x0000023051ed6ac0 ConcurrentGCThread "G1 Main Marker"            [id=19208, stack(0x0000006493600000,0x0000006493700000) (1024K)]
  0x0000023051ed73d0 WorkerThread "G1 Conc#0"                       [id=5176, stack(0x0000006493700000,0x0000006493800000) (1024K)]
  0x000002307315fb10 WorkerThread "G1 Conc#1"                       [id=8316, stack(0x0000006495e00000,0x0000006495f00000) (1024K)]
  0x0000023073161470 WorkerThread "G1 Conc#2"                       [id=23376, stack(0x0000006495f00000,0x0000006496000000) (1024K)]
  0x000002306bd23f10 ConcurrentGCThread "G1 Refine#0"               [id=7264, stack(0x0000006493800000,0x0000006493900000) (1024K)]
  0x000002306bd24730 ConcurrentGCThread "G1 Service"                [id=7140, stack(0x0000006493900000,0x0000006493a00000) (1024K)]
Total: 21

Threads with active compile tasks:
C2 CompilerThread0  20469 16995       4       com.android.tools.r8.internal.ju::a (4509 bytes)
C2 CompilerThread1  20469 17347       4       com.android.tools.r8.graph.r9::a (166 bytes)
C2 CompilerThread2  20469 16934       4       com.android.tools.r8.internal.ju::a (7028 bytes)
C2 CompilerThread3  20469 17362       4       com.android.tools.r8.internal.w74$$Lambda/0x00000001012b6830::call (16 bytes)
C2 CompilerThread4  20469 17354       4       com.android.tools.r8.internal.w74$$Lambda/0x00000001012af2c8::a (10 bytes)
C2 CompilerThread6  20469 17357       4       com.android.tools.r8.internal.w74::a (10 bytes)
Total: 6

VM state: not at safepoint (normal execution)

VM Mutex/Monitor currently owned by a thread:  ([mutex/lock_event])
[0x00007ffc1ebf7090] MethodCompileQueue_lock - owner thread: 0x000002307567c800

Heap address: 0x0000000080000000, size: 2048 MB, Compressed Oops mode: 32-bit

CDS archive(s) not mapped
Compressed class space mapped at: 0x0000000100000000-0x0000000140000000, reserved size: 1073741824
Narrow klass base: 0x0000000000000000, Narrow klass shift: 3, Narrow klass range: 0x140000000

GC Precious Log:
 CardTable entry size: 512
 Card Set container configuration: InlinePtr #cards 5 size 8 Array Of Cards #cards 12 size 40 Howl #buckets 4 coarsen threshold 1843 Howl Bitmap #cards 512 size 80 coarsen threshold 460 Card regions per heap region 1 cards per card region 2048
 CPUs: 16 total, 16 available
 Memory: 16197M
 Large Page Support: Disabled
 NUMA Support: Disabled
 Compressed Oops: Enabled (32-bit)
 Heap Region Size: 1M
 Heap Min Capacity: 8M
 Heap Initial Capacity: 254M
 Heap Max Capacity: 2G
 Pre-touch: Disabled
 Parallel Workers: 13
 Concurrent Workers: 3
 Concurrent Refinement Workers: 13
 Periodic GC: Disabled

Heap:
 garbage-first heap   total 757760K, used 585216K [0x0000000080000000, 0x0000000100000000)
  region size 1024K, 230 young (235520K), 37 survivors (37888K)
 Metaspace       used 132295K, committed 134720K, reserved 1179648K
  class space    used 19058K, committed 20224K, reserved 1048576K

Heap Regions: E=young(eden), S=young(survivor), O=old, HS=humongous(starts), HC=humongous(continues), CS=collection set, F=free, TAMS=top-at-mark-start, PB=parsable bottom
|   0|0x0000000080000000, 0x0000000080100000, 0x0000000080100000|100%|HS|  |TAMS 0x0000000080000000| PB 0x0000000080000000| Complete 
|   1|0x0000000080100000, 0x0000000080200000, 0x0000000080200000|100%|HC|  |TAMS 0x0000000080100000| PB 0x0000000080100000| Complete 
|   2|0x0000000080200000, 0x0000000080300000, 0x0000000080300000|100%|HC|  |TAMS 0x0000000080200000| PB 0x0000000080200000| Complete 
|   3|0x0000000080300000, 0x0000000080400000, 0x0000000080400000|100%|HC|  |TAMS 0x0000000080300000| PB 0x0000000080300000| Complete 
|   4|0x0000000080400000, 0x0000000080500000, 0x0000000080500000|100%| O|  |TAMS 0x0000000080400000| PB 0x0000000080400000| Untracked 
|   5|0x0000000080500000, 0x0000000080600000, 0x0000000080600000|100%| O|  |TAMS 0x0000000080500000| PB 0x0000000080500000| Untracked 
|   6|0x0000000080600000, 0x0000000080700000, 0x0000000080700000|100%|HS|  |TAMS 0x0000000080600000| PB 0x0000000080600000| Complete 
|   7|0x0000000080700000, 0x0000000080800000, 0x0000000080800000|100%| O|  |TAMS 0x0000000080700000| PB 0x0000000080700000| Untracked 
|   8|0x0000000080800000, 0x0000000080900000, 0x0000000080900000|100%| O|  |TAMS 0x0000000080800000| PB 0x0000000080800000| Untracked 
|   9|0x0000000080900000, 0x0000000080a00000, 0x0000000080a00000|100%| O|  |TAMS 0x0000000080900000| PB 0x0000000080900000| Untracked 
|  10|0x0000000080a00000, 0x0000000080b00000, 0x0000000080b00000|100%| O|  |TAMS 0x0000000080a00000| PB 0x0000000080a00000| Untracked 
|  11|0x0000000080b00000, 0x0000000080c00000, 0x0000000080c00000|100%| O|  |TAMS 0x0000000080b00000| PB 0x0000000080b00000| Untracked 
|  12|0x0000000080c00000, 0x0000000080d00000, 0x0000000080d00000|100%| O|  |TAMS 0x0000000080c00000| PB 0x0000000080c00000| Untracked 
|  13|0x0000000080d00000, 0x0000000080e00000, 0x0000000080e00000|100%| O|  |TAMS 0x0000000080d00000| PB 0x0000000080d00000| Untracked 
|  14|0x0000000080e00000, 0x0000000080f00000, 0x0000000080f00000|100%| O|  |TAMS 0x0000000080e00000| PB 0x0000000080e00000| Untracked 
|  15|0x0000000080f00000, 0x0000000081000000, 0x0000000081000000|100%| O|  |TAMS 0x0000000080f00000| PB 0x0000000080f00000| Untracked 
|  16|0x0000000081000000, 0x0000000081100000, 0x0000000081100000|100%| O|  |TAMS 0x0000000081000000| PB 0x0000000081000000| Untracked 
|  17|0x0000000081100000, 0x0000000081200000, 0x0000000081200000|100%| O|  |TAMS 0x0000000081100000| PB 0x0000000081100000| Untracked 
|  18|0x0000000081200000, 0x0000000081300000, 0x0000000081300000|100%| O|  |TAMS 0x0000000081200000| PB 0x0000000081200000| Untracked 
|  19|0x0000000081300000, 0x0000000081400000, 0x0000000081400000|100%| O|  |TAMS 0x0000000081300000| PB 0x0000000081300000| Untracked 
|  20|0x0000000081400000, 0x0000000081500000, 0x0000000081500000|100%| O|  |TAMS 0x0000000081400000| PB 0x0000000081400000| Untracked 
|  21|0x0000000081500000, 0x0000000081600000, 0x0000000081600000|100%| O|  |TAMS 0x0000000081500000| PB 0x0000000081500000| Untracked 
|  22|0x0000000081600000, 0x0000000081700000, 0x0000000081700000|100%| O|  |TAMS 0x0000000081600000| PB 0x0000000081600000| Untracked 
|  23|0x0000000081700000, 0x0000000081800000, 0x0000000081800000|100%|HS|  |TAMS 0x0000000081700000| PB 0x0000000081700000| Complete 
|  24|0x0000000081800000, 0x0000000081900000, 0x0000000081900000|100%|HC|  |TAMS 0x0000000081800000| PB 0x0000000081800000| Complete 
|  25|0x0000000081900000, 0x0000000081a00000, 0x0000000081a00000|100%| O|  |TAMS 0x0000000081900000| PB 0x0000000081900000| Untracked 
|  26|0x0000000081a00000, 0x0000000081b00000, 0x0000000081b00000|100%| O|  |TAMS 0x0000000081a00000| PB 0x0000000081a00000| Untracked 
|  27|0x0000000081b00000, 0x0000000081c00000, 0x0000000081c00000|100%| O|  |TAMS 0x0000000081b00000| PB 0x0000000081b00000| Untracked 
|  28|0x0000000081c00000, 0x0000000081d00000, 0x0000000081d00000|100%| O|  |TAMS 0x0000000081c00000| PB 0x0000000081c00000| Untracked 
|  29|0x0000000081d00000, 0x0000000081e00000, 0x0000000081e00000|100%| O|  |TAMS 0x0000000081d00000| PB 0x0000000081d00000| Untracked 
|  30|0x0000000081e00000, 0x0000000081f00000, 0x0000000081f00000|100%| O|  |TAMS 0x0000000081e00000| PB 0x0000000081e00000| Untracked 
|  31|0x0000000081f00000, 0x0000000082000000, 0x0000000082000000|100%| O|  |TAMS 0x0000000081f00000| PB 0x0000000081f00000| Untracked 
|  32|0x0000000082000000, 0x0000000082100000, 0x0000000082100000|100%| O|  |TAMS 0x0000000082000000| PB 0x0000000082000000| Untracked 
|  33|0x0000000082100000, 0x0000000082200000, 0x0000000082200000|100%| O|  |TAMS 0x0000000082100000| PB 0x0000000082100000| Untracked 
|  34|0x0000000082200000, 0x0000000082300000, 0x0000000082300000|100%| O|  |TAMS 0x0000000082200000| PB 0x0000000082200000| Untracked 
|  35|0x0000000082300000, 0x0000000082400000, 0x0000000082400000|100%| O|  |TAMS 0x0000000082300000| PB 0x0000000082300000| Untracked 
|  36|0x0000000082400000, 0x0000000082500000, 0x0000000082500000|100%| O|  |TAMS 0x0000000082400000| PB 0x0000000082400000| Untracked 
|  37|0x0000000082500000, 0x0000000082600000, 0x0000000082600000|100%| O|  |TAMS 0x0000000082500000| PB 0x0000000082500000| Untracked 
|  38|0x0000000082600000, 0x0000000082700000, 0x0000000082700000|100%| O|  |TAMS 0x0000000082600000| PB 0x0000000082600000| Untracked 
|  39|0x0000000082700000, 0x0000000082800000, 0x0000000082800000|100%| O|  |TAMS 0x0000000082700000| PB 0x0000000082700000| Untracked 
|  40|0x0000000082800000, 0x0000000082900000, 0x0000000082900000|100%| O|  |TAMS 0x0000000082800000| PB 0x0000000082800000| Untracked 
|  41|0x0000000082900000, 0x0000000082a00000, 0x0000000082a00000|100%|HS|  |TAMS 0x0000000082900000| PB 0x0000000082900000| Complete 
|  42|0x0000000082a00000, 0x0000000082b00000, 0x0000000082b00000|100%|HS|  |TAMS 0x0000000082a00000| PB 0x0000000082a00000| Complete 
|  43|0x0000000082b00000, 0x0000000082c00000, 0x0000000082c00000|100%| O|  |TAMS 0x0000000082b00000| PB 0x0000000082b00000| Untracked 
|  44|0x0000000082c00000, 0x0000000082d00000, 0x0000000082d00000|100%| O|  |TAMS 0x0000000082c00000| PB 0x0000000082c00000| Untracked 
|  45|0x0000000082d00000, 0x0000000082e00000, 0x0000000082e00000|100%| O|  |TAMS 0x0000000082d00000| PB 0x0000000082d00000| Untracked 
|  46|0x0000000082e00000, 0x0000000082f00000, 0x0000000082f00000|100%|HS|  |TAMS 0x0000000082e00000| PB 0x0000000082e00000| Complete 
|  47|0x0000000082f00000, 0x0000000083000000, 0x0000000083000000|100%|HC|  |TAMS 0x0000000082f00000| PB 0x0000000082f00000| Complete 
|  48|0x0000000083000000, 0x0000000083100000, 0x0000000083100000|100%|HS|  |TAMS 0x0000000083000000| PB 0x0000000083000000| Complete 
|  49|0x0000000083100000, 0x0000000083200000, 0x0000000083200000|100%| O|  |TAMS 0x0000000083100000| PB 0x0000000083100000| Untracked 
|  50|0x0000000083200000, 0x0000000083300000, 0x0000000083300000|100%| O|  |TAMS 0x0000000083200000| PB 0x0000000083200000| Untracked 
|  51|0x0000000083300000, 0x0000000083400000, 0x0000000083400000|100%| O|  |TAMS 0x0000000083300000| PB 0x0000000083300000| Untracked 
|  52|0x0000000083400000, 0x0000000083500000, 0x0000000083500000|100%|HS|  |TAMS 0x0000000083400000| PB 0x0000000083400000| Complete 
|  53|0x0000000083500000, 0x0000000083600000, 0x0000000083600000|100%|HS|  |TAMS 0x0000000083500000| PB 0x0000000083500000| Complete 
|  54|0x0000000083600000, 0x0000000083700000, 0x0000000083700000|100%| O|  |TAMS 0x0000000083600000| PB 0x0000000083600000| Untracked 
|  55|0x0000000083700000, 0x0000000083800000, 0x0000000083800000|100%| O|  |TAMS 0x0000000083700000| PB 0x0000000083700000| Untracked 
|  56|0x0000000083800000, 0x0000000083900000, 0x0000000083900000|100%|HS|  |TAMS 0x0000000083800000| PB 0x0000000083800000| Complete 
|  57|0x0000000083900000, 0x0000000083a00000, 0x0000000083a00000|100%|HS|  |TAMS 0x0000000083900000| PB 0x0000000083900000| Complete 
|  58|0x0000000083a00000, 0x0000000083b00000, 0x0000000083b00000|100%|HC|  |TAMS 0x0000000083a00000| PB 0x0000000083a00000| Complete 
|  59|0x0000000083b00000, 0x0000000083c00000, 0x0000000083c00000|100%| O|  |TAMS 0x0000000083b00000| PB 0x0000000083b00000| Untracked 
|  60|0x0000000083c00000, 0x0000000083d00000, 0x0000000083d00000|100%| O|  |TAMS 0x0000000083c00000| PB 0x0000000083c00000| Untracked 
|  61|0x0000000083d00000, 0x0000000083e00000, 0x0000000083e00000|100%| O|  |TAMS 0x0000000083d00000| PB 0x0000000083d00000| Untracked 
|  62|0x0000000083e00000, 0x0000000083f00000, 0x0000000083f00000|100%| O|  |TAMS 0x0000000083e00000| PB 0x0000000083e00000| Untracked 
|  63|0x0000000083f00000, 0x0000000084000000, 0x0000000084000000|100%| O|  |TAMS 0x0000000083f00000| PB 0x0000000083f00000| Untracked 
|  64|0x0000000084000000, 0x0000000084100000, 0x0000000084100000|100%| O|  |TAMS 0x0000000084000000| PB 0x0000000084000000| Untracked 
|  65|0x0000000084100000, 0x0000000084200000, 0x0000000084200000|100%| O|  |TAMS 0x0000000084100000| PB 0x0000000084100000| Untracked 
|  66|0x0000000084200000, 0x0000000084300000, 0x0000000084300000|100%| O|  |TAMS 0x0000000084200000| PB 0x0000000084200000| Untracked 
|  67|0x0000000084300000, 0x0000000084400000, 0x0000000084400000|100%| O|  |TAMS 0x0000000084300000| PB 0x0000000084300000| Untracked 
|  68|0x0000000084400000, 0x0000000084500000, 0x0000000084500000|100%| O|  |TAMS 0x0000000084400000| PB 0x0000000084400000| Untracked 
|  69|0x0000000084500000, 0x0000000084600000, 0x0000000084600000|100%| O|  |TAMS 0x0000000084500000| PB 0x0000000084500000| Untracked 
|  70|0x0000000084600000, 0x0000000084700000, 0x0000000084700000|100%| O|  |TAMS 0x0000000084600000| PB 0x0000000084600000| Untracked 
|  71|0x0000000084700000, 0x0000000084800000, 0x0000000084800000|100%| O|  |TAMS 0x0000000084700000| PB 0x0000000084700000| Untracked 
|  72|0x0000000084800000, 0x0000000084900000, 0x0000000084900000|100%| O|  |TAMS 0x0000000084800000| PB 0x0000000084800000| Untracked 
|  73|0x0000000084900000, 0x0000000084a00000, 0x0000000084a00000|100%| O|  |TAMS 0x0000000084900000| PB 0x0000000084900000| Untracked 
|  74|0x0000000084a00000, 0x0000000084b00000, 0x0000000084b00000|100%|HS|  |TAMS 0x0000000084a00000| PB 0x0000000084a00000| Complete 
|  75|0x0000000084b00000, 0x0000000084c00000, 0x0000000084c00000|100%| O|  |TAMS 0x0000000084b00000| PB 0x0000000084b00000| Untracked 
|  76|0x0000000084c00000, 0x0000000084d00000, 0x0000000084d00000|100%| O|  |TAMS 0x0000000084c00000| PB 0x0000000084c00000| Untracked 
|  77|0x0000000084d00000, 0x0000000084e00000, 0x0000000084e00000|100%| O|  |TAMS 0x0000000084d00000| PB 0x0000000084d00000| Untracked 
|  78|0x0000000084e00000, 0x0000000084f00000, 0x0000000084f00000|100%| O|  |TAMS 0x0000000084e00000| PB 0x0000000084e00000| Untracked 
|  79|0x0000000084f00000, 0x0000000085000000, 0x0000000085000000|100%| O|  |TAMS 0x0000000084f00000| PB 0x0000000084f00000| Untracked 
|  80|0x0000000085000000, 0x0000000085100000, 0x0000000085100000|100%| O|  |TAMS 0x0000000085000000| PB 0x0000000085000000| Untracked 
|  81|0x0000000085100000, 0x0000000085200000, 0x0000000085200000|100%| O|  |TAMS 0x0000000085100000| PB 0x0000000085100000| Untracked 
|  82|0x0000000085200000, 0x0000000085300000, 0x0000000085300000|100%| O|  |TAMS 0x0000000085200000| PB 0x0000000085200000| Untracked 
|  83|0x0000000085300000, 0x0000000085400000, 0x0000000085400000|100%| O|  |TAMS 0x0000000085300000| PB 0x0000000085300000| Untracked 
|  84|0x0000000085400000, 0x0000000085500000, 0x0000000085500000|100%| O|  |TAMS 0x0000000085400000| PB 0x0000000085400000| Untracked 
|  85|0x0000000085500000, 0x0000000085600000, 0x0000000085600000|100%| O|  |TAMS 0x0000000085500000| PB 0x0000000085500000| Untracked 
|  86|0x0000000085600000, 0x0000000085700000, 0x0000000085700000|100%| O|  |TAMS 0x0000000085600000| PB 0x0000000085600000| Untracked 
|  87|0x0000000085700000, 0x0000000085800000, 0x0000000085800000|100%| O|  |TAMS 0x0000000085700000| PB 0x0000000085700000| Untracked 
|  88|0x0000000085800000, 0x0000000085900000, 0x0000000085900000|100%| O|  |TAMS 0x0000000085800000| PB 0x0000000085800000| Untracked 
|  89|0x0000000085900000, 0x0000000085a00000, 0x0000000085a00000|100%| O|  |TAMS 0x0000000085900000| PB 0x0000000085900000| Untracked 
|  90|0x0000000085a00000, 0x0000000085b00000, 0x0000000085b00000|100%|HS|  |TAMS 0x0000000085a00000| PB 0x0000000085a00000| Complete 
|  91|0x0000000085b00000, 0x0000000085c00000, 0x0000000085c00000|100%| O|  |TAMS 0x0000000085b00000| PB 0x0000000085b00000| Untracked 
|  92|0x0000000085c00000, 0x0000000085d00000, 0x0000000085d00000|100%| O|  |TAMS 0x0000000085c00000| PB 0x0000000085c00000| Untracked 
|  93|0x0000000085d00000, 0x0000000085e00000, 0x0000000085e00000|100%| O|  |TAMS 0x0000000085d00000| PB 0x0000000085d00000| Untracked 
|  94|0x0000000085e00000, 0x0000000085f00000, 0x0000000085f00000|100%| O|  |TAMS 0x0000000085e00000| PB 0x0000000085e00000| Untracked 
|  95|0x0000000085f00000, 0x0000000086000000, 0x0000000086000000|100%| O|  |TAMS 0x0000000085f00000| PB 0x0000000085f00000| Untracked 
|  96|0x0000000086000000, 0x0000000086100000, 0x0000000086100000|100%| O|  |TAMS 0x0000000086000000| PB 0x0000000086000000| Untracked 
|  97|0x0000000086100000, 0x0000000086200000, 0x0000000086200000|100%| O|  |TAMS 0x0000000086100000| PB 0x0000000086100000| Untracked 
|  98|0x0000000086200000, 0x0000000086300000, 0x0000000086300000|100%| O|  |TAMS 0x0000000086200000| PB 0x0000000086200000| Untracked 
|  99|0x0000000086300000, 0x0000000086400000, 0x0000000086400000|100%| O|  |TAMS 0x0000000086300000| PB 0x0000000086300000| Untracked 
| 100|0x0000000086400000, 0x0000000086500000, 0x0000000086500000|100%| O|  |TAMS 0x0000000086400000| PB 0x0000000086400000| Untracked 
| 101|0x0000000086500000, 0x0000000086600000, 0x0000000086600000|100%| O|  |TAMS 0x0000000086500000| PB 0x0000000086500000| Untracked 
| 102|0x0000000086600000, 0x0000000086700000, 0x0000000086700000|100%| O|  |TAMS 0x0000000086600000| PB 0x0000000086600000| Untracked 
| 103|0x0000000086700000, 0x0000000086800000, 0x0000000086800000|100%| O|  |TAMS 0x0000000086700000| PB 0x0000000086700000| Untracked 
| 104|0x0000000086800000, 0x0000000086900000, 0x0000000086900000|100%| O|  |TAMS 0x0000000086800000| PB 0x0000000086800000| Untracked 
| 105|0x0000000086900000, 0x0000000086a00000, 0x0000000086a00000|100%| O|  |TAMS 0x0000000086900000| PB 0x0000000086900000| Untracked 
| 106|0x0000000086a00000, 0x0000000086b00000, 0x0000000086b00000|100%| O|  |TAMS 0x0000000086a00000| PB 0x0000000086a00000| Untracked 
| 107|0x0000000086b00000, 0x0000000086c00000, 0x0000000086c00000|100%| O|  |TAMS 0x0000000086b00000| PB 0x0000000086b00000| Untracked 
| 108|0x0000000086c00000, 0x0000000086d00000, 0x0000000086d00000|100%| O|  |TAMS 0x0000000086c00000| PB 0x0000000086c00000| Untracked 
| 109|0x0000000086d00000, 0x0000000086e00000, 0x0000000086e00000|100%| O|  |TAMS 0x0000000086d00000| PB 0x0000000086d00000| Untracked 
| 110|0x0000000086e00000, 0x0000000086f00000, 0x0000000086f00000|100%| O|  |TAMS 0x0000000086e00000| PB 0x0000000086e00000| Untracked 
| 111|0x0000000086f00000, 0x0000000087000000, 0x0000000087000000|100%| O|  |TAMS 0x0000000086f00000| PB 0x0000000086f00000| Untracked 
| 112|0x0000000087000000, 0x0000000087100000, 0x0000000087100000|100%| O|  |TAMS 0x0000000087000000| PB 0x0000000087000000| Untracked 
| 113|0x0000000087100000, 0x0000000087200000, 0x0000000087200000|100%| O|  |TAMS 0x0000000087100000| PB 0x0000000087100000| Untracked 
| 114|0x0000000087200000, 0x0000000087300000, 0x0000000087300000|100%| O|  |TAMS 0x0000000087200000| PB 0x0000000087200000| Untracked 
| 115|0x0000000087300000, 0x0000000087400000, 0x0000000087400000|100%| O|  |TAMS 0x0000000087300000| PB 0x0000000087300000| Untracked 
| 116|0x0000000087400000, 0x0000000087500000, 0x0000000087500000|100%| O|  |TAMS 0x0000000087400000| PB 0x0000000087400000| Untracked 
| 117|0x0000000087500000, 0x0000000087600000, 0x0000000087600000|100%| O|  |TAMS 0x0000000087500000| PB 0x0000000087500000| Untracked 
| 118|0x0000000087600000, 0x0000000087700000, 0x0000000087700000|100%| O|  |TAMS 0x0000000087600000| PB 0x0000000087600000| Untracked 
| 119|0x0000000087700000, 0x0000000087800000, 0x0000000087800000|100%| O|  |TAMS 0x0000000087700000| PB 0x0000000087700000| Untracked 
| 120|0x0000000087800000, 0x0000000087900000, 0x0000000087900000|100%| O|  |TAMS 0x0000000087800000| PB 0x0000000087800000| Untracked 
| 121|0x0000000087900000, 0x0000000087a00000, 0x0000000087a00000|100%| O|  |TAMS 0x0000000087900000| PB 0x0000000087900000| Untracked 
| 122|0x0000000087a00000, 0x0000000087b00000, 0x0000000087b00000|100%| O|  |TAMS 0x0000000087a00000| PB 0x0000000087a00000| Untracked 
| 123|0x0000000087b00000, 0x0000000087c00000, 0x0000000087c00000|100%| O|  |TAMS 0x0000000087b00000| PB 0x0000000087b00000| Untracked 
| 124|0x0000000087c00000, 0x0000000087d00000, 0x0000000087d00000|100%| O|  |TAMS 0x0000000087c00000| PB 0x0000000087c00000| Untracked 
| 125|0x0000000087d00000, 0x0000000087e00000, 0x0000000087e00000|100%| O|  |TAMS 0x0000000087d00000| PB 0x0000000087d00000| Untracked 
| 126|0x0000000087e00000, 0x0000000087f00000, 0x0000000087f00000|100%| O|  |TAMS 0x0000000087e00000| PB 0x0000000087e00000| Untracked 
| 127|0x0000000087f00000, 0x0000000088000000, 0x0000000088000000|100%| O|  |TAMS 0x0000000087f00000| PB 0x0000000087f00000| Untracked 
| 128|0x0000000088000000, 0x0000000088100000, 0x0000000088100000|100%| O|  |TAMS 0x0000000088000000| PB 0x0000000088000000| Untracked 
| 129|0x0000000088100000, 0x0000000088200000, 0x0000000088200000|100%| O|  |TAMS 0x0000000088100000| PB 0x0000000088100000| Untracked 
| 130|0x0000000088200000, 0x0000000088300000, 0x0000000088300000|100%| O|  |TAMS 0x0000000088200000| PB 0x0000000088200000| Untracked 
| 131|0x0000000088300000, 0x0000000088400000, 0x0000000088400000|100%| O|  |TAMS 0x0000000088300000| PB 0x0000000088300000| Untracked 
| 132|0x0000000088400000, 0x0000000088500000, 0x0000000088500000|100%| O|  |TAMS 0x0000000088400000| PB 0x0000000088400000| Untracked 
| 133|0x0000000088500000, 0x0000000088600000, 0x0000000088600000|100%| O|  |TAMS 0x0000000088500000| PB 0x0000000088500000| Untracked 
| 134|0x0000000088600000, 0x0000000088700000, 0x0000000088700000|100%| O|  |TAMS 0x0000000088600000| PB 0x0000000088600000| Untracked 
| 135|0x0000000088700000, 0x0000000088800000, 0x0000000088800000|100%| O|  |TAMS 0x0000000088700000| PB 0x0000000088700000| Untracked 
| 136|0x0000000088800000, 0x0000000088900000, 0x0000000088900000|100%| O|  |TAMS 0x0000000088800000| PB 0x0000000088800000| Untracked 
| 137|0x0000000088900000, 0x0000000088a00000, 0x0000000088a00000|100%| O|  |TAMS 0x0000000088900000| PB 0x0000000088900000| Untracked 
| 138|0x0000000088a00000, 0x0000000088b00000, 0x0000000088b00000|100%| O|  |TAMS 0x0000000088a00000| PB 0x0000000088a00000| Untracked 
| 139|0x0000000088b00000, 0x0000000088c00000, 0x0000000088c00000|100%| O|  |TAMS 0x0000000088b00000| PB 0x0000000088b00000| Untracked 
| 140|0x0000000088c00000, 0x0000000088d00000, 0x0000000088d00000|100%| O|  |TAMS 0x0000000088c00000| PB 0x0000000088c00000| Untracked 
| 141|0x0000000088d00000, 0x0000000088e00000, 0x0000000088e00000|100%| O|  |TAMS 0x0000000088d00000| PB 0x0000000088d00000| Untracked 
| 142|0x0000000088e00000, 0x0000000088f00000, 0x0000000088f00000|100%| O|  |TAMS 0x0000000088e00000| PB 0x0000000088e00000| Untracked 
| 143|0x0000000088f00000, 0x0000000089000000, 0x0000000089000000|100%| O|  |TAMS 0x0000000088f00000| PB 0x0000000088f00000| Untracked 
| 144|0x0000000089000000, 0x0000000089100000, 0x0000000089100000|100%| O|  |TAMS 0x0000000089000000| PB 0x0000000089000000| Untracked 
| 145|0x0000000089100000, 0x0000000089200000, 0x0000000089200000|100%| O|  |TAMS 0x0000000089100000| PB 0x0000000089100000| Untracked 
| 146|0x0000000089200000, 0x0000000089300000, 0x0000000089300000|100%| O|  |TAMS 0x0000000089200000| PB 0x0000000089200000| Untracked 
| 147|0x0000000089300000, 0x0000000089400000, 0x0000000089400000|100%| O|  |TAMS 0x0000000089300000| PB 0x0000000089300000| Untracked 
| 148|0x0000000089400000, 0x0000000089500000, 0x0000000089500000|100%| O|  |TAMS 0x0000000089400000| PB 0x0000000089400000| Untracked 
| 149|0x0000000089500000, 0x0000000089600000, 0x0000000089600000|100%| O|  |TAMS 0x0000000089500000| PB 0x0000000089500000| Untracked 
| 150|0x0000000089600000, 0x0000000089700000, 0x0000000089700000|100%| O|  |TAMS 0x0000000089600000| PB 0x0000000089600000| Untracked 
| 151|0x0000000089700000, 0x0000000089800000, 0x0000000089800000|100%| O|  |TAMS 0x0000000089700000| PB 0x0000000089700000| Untracked 
| 152|0x0000000089800000, 0x0000000089900000, 0x0000000089900000|100%| O|  |TAMS 0x0000000089800000| PB 0x0000000089800000| Untracked 
| 153|0x0000000089900000, 0x0000000089a00000, 0x0000000089a00000|100%| O|  |TAMS 0x0000000089900000| PB 0x0000000089900000| Untracked 
| 154|0x0000000089a00000, 0x0000000089b00000, 0x0000000089b00000|100%| O|  |TAMS 0x0000000089a00000| PB 0x0000000089a00000| Untracked 
| 155|0x0000000089b00000, 0x0000000089c00000, 0x0000000089c00000|100%| O|  |TAMS 0x0000000089b00000| PB 0x0000000089b00000| Untracked 
| 156|0x0000000089c00000, 0x0000000089d00000, 0x0000000089d00000|100%| O|  |TAMS 0x0000000089c00000| PB 0x0000000089c00000| Untracked 
| 157|0x0000000089d00000, 0x0000000089e00000, 0x0000000089e00000|100%| O|  |TAMS 0x0000000089d00000| PB 0x0000000089d00000| Untracked 
| 158|0x0000000089e00000, 0x0000000089f00000, 0x0000000089f00000|100%| O|  |TAMS 0x0000000089e00000| PB 0x0000000089e00000| Untracked 
| 159|0x0000000089f00000, 0x000000008a000000, 0x000000008a000000|100%| O|  |TAMS 0x0000000089f00000| PB 0x0000000089f00000| Untracked 
| 160|0x000000008a000000, 0x000000008a100000, 0x000000008a100000|100%| O|  |TAMS 0x000000008a000000| PB 0x000000008a000000| Untracked 
| 161|0x000000008a100000, 0x000000008a200000, 0x000000008a200000|100%| O|  |TAMS 0x000000008a100000| PB 0x000000008a100000| Untracked 
| 162|0x000000008a200000, 0x000000008a300000, 0x000000008a300000|100%| O|  |TAMS 0x000000008a200000| PB 0x000000008a200000| Untracked 
| 163|0x000000008a300000, 0x000000008a400000, 0x000000008a400000|100%| O|  |TAMS 0x000000008a300000| PB 0x000000008a300000| Untracked 
| 164|0x000000008a400000, 0x000000008a500000, 0x000000008a500000|100%| O|  |TAMS 0x000000008a400000| PB 0x000000008a400000| Untracked 
| 165|0x000000008a500000, 0x000000008a600000, 0x000000008a600000|100%| O|  |TAMS 0x000000008a500000| PB 0x000000008a500000| Untracked 
| 166|0x000000008a600000, 0x000000008a700000, 0x000000008a700000|100%| O|  |TAMS 0x000000008a600000| PB 0x000000008a600000| Untracked 
| 167|0x000000008a700000, 0x000000008a800000, 0x000000008a800000|100%| O|  |TAMS 0x000000008a700000| PB 0x000000008a700000| Untracked 
| 168|0x000000008a800000, 0x000000008a900000, 0x000000008a900000|100%| O|  |TAMS 0x000000008a800000| PB 0x000000008a800000| Untracked 
| 169|0x000000008a900000, 0x000000008aa00000, 0x000000008aa00000|100%| O|  |TAMS 0x000000008a900000| PB 0x000000008a900000| Untracked 
| 170|0x000000008aa00000, 0x000000008ab00000, 0x000000008ab00000|100%| O|  |TAMS 0x000000008aa00000| PB 0x000000008aa00000| Untracked 
| 171|0x000000008ab00000, 0x000000008ac00000, 0x000000008ac00000|100%| O|  |TAMS 0x000000008ab00000| PB 0x000000008ab00000| Untracked 
| 172|0x000000008ac00000, 0x000000008ad00000, 0x000000008ad00000|100%| O|  |TAMS 0x000000008ac00000| PB 0x000000008ac00000| Untracked 
| 173|0x000000008ad00000, 0x000000008ae00000, 0x000000008ae00000|100%| O|  |TAMS 0x000000008ad00000| PB 0x000000008ad00000| Untracked 
| 174|0x000000008ae00000, 0x000000008af00000, 0x000000008af00000|100%| O|  |TAMS 0x000000008ae00000| PB 0x000000008ae00000| Untracked 
| 175|0x000000008af00000, 0x000000008b000000, 0x000000008b000000|100%| O|  |TAMS 0x000000008af00000| PB 0x000000008af00000| Untracked 
| 176|0x000000008b000000, 0x000000008b100000, 0x000000008b100000|100%| O|  |TAMS 0x000000008b000000| PB 0x000000008b000000| Untracked 
| 177|0x000000008b100000, 0x000000008b200000, 0x000000008b200000|100%| O|  |TAMS 0x000000008b100000| PB 0x000000008b100000| Untracked 
| 178|0x000000008b200000, 0x000000008b300000, 0x000000008b300000|100%| O|  |TAMS 0x000000008b200000| PB 0x000000008b200000| Untracked 
| 179|0x000000008b300000, 0x000000008b400000, 0x000000008b400000|100%| O|  |TAMS 0x000000008b300000| PB 0x000000008b300000| Untracked 
| 180|0x000000008b400000, 0x000000008b500000, 0x000000008b500000|100%| O|  |TAMS 0x000000008b400000| PB 0x000000008b400000| Untracked 
| 181|0x000000008b500000, 0x000000008b600000, 0x000000008b600000|100%| O|  |TAMS 0x000000008b500000| PB 0x000000008b500000| Untracked 
| 182|0x000000008b600000, 0x000000008b700000, 0x000000008b700000|100%| O|  |TAMS 0x000000008b600000| PB 0x000000008b600000| Untracked 
| 183|0x000000008b700000, 0x000000008b800000, 0x000000008b800000|100%| O|  |TAMS 0x000000008b700000| PB 0x000000008b700000| Untracked 
| 184|0x000000008b800000, 0x000000008b900000, 0x000000008b900000|100%| O|  |TAMS 0x000000008b800000| PB 0x000000008b800000| Untracked 
| 185|0x000000008b900000, 0x000000008ba00000, 0x000000008ba00000|100%| O|  |TAMS 0x000000008b900000| PB 0x000000008b900000| Untracked 
| 186|0x000000008ba00000, 0x000000008bb00000, 0x000000008bb00000|100%| O|  |TAMS 0x000000008ba00000| PB 0x000000008ba00000| Untracked 
| 187|0x000000008bb00000, 0x000000008bc00000, 0x000000008bc00000|100%| O|  |TAMS 0x000000008bb00000| PB 0x000000008bb00000| Untracked 
| 188|0x000000008bc00000, 0x000000008bd00000, 0x000000008bd00000|100%| O|  |TAMS 0x000000008bc00000| PB 0x000000008bc00000| Untracked 
| 189|0x000000008bd00000, 0x000000008be00000, 0x000000008be00000|100%| O|  |TAMS 0x000000008bd00000| PB 0x000000008bd00000| Untracked 
| 190|0x000000008be00000, 0x000000008bf00000, 0x000000008bf00000|100%| O|  |TAMS 0x000000008be00000| PB 0x000000008be00000| Untracked 
| 191|0x000000008bf00000, 0x000000008c000000, 0x000000008c000000|100%| O|  |TAMS 0x000000008bf00000| PB 0x000000008bf00000| Untracked 
| 192|0x000000008c000000, 0x000000008c100000, 0x000000008c100000|100%| O|  |TAMS 0x000000008c000000| PB 0x000000008c000000| Untracked 
| 193|0x000000008c100000, 0x000000008c200000, 0x000000008c200000|100%| O|  |TAMS 0x000000008c100000| PB 0x000000008c100000| Untracked 
| 194|0x000000008c200000, 0x000000008c300000, 0x000000008c300000|100%| O|  |TAMS 0x000000008c200000| PB 0x000000008c200000| Untracked 
| 195|0x000000008c300000, 0x000000008c400000, 0x000000008c400000|100%| O|  |TAMS 0x000000008c300000| PB 0x000000008c300000| Untracked 
| 196|0x000000008c400000, 0x000000008c500000, 0x000000008c500000|100%| O|  |TAMS 0x000000008c400000| PB 0x000000008c400000| Untracked 
| 197|0x000000008c500000, 0x000000008c600000, 0x000000008c600000|100%| O|  |TAMS 0x000000008c500000| PB 0x000000008c500000| Untracked 
| 198|0x000000008c600000, 0x000000008c700000, 0x000000008c700000|100%| O|  |TAMS 0x000000008c600000| PB 0x000000008c600000| Untracked 
| 199|0x000000008c700000, 0x000000008c800000, 0x000000008c800000|100%| O|  |TAMS 0x000000008c700000| PB 0x000000008c700000| Untracked 
| 200|0x000000008c800000, 0x000000008c900000, 0x000000008c900000|100%| O|  |TAMS 0x000000008c800000| PB 0x000000008c800000| Untracked 
| 201|0x000000008c900000, 0x000000008ca00000, 0x000000008ca00000|100%| O|  |TAMS 0x000000008c900000| PB 0x000000008c900000| Untracked 
| 202|0x000000008ca00000, 0x000000008cb00000, 0x000000008cb00000|100%| O|  |TAMS 0x000000008ca00000| PB 0x000000008ca00000| Untracked 
| 203|0x000000008cb00000, 0x000000008cc00000, 0x000000008cc00000|100%| O|  |TAMS 0x000000008cb00000| PB 0x000000008cb00000| Untracked 
| 204|0x000000008cc00000, 0x000000008cd00000, 0x000000008cd00000|100%| O|  |TAMS 0x000000008cc00000| PB 0x000000008cc00000| Untracked 
| 205|0x000000008cd00000, 0x000000008ce00000, 0x000000008ce00000|100%| O|  |TAMS 0x000000008cd00000| PB 0x000000008cd00000| Untracked 
| 206|0x000000008ce00000, 0x000000008cf00000, 0x000000008cf00000|100%| O|  |TAMS 0x000000008ce00000| PB 0x000000008ce00000| Untracked 
| 207|0x000000008cf00000, 0x000000008d000000, 0x000000008d000000|100%| O|  |TAMS 0x000000008cf00000| PB 0x000000008cf00000| Untracked 
| 208|0x000000008d000000, 0x000000008d100000, 0x000000008d100000|100%| O|  |TAMS 0x000000008d000000| PB 0x000000008d000000| Untracked 
| 209|0x000000008d100000, 0x000000008d200000, 0x000000008d200000|100%| O|  |TAMS 0x000000008d100000| PB 0x000000008d100000| Untracked 
| 210|0x000000008d200000, 0x000000008d300000, 0x000000008d300000|100%| O|  |TAMS 0x000000008d200000| PB 0x000000008d200000| Untracked 
| 211|0x000000008d300000, 0x000000008d400000, 0x000000008d400000|100%| O|  |TAMS 0x000000008d300000| PB 0x000000008d300000| Untracked 
| 212|0x000000008d400000, 0x000000008d500000, 0x000000008d500000|100%| O|  |TAMS 0x000000008d400000| PB 0x000000008d400000| Untracked 
| 213|0x000000008d500000, 0x000000008d600000, 0x000000008d600000|100%| O|  |TAMS 0x000000008d500000| PB 0x000000008d500000| Untracked 
| 214|0x000000008d600000, 0x000000008d700000, 0x000000008d700000|100%| O|  |TAMS 0x000000008d600000| PB 0x000000008d600000| Untracked 
| 215|0x000000008d700000, 0x000000008d800000, 0x000000008d800000|100%| O|  |TAMS 0x000000008d700000| PB 0x000000008d700000| Untracked 
| 216|0x000000008d800000, 0x000000008d900000, 0x000000008d900000|100%| O|  |TAMS 0x000000008d800000| PB 0x000000008d800000| Untracked 
| 217|0x000000008d900000, 0x000000008da00000, 0x000000008da00000|100%| O|  |TAMS 0x000000008d900000| PB 0x000000008d900000| Untracked 
| 218|0x000000008da00000, 0x000000008db00000, 0x000000008db00000|100%| O|  |TAMS 0x000000008da00000| PB 0x000000008da00000| Untracked 
| 219|0x000000008db00000, 0x000000008dc00000, 0x000000008dc00000|100%| O|  |TAMS 0x000000008db00000| PB 0x000000008db00000| Untracked 
| 220|0x000000008dc00000, 0x000000008dd00000, 0x000000008dd00000|100%| O|  |TAMS 0x000000008dc00000| PB 0x000000008dc00000| Untracked 
| 221|0x000000008dd00000, 0x000000008de00000, 0x000000008de00000|100%| O|  |TAMS 0x000000008dd00000| PB 0x000000008dd00000| Untracked 
| 222|0x000000008de00000, 0x000000008df00000, 0x000000008df00000|100%| O|  |TAMS 0x000000008de00000| PB 0x000000008de00000| Untracked 
| 223|0x000000008df00000, 0x000000008e000000, 0x000000008e000000|100%| O|  |TAMS 0x000000008df00000| PB 0x000000008df00000| Untracked 
| 224|0x000000008e000000, 0x000000008e100000, 0x000000008e100000|100%| O|  |TAMS 0x000000008e000000| PB 0x000000008e000000| Untracked 
| 225|0x000000008e100000, 0x000000008e200000, 0x000000008e200000|100%| O|  |TAMS 0x000000008e100000| PB 0x000000008e100000| Untracked 
| 226|0x000000008e200000, 0x000000008e300000, 0x000000008e300000|100%| O|  |TAMS 0x000000008e200000| PB 0x000000008e200000| Untracked 
| 227|0x000000008e300000, 0x000000008e400000, 0x000000008e400000|100%| O|  |TAMS 0x000000008e300000| PB 0x000000008e300000| Untracked 
| 228|0x000000008e400000, 0x000000008e500000, 0x000000008e500000|100%| O|  |TAMS 0x000000008e400000| PB 0x000000008e400000| Untracked 
| 229|0x000000008e500000, 0x000000008e600000, 0x000000008e600000|100%| O|  |TAMS 0x000000008e500000| PB 0x000000008e500000| Untracked 
| 230|0x000000008e600000, 0x000000008e700000, 0x000000008e700000|100%| O|  |TAMS 0x000000008e600000| PB 0x000000008e600000| Untracked 
| 231|0x000000008e700000, 0x000000008e800000, 0x000000008e800000|100%| O|  |TAMS 0x000000008e700000| PB 0x000000008e700000| Untracked 
| 232|0x000000008e800000, 0x000000008e900000, 0x000000008e900000|100%| O|  |TAMS 0x000000008e800000| PB 0x000000008e800000| Untracked 
| 233|0x000000008e900000, 0x000000008ea00000, 0x000000008ea00000|100%| O|  |TAMS 0x000000008e900000| PB 0x000000008e900000| Untracked 
| 234|0x000000008ea00000, 0x000000008eb00000, 0x000000008eb00000|100%| O|  |TAMS 0x000000008ea00000| PB 0x000000008ea00000| Untracked 
| 235|0x000000008eb00000, 0x000000008ec00000, 0x000000008ec00000|100%| O|  |TAMS 0x000000008eb00000| PB 0x000000008eb00000| Untracked 
| 236|0x000000008ec00000, 0x000000008ed00000, 0x000000008ed00000|100%| O|  |TAMS 0x000000008ec00000| PB 0x000000008ec00000| Untracked 
| 237|0x000000008ed00000, 0x000000008ee00000, 0x000000008ee00000|100%| O|  |TAMS 0x000000008ed00000| PB 0x000000008ed00000| Untracked 
| 238|0x000000008ee00000, 0x000000008ef00000, 0x000000008ef00000|100%| O|  |TAMS 0x000000008ee00000| PB 0x000000008ee00000| Untracked 
| 239|0x000000008ef00000, 0x000000008f000000, 0x000000008f000000|100%| O|  |TAMS 0x000000008ef00000| PB 0x000000008ef00000| Untracked 
| 240|0x000000008f000000, 0x000000008f100000, 0x000000008f100000|100%| O|  |TAMS 0x000000008f000000| PB 0x000000008f000000| Untracked 
| 241|0x000000008f100000, 0x000000008f200000, 0x000000008f200000|100%| O|  |TAMS 0x000000008f100000| PB 0x000000008f100000| Untracked 
| 242|0x000000008f200000, 0x000000008f300000, 0x000000008f300000|100%| O|  |TAMS 0x000000008f200000| PB 0x000000008f200000| Untracked 
| 243|0x000000008f300000, 0x000000008f400000, 0x000000008f400000|100%| O|  |TAMS 0x000000008f300000| PB 0x000000008f300000| Untracked 
| 244|0x000000008f400000, 0x000000008f500000, 0x000000008f500000|100%| O|  |TAMS 0x000000008f400000| PB 0x000000008f400000| Untracked 
| 245|0x000000008f500000, 0x000000008f600000, 0x000000008f600000|100%| O|  |TAMS 0x000000008f500000| PB 0x000000008f500000| Untracked 
| 246|0x000000008f600000, 0x000000008f700000, 0x000000008f700000|100%| O|  |TAMS 0x000000008f600000| PB 0x000000008f600000| Untracked 
| 247|0x000000008f700000, 0x000000008f800000, 0x000000008f800000|100%| O|  |TAMS 0x000000008f700000| PB 0x000000008f700000| Untracked 
| 248|0x000000008f800000, 0x000000008f900000, 0x000000008f900000|100%| O|  |TAMS 0x000000008f800000| PB 0x000000008f800000| Untracked 
| 249|0x000000008f900000, 0x000000008fa00000, 0x000000008fa00000|100%| O|  |TAMS 0x000000008f900000| PB 0x000000008f900000| Untracked 
| 250|0x000000008fa00000, 0x000000008fb00000, 0x000000008fb00000|100%| O|  |TAMS 0x000000008fa00000| PB 0x000000008fa00000| Untracked 
| 251|0x000000008fb00000, 0x000000008fc00000, 0x000000008fc00000|100%| O|  |TAMS 0x000000008fb00000| PB 0x000000008fb00000| Untracked 
| 252|0x000000008fc00000, 0x000000008fd00000, 0x000000008fd00000|100%| O|  |TAMS 0x000000008fc00000| PB 0x000000008fc00000| Untracked 
| 253|0x000000008fd00000, 0x000000008fe00000, 0x000000008fe00000|100%| O|  |TAMS 0x000000008fd00000| PB 0x000000008fd00000| Untracked 
| 254|0x000000008fe00000, 0x000000008ff00000, 0x000000008ff00000|100%| O|  |TAMS 0x000000008fe00000| PB 0x000000008fe00000| Untracked 
| 255|0x000000008ff00000, 0x0000000090000000, 0x0000000090000000|100%| O|  |TAMS 0x000000008ff00000| PB 0x000000008ff00000| Untracked 
| 256|0x0000000090000000, 0x0000000090100000, 0x0000000090100000|100%| O|  |TAMS 0x0000000090000000| PB 0x0000000090000000| Untracked 
| 257|0x0000000090100000, 0x0000000090200000, 0x0000000090200000|100%| O|  |TAMS 0x0000000090100000| PB 0x0000000090100000| Untracked 
| 258|0x0000000090200000, 0x0000000090300000, 0x0000000090300000|100%| O|  |TAMS 0x0000000090200000| PB 0x0000000090200000| Untracked 
| 259|0x0000000090300000, 0x0000000090400000, 0x0000000090400000|100%| O|  |TAMS 0x0000000090300000| PB 0x0000000090300000| Untracked 
| 260|0x0000000090400000, 0x0000000090500000, 0x0000000090500000|100%| O|  |TAMS 0x0000000090400000| PB 0x0000000090400000| Untracked 
| 261|0x0000000090500000, 0x0000000090600000, 0x0000000090600000|100%| O|  |TAMS 0x0000000090500000| PB 0x0000000090500000| Untracked 
| 262|0x0000000090600000, 0x0000000090700000, 0x0000000090700000|100%| O|  |TAMS 0x0000000090600000| PB 0x0000000090600000| Untracked 
| 263|0x0000000090700000, 0x0000000090800000, 0x0000000090800000|100%| O|  |TAMS 0x0000000090700000| PB 0x0000000090700000| Untracked 
| 264|0x0000000090800000, 0x0000000090900000, 0x0000000090900000|100%| O|  |TAMS 0x0000000090800000| PB 0x0000000090800000| Untracked 
| 265|0x0000000090900000, 0x0000000090a00000, 0x0000000090a00000|100%| O|  |TAMS 0x0000000090900000| PB 0x0000000090900000| Untracked 
| 266|0x0000000090a00000, 0x0000000090b00000, 0x0000000090b00000|100%| O|  |TAMS 0x0000000090a00000| PB 0x0000000090a00000| Untracked 
| 267|0x0000000090b00000, 0x0000000090c00000, 0x0000000090c00000|100%| O|  |TAMS 0x0000000090b00000| PB 0x0000000090b00000| Untracked 
| 268|0x0000000090c00000, 0x0000000090d00000, 0x0000000090d00000|100%| O|  |TAMS 0x0000000090c00000| PB 0x0000000090c00000| Untracked 
| 269|0x0000000090d00000, 0x0000000090e00000, 0x0000000090e00000|100%| O|  |TAMS 0x0000000090d00000| PB 0x0000000090d00000| Untracked 
| 270|0x0000000090e00000, 0x0000000090f00000, 0x0000000090f00000|100%| O|  |TAMS 0x0000000090e00000| PB 0x0000000090e00000| Untracked 
| 271|0x0000000090f00000, 0x0000000091000000, 0x0000000091000000|100%| O|  |TAMS 0x0000000090f00000| PB 0x0000000090f00000| Untracked 
| 272|0x0000000091000000, 0x0000000091100000, 0x0000000091100000|100%| O|  |TAMS 0x0000000091000000| PB 0x0000000091000000| Untracked 
| 273|0x0000000091100000, 0x0000000091200000, 0x0000000091200000|100%| O|  |TAMS 0x0000000091100000| PB 0x0000000091100000| Untracked 
| 274|0x0000000091200000, 0x0000000091300000, 0x0000000091300000|100%| O|  |TAMS 0x0000000091200000| PB 0x0000000091200000| Untracked 
| 275|0x0000000091300000, 0x0000000091400000, 0x0000000091400000|100%| O|  |TAMS 0x0000000091300000| PB 0x0000000091300000| Untracked 
| 276|0x0000000091400000, 0x0000000091500000, 0x0000000091500000|100%| O|  |TAMS 0x0000000091400000| PB 0x0000000091400000| Untracked 
| 277|0x0000000091500000, 0x0000000091600000, 0x0000000091600000|100%| O|  |TAMS 0x0000000091500000| PB 0x0000000091500000| Untracked 
| 278|0x0000000091600000, 0x0000000091700000, 0x0000000091700000|100%| O|  |TAMS 0x0000000091600000| PB 0x0000000091600000| Untracked 
| 279|0x0000000091700000, 0x0000000091800000, 0x0000000091800000|100%| O|  |TAMS 0x0000000091700000| PB 0x0000000091700000| Untracked 
| 280|0x0000000091800000, 0x0000000091800000, 0x0000000091900000|  0%| F|  |TAMS 0x0000000091800000| PB 0x0000000091800000| Untracked 
| 281|0x0000000091900000, 0x0000000091900000, 0x0000000091a00000|  0%| F|  |TAMS 0x0000000091900000| PB 0x0000000091900000| Untracked 
| 282|0x0000000091a00000, 0x0000000091a00000, 0x0000000091b00000|  0%| F|  |TAMS 0x0000000091a00000| PB 0x0000000091a00000| Untracked 
| 283|0x0000000091b00000, 0x0000000091b00000, 0x0000000091c00000|  0%| F|  |TAMS 0x0000000091b00000| PB 0x0000000091b00000| Untracked 
| 284|0x0000000091c00000, 0x0000000091c00000, 0x0000000091d00000|  0%| F|  |TAMS 0x0000000091c00000| PB 0x0000000091c00000| Untracked 
| 285|0x0000000091d00000, 0x0000000091d00000, 0x0000000091e00000|  0%| F|  |TAMS 0x0000000091d00000| PB 0x0000000091d00000| Untracked 
| 286|0x0000000091e00000, 0x0000000091e00000, 0x0000000091f00000|  0%| F|  |TAMS 0x0000000091e00000| PB 0x0000000091e00000| Untracked 
| 287|0x0000000091f00000, 0x0000000091f00000, 0x0000000092000000|  0%| F|  |TAMS 0x0000000091f00000| PB 0x0000000091f00000| Untracked 
| 288|0x0000000092000000, 0x0000000092000000, 0x0000000092100000|  0%| F|  |TAMS 0x0000000092000000| PB 0x0000000092000000| Untracked 
| 289|0x0000000092100000, 0x0000000092100000, 0x0000000092200000|  0%| F|  |TAMS 0x0000000092100000| PB 0x0000000092100000| Untracked 
| 290|0x0000000092200000, 0x0000000092200000, 0x0000000092300000|  0%| F|  |TAMS 0x0000000092200000| PB 0x0000000092200000| Untracked 
| 291|0x0000000092300000, 0x0000000092400000, 0x0000000092400000|100%| O|  |TAMS 0x0000000092300000| PB 0x0000000092300000| Untracked 
| 292|0x0000000092400000, 0x0000000092500000, 0x0000000092500000|100%| O|  |TAMS 0x0000000092400000| PB 0x0000000092400000| Untracked 
| 293|0x0000000092500000, 0x0000000092600000, 0x0000000092600000|100%| O|  |TAMS 0x0000000092500000| PB 0x0000000092500000| Untracked 
| 294|0x0000000092600000, 0x0000000092700000, 0x0000000092700000|100%| O|  |TAMS 0x0000000092600000| PB 0x0000000092600000| Untracked 
| 295|0x0000000092700000, 0x0000000092800000, 0x0000000092800000|100%| O|  |TAMS 0x0000000092700000| PB 0x0000000092700000| Untracked 
| 296|0x0000000092800000, 0x0000000092900000, 0x0000000092900000|100%| O|  |TAMS 0x0000000092800000| PB 0x0000000092800000| Untracked 
| 297|0x0000000092900000, 0x0000000092a00000, 0x0000000092a00000|100%| O|  |TAMS 0x0000000092900000| PB 0x0000000092900000| Untracked 
| 298|0x0000000092a00000, 0x0000000092b00000, 0x0000000092b00000|100%| O|  |TAMS 0x0000000092a00000| PB 0x0000000092a00000| Untracked 
| 299|0x0000000092b00000, 0x0000000092c00000, 0x0000000092c00000|100%| O|  |TAMS 0x0000000092b00000| PB 0x0000000092b00000| Untracked 
| 300|0x0000000092c00000, 0x0000000092d00000, 0x0000000092d00000|100%| O|  |TAMS 0x0000000092c00000| PB 0x0000000092c00000| Untracked 
| 301|0x0000000092d00000, 0x0000000092e00000, 0x0000000092e00000|100%| O|  |TAMS 0x0000000092d00000| PB 0x0000000092d00000| Untracked 
| 302|0x0000000092e00000, 0x0000000092f00000, 0x0000000092f00000|100%| O|  |TAMS 0x0000000092e00000| PB 0x0000000092e00000| Untracked 
| 303|0x0000000092f00000, 0x0000000093000000, 0x0000000093000000|100%| O|  |TAMS 0x0000000092f00000| PB 0x0000000092f00000| Untracked 
| 304|0x0000000093000000, 0x0000000093100000, 0x0000000093100000|100%| O|  |TAMS 0x0000000093000000| PB 0x0000000093000000| Untracked 
| 305|0x0000000093100000, 0x0000000093200000, 0x0000000093200000|100%| O|  |TAMS 0x0000000093100000| PB 0x0000000093100000| Untracked 
| 306|0x0000000093200000, 0x0000000093300000, 0x0000000093300000|100%| O|  |TAMS 0x0000000093200000| PB 0x0000000093200000| Untracked 
| 307|0x0000000093300000, 0x0000000093400000, 0x0000000093400000|100%| O|  |TAMS 0x0000000093300000| PB 0x0000000093300000| Untracked 
| 308|0x0000000093400000, 0x0000000093500000, 0x0000000093500000|100%| O|  |TAMS 0x0000000093400000| PB 0x0000000093400000| Untracked 
| 309|0x0000000093500000, 0x0000000093600000, 0x0000000093600000|100%| O|  |TAMS 0x0000000093500000| PB 0x0000000093500000| Untracked 
| 310|0x0000000093600000, 0x0000000093680000, 0x0000000093700000| 50%| O|  |TAMS 0x0000000093600000| PB 0x0000000093600000| Untracked 
| 311|0x0000000093700000, 0x0000000093700000, 0x0000000093800000|  0%| F|  |TAMS 0x0000000093700000| PB 0x0000000093700000| Untracked 
| 312|0x0000000093800000, 0x0000000093800000, 0x0000000093900000|  0%| F|  |TAMS 0x0000000093800000| PB 0x0000000093800000| Untracked 
| 313|0x0000000093900000, 0x0000000093900000, 0x0000000093a00000|  0%| F|  |TAMS 0x0000000093900000| PB 0x0000000093900000| Untracked 
| 314|0x0000000093a00000, 0x0000000093a00000, 0x0000000093b00000|  0%| F|  |TAMS 0x0000000093a00000| PB 0x0000000093a00000| Untracked 
| 315|0x0000000093b00000, 0x0000000093b00000, 0x0000000093c00000|  0%| F|  |TAMS 0x0000000093b00000| PB 0x0000000093b00000| Untracked 
| 316|0x0000000093c00000, 0x0000000093c00000, 0x0000000093d00000|  0%| F|  |TAMS 0x0000000093c00000| PB 0x0000000093c00000| Untracked 
| 317|0x0000000093d00000, 0x0000000093d00000, 0x0000000093e00000|  0%| F|  |TAMS 0x0000000093d00000| PB 0x0000000093d00000| Untracked 
| 318|0x0000000093e00000, 0x0000000093e00000, 0x0000000093f00000|  0%| F|  |TAMS 0x0000000093e00000| PB 0x0000000093e00000| Untracked 
| 319|0x0000000093f00000, 0x0000000093f00000, 0x0000000094000000|  0%| F|  |TAMS 0x0000000093f00000| PB 0x0000000093f00000| Untracked 
| 320|0x0000000094000000, 0x0000000094000000, 0x0000000094100000|  0%| F|  |TAMS 0x0000000094000000| PB 0x0000000094000000| Untracked 
| 321|0x0000000094100000, 0x0000000094100000, 0x0000000094200000|  0%| F|  |TAMS 0x0000000094100000| PB 0x0000000094100000| Untracked 
| 322|0x0000000094200000, 0x0000000094200000, 0x0000000094300000|  0%| F|  |TAMS 0x0000000094200000| PB 0x0000000094200000| Untracked 
| 323|0x0000000094300000, 0x0000000094300000, 0x0000000094400000|  0%| F|  |TAMS 0x0000000094300000| PB 0x0000000094300000| Untracked 
| 324|0x0000000094400000, 0x0000000094400000, 0x0000000094500000|  0%| F|  |TAMS 0x0000000094400000| PB 0x0000000094400000| Untracked 
| 325|0x0000000094500000, 0x0000000094500000, 0x0000000094600000|  0%| F|  |TAMS 0x0000000094500000| PB 0x0000000094500000| Untracked 
| 326|0x0000000094600000, 0x0000000094600000, 0x0000000094700000|  0%| F|  |TAMS 0x0000000094600000| PB 0x0000000094600000| Untracked 
| 327|0x0000000094700000, 0x0000000094700000, 0x0000000094800000|  0%| F|  |TAMS 0x0000000094700000| PB 0x0000000094700000| Untracked 
| 328|0x0000000094800000, 0x0000000094800000, 0x0000000094900000|  0%| F|  |TAMS 0x0000000094800000| PB 0x0000000094800000| Untracked 
| 329|0x0000000094900000, 0x0000000094900000, 0x0000000094a00000|  0%| F|  |TAMS 0x0000000094900000| PB 0x0000000094900000| Untracked 
| 330|0x0000000094a00000, 0x0000000094a00000, 0x0000000094b00000|  0%| F|  |TAMS 0x0000000094a00000| PB 0x0000000094a00000| Untracked 
| 331|0x0000000094b00000, 0x0000000094b00000, 0x0000000094c00000|  0%| F|  |TAMS 0x0000000094b00000| PB 0x0000000094b00000| Untracked 
| 332|0x0000000094c00000, 0x0000000094c00000, 0x0000000094d00000|  0%| F|  |TAMS 0x0000000094c00000| PB 0x0000000094c00000| Untracked 
| 333|0x0000000094d00000, 0x0000000094d00000, 0x0000000094e00000|  0%| F|  |TAMS 0x0000000094d00000| PB 0x0000000094d00000| Untracked 
| 334|0x0000000094e00000, 0x0000000094e00000, 0x0000000094f00000|  0%| F|  |TAMS 0x0000000094e00000| PB 0x0000000094e00000| Untracked 
| 335|0x0000000094f00000, 0x0000000094f00000, 0x0000000095000000|  0%| F|  |TAMS 0x0000000094f00000| PB 0x0000000094f00000| Untracked 
| 336|0x0000000095000000, 0x0000000095000000, 0x0000000095100000|  0%| F|  |TAMS 0x0000000095000000| PB 0x0000000095000000| Untracked 
| 337|0x0000000095100000, 0x0000000095100000, 0x0000000095200000|  0%| F|  |TAMS 0x0000000095100000| PB 0x0000000095100000| Untracked 
| 338|0x0000000095200000, 0x0000000095200000, 0x0000000095300000|  0%| F|  |TAMS 0x0000000095200000| PB 0x0000000095200000| Untracked 
| 339|0x0000000095300000, 0x0000000095300000, 0x0000000095400000|  0%| F|  |TAMS 0x0000000095300000| PB 0x0000000095300000| Untracked 
| 340|0x0000000095400000, 0x0000000095400000, 0x0000000095500000|  0%| F|  |TAMS 0x0000000095400000| PB 0x0000000095400000| Untracked 
| 341|0x0000000095500000, 0x0000000095500000, 0x0000000095600000|  0%| F|  |TAMS 0x0000000095500000| PB 0x0000000095500000| Untracked 
| 342|0x0000000095600000, 0x0000000095600000, 0x0000000095700000|  0%| F|  |TAMS 0x0000000095600000| PB 0x0000000095600000| Untracked 
| 343|0x0000000095700000, 0x0000000095700000, 0x0000000095800000|  0%| F|  |TAMS 0x0000000095700000| PB 0x0000000095700000| Untracked 
| 344|0x0000000095800000, 0x0000000095800000, 0x0000000095900000|  0%| F|  |TAMS 0x0000000095800000| PB 0x0000000095800000| Untracked 
| 345|0x0000000095900000, 0x0000000095900000, 0x0000000095a00000|  0%| F|  |TAMS 0x0000000095900000| PB 0x0000000095900000| Untracked 
| 346|0x0000000095a00000, 0x0000000095a00000, 0x0000000095b00000|  0%| F|  |TAMS 0x0000000095a00000| PB 0x0000000095a00000| Untracked 
| 347|0x0000000095b00000, 0x0000000095b00000, 0x0000000095c00000|  0%| F|  |TAMS 0x0000000095b00000| PB 0x0000000095b00000| Untracked 
| 348|0x0000000095c00000, 0x0000000095c00000, 0x0000000095d00000|  0%| F|  |TAMS 0x0000000095c00000| PB 0x0000000095c00000| Untracked 
| 349|0x0000000095d00000, 0x0000000095d00000, 0x0000000095e00000|  0%| F|  |TAMS 0x0000000095d00000| PB 0x0000000095d00000| Untracked 
| 350|0x0000000095e00000, 0x0000000095e00000, 0x0000000095f00000|  0%| F|  |TAMS 0x0000000095e00000| PB 0x0000000095e00000| Untracked 
| 351|0x0000000095f00000, 0x0000000095f00000, 0x0000000096000000|  0%| F|  |TAMS 0x0000000095f00000| PB 0x0000000095f00000| Untracked 
| 352|0x0000000096000000, 0x0000000096000000, 0x0000000096100000|  0%| F|  |TAMS 0x0000000096000000| PB 0x0000000096000000| Untracked 
| 353|0x0000000096100000, 0x0000000096100000, 0x0000000096200000|  0%| F|  |TAMS 0x0000000096100000| PB 0x0000000096100000| Untracked 
| 354|0x0000000096200000, 0x0000000096200000, 0x0000000096300000|  0%| F|  |TAMS 0x0000000096200000| PB 0x0000000096200000| Untracked 
| 355|0x0000000096300000, 0x0000000096300000, 0x0000000096400000|  0%| F|  |TAMS 0x0000000096300000| PB 0x0000000096300000| Untracked 
| 356|0x0000000096400000, 0x0000000096400000, 0x0000000096500000|  0%| F|  |TAMS 0x0000000096400000| PB 0x0000000096400000| Untracked 
| 357|0x0000000096500000, 0x0000000096500000, 0x0000000096600000|  0%| F|  |TAMS 0x0000000096500000| PB 0x0000000096500000| Untracked 
| 358|0x0000000096600000, 0x0000000096600000, 0x0000000096700000|  0%| F|  |TAMS 0x0000000096600000| PB 0x0000000096600000| Untracked 
| 359|0x0000000096700000, 0x0000000096700000, 0x0000000096800000|  0%| F|  |TAMS 0x0000000096700000| PB 0x0000000096700000| Untracked 
| 360|0x0000000096800000, 0x0000000096800000, 0x0000000096900000|  0%| F|  |TAMS 0x0000000096800000| PB 0x0000000096800000| Untracked 
| 361|0x0000000096900000, 0x0000000096900000, 0x0000000096a00000|  0%| F|  |TAMS 0x0000000096900000| PB 0x0000000096900000| Untracked 
| 362|0x0000000096a00000, 0x0000000096a00000, 0x0000000096b00000|  0%| F|  |TAMS 0x0000000096a00000| PB 0x0000000096a00000| Untracked 
| 363|0x0000000096b00000, 0x0000000096b00000, 0x0000000096c00000|  0%| F|  |TAMS 0x0000000096b00000| PB 0x0000000096b00000| Untracked 
| 364|0x0000000096c00000, 0x0000000096c00000, 0x0000000096d00000|  0%| F|  |TAMS 0x0000000096c00000| PB 0x0000000096c00000| Untracked 
| 365|0x0000000096d00000, 0x0000000096d00000, 0x0000000096e00000|  0%| F|  |TAMS 0x0000000096d00000| PB 0x0000000096d00000| Untracked 
| 366|0x0000000096e00000, 0x0000000096e00000, 0x0000000096f00000|  0%| F|  |TAMS 0x0000000096e00000| PB 0x0000000096e00000| Untracked 
| 367|0x0000000096f00000, 0x0000000096f00000, 0x0000000097000000|  0%| F|  |TAMS 0x0000000096f00000| PB 0x0000000096f00000| Untracked 
| 368|0x0000000097000000, 0x0000000097000000, 0x0000000097100000|  0%| F|  |TAMS 0x0000000097000000| PB 0x0000000097000000| Untracked 
| 369|0x0000000097100000, 0x0000000097100000, 0x0000000097200000|  0%| F|  |TAMS 0x0000000097100000| PB 0x0000000097100000| Untracked 
| 370|0x0000000097200000, 0x0000000097200000, 0x0000000097300000|  0%| F|  |TAMS 0x0000000097200000| PB 0x0000000097200000| Untracked 
| 371|0x0000000097300000, 0x0000000097300000, 0x0000000097400000|  0%| F|  |TAMS 0x0000000097300000| PB 0x0000000097300000| Untracked 
| 372|0x0000000097400000, 0x0000000097400000, 0x0000000097500000|  0%| F|  |TAMS 0x0000000097400000| PB 0x0000000097400000| Untracked 
| 373|0x0000000097500000, 0x0000000097500000, 0x0000000097600000|  0%| F|  |TAMS 0x0000000097500000| PB 0x0000000097500000| Untracked 
| 374|0x0000000097600000, 0x0000000097600000, 0x0000000097700000|  0%| F|  |TAMS 0x0000000097600000| PB 0x0000000097600000| Untracked 
| 375|0x0000000097700000, 0x0000000097700000, 0x0000000097800000|  0%| F|  |TAMS 0x0000000097700000| PB 0x0000000097700000| Untracked 
| 376|0x0000000097800000, 0x0000000097800000, 0x0000000097900000|  0%| F|  |TAMS 0x0000000097800000| PB 0x0000000097800000| Untracked 
| 377|0x0000000097900000, 0x0000000097900000, 0x0000000097a00000|  0%| F|  |TAMS 0x0000000097900000| PB 0x0000000097900000| Untracked 
| 378|0x0000000097a00000, 0x0000000097a00000, 0x0000000097b00000|  0%| F|  |TAMS 0x0000000097a00000| PB 0x0000000097a00000| Untracked 
| 379|0x0000000097b00000, 0x0000000097b00000, 0x0000000097c00000|  0%| F|  |TAMS 0x0000000097b00000| PB 0x0000000097b00000| Untracked 
| 380|0x0000000097c00000, 0x0000000097d00000, 0x0000000097d00000|100%| S|CS|TAMS 0x0000000097c00000| PB 0x0000000097c00000| Complete 
| 381|0x0000000097d00000, 0x0000000097e00000, 0x0000000097e00000|100%| S|CS|TAMS 0x0000000097d00000| PB 0x0000000097d00000| Complete 
| 382|0x0000000097e00000, 0x0000000097f00000, 0x0000000097f00000|100%| S|CS|TAMS 0x0000000097e00000| PB 0x0000000097e00000| Complete 
| 383|0x0000000097f00000, 0x0000000098000000, 0x0000000098000000|100%| S|CS|TAMS 0x0000000097f00000| PB 0x0000000097f00000| Complete 
| 384|0x0000000098000000, 0x0000000098100000, 0x0000000098100000|100%| S|CS|TAMS 0x0000000098000000| PB 0x0000000098000000| Complete 
| 385|0x0000000098100000, 0x0000000098200000, 0x0000000098200000|100%| S|CS|TAMS 0x0000000098100000| PB 0x0000000098100000| Complete 
| 386|0x0000000098200000, 0x0000000098300000, 0x0000000098300000|100%| S|CS|TAMS 0x0000000098200000| PB 0x0000000098200000| Complete 
| 387|0x0000000098300000, 0x0000000098400000, 0x0000000098400000|100%| S|CS|TAMS 0x0000000098300000| PB 0x0000000098300000| Complete 
| 388|0x0000000098400000, 0x0000000098500000, 0x0000000098500000|100%| S|CS|TAMS 0x0000000098400000| PB 0x0000000098400000| Complete 
| 389|0x0000000098500000, 0x0000000098600000, 0x0000000098600000|100%| S|CS|TAMS 0x0000000098500000| PB 0x0000000098500000| Complete 
| 390|0x0000000098600000, 0x0000000098700000, 0x0000000098700000|100%| S|CS|TAMS 0x0000000098600000| PB 0x0000000098600000| Complete 
| 391|0x0000000098700000, 0x0000000098800000, 0x0000000098800000|100%| S|CS|TAMS 0x0000000098700000| PB 0x0000000098700000| Complete 
| 392|0x0000000098800000, 0x0000000098900000, 0x0000000098900000|100%| S|CS|TAMS 0x0000000098800000| PB 0x0000000098800000| Complete 
| 393|0x0000000098900000, 0x0000000098a00000, 0x0000000098a00000|100%| S|CS|TAMS 0x0000000098900000| PB 0x0000000098900000| Complete 
| 394|0x0000000098a00000, 0x0000000098b00000, 0x0000000098b00000|100%| S|CS|TAMS 0x0000000098a00000| PB 0x0000000098a00000| Complete 
| 395|0x0000000098b00000, 0x0000000098c00000, 0x0000000098c00000|100%| S|CS|TAMS 0x0000000098b00000| PB 0x0000000098b00000| Complete 
| 396|0x0000000098c00000, 0x0000000098d00000, 0x0000000098d00000|100%| S|CS|TAMS 0x0000000098c00000| PB 0x0000000098c00000| Complete 
| 397|0x0000000098d00000, 0x0000000098e00000, 0x0000000098e00000|100%| S|CS|TAMS 0x0000000098d00000| PB 0x0000000098d00000| Complete 
| 398|0x0000000098e00000, 0x0000000098f00000, 0x0000000098f00000|100%| S|CS|TAMS 0x0000000098e00000| PB 0x0000000098e00000| Complete 
| 399|0x0000000098f00000, 0x0000000099000000, 0x0000000099000000|100%| S|CS|TAMS 0x0000000098f00000| PB 0x0000000098f00000| Complete 
| 400|0x0000000099000000, 0x0000000099100000, 0x0000000099100000|100%| S|CS|TAMS 0x0000000099000000| PB 0x0000000099000000| Complete 
| 401|0x0000000099100000, 0x0000000099200000, 0x0000000099200000|100%| S|CS|TAMS 0x0000000099100000| PB 0x0000000099100000| Complete 
| 402|0x0000000099200000, 0x0000000099300000, 0x0000000099300000|100%| S|CS|TAMS 0x0000000099200000| PB 0x0000000099200000| Complete 
| 403|0x0000000099300000, 0x0000000099400000, 0x0000000099400000|100%| S|CS|TAMS 0x0000000099300000| PB 0x0000000099300000| Complete 
| 404|0x0000000099400000, 0x0000000099500000, 0x0000000099500000|100%| S|CS|TAMS 0x0000000099400000| PB 0x0000000099400000| Complete 
| 405|0x0000000099500000, 0x0000000099600000, 0x0000000099600000|100%| S|CS|TAMS 0x0000000099500000| PB 0x0000000099500000| Complete 
| 406|0x0000000099600000, 0x0000000099700000, 0x0000000099700000|100%| S|CS|TAMS 0x0000000099600000| PB 0x0000000099600000| Complete 
| 407|0x0000000099700000, 0x0000000099800000, 0x0000000099800000|100%| S|CS|TAMS 0x0000000099700000| PB 0x0000000099700000| Complete 
| 408|0x0000000099800000, 0x0000000099900000, 0x0000000099900000|100%| S|CS|TAMS 0x0000000099800000| PB 0x0000000099800000| Complete 
| 409|0x0000000099900000, 0x0000000099a00000, 0x0000000099a00000|100%| S|CS|TAMS 0x0000000099900000| PB 0x0000000099900000| Complete 
| 410|0x0000000099a00000, 0x0000000099b00000, 0x0000000099b00000|100%| S|CS|TAMS 0x0000000099a00000| PB 0x0000000099a00000| Complete 
| 411|0x0000000099b00000, 0x0000000099c00000, 0x0000000099c00000|100%| S|CS|TAMS 0x0000000099b00000| PB 0x0000000099b00000| Complete 
| 412|0x0000000099c00000, 0x0000000099d00000, 0x0000000099d00000|100%| S|CS|TAMS 0x0000000099c00000| PB 0x0000000099c00000| Complete 
| 413|0x0000000099d00000, 0x0000000099e00000, 0x0000000099e00000|100%| S|CS|TAMS 0x0000000099d00000| PB 0x0000000099d00000| Complete 
| 414|0x0000000099e00000, 0x0000000099f00000, 0x0000000099f00000|100%| S|CS|TAMS 0x0000000099e00000| PB 0x0000000099e00000| Complete 
| 415|0x0000000099f00000, 0x000000009a000000, 0x000000009a000000|100%| S|CS|TAMS 0x0000000099f00000| PB 0x0000000099f00000| Complete 
| 416|0x000000009a000000, 0x000000009a100000, 0x000000009a100000|100%| S|CS|TAMS 0x000000009a000000| PB 0x000000009a000000| Complete 
| 417|0x000000009a100000, 0x000000009a100000, 0x000000009a200000|  0%| F|  |TAMS 0x000000009a100000| PB 0x000000009a100000| Untracked 
| 418|0x000000009a200000, 0x000000009a200000, 0x000000009a300000|  0%| F|  |TAMS 0x000000009a200000| PB 0x000000009a200000| Untracked 
| 419|0x000000009a300000, 0x000000009a300000, 0x000000009a400000|  0%| F|  |TAMS 0x000000009a300000| PB 0x000000009a300000| Untracked 
| 420|0x000000009a400000, 0x000000009a400000, 0x000000009a500000|  0%| F|  |TAMS 0x000000009a400000| PB 0x000000009a400000| Untracked 
| 421|0x000000009a500000, 0x000000009a500000, 0x000000009a600000|  0%| F|  |TAMS 0x000000009a500000| PB 0x000000009a500000| Untracked 
| 422|0x000000009a600000, 0x000000009a600000, 0x000000009a700000|  0%| F|  |TAMS 0x000000009a600000| PB 0x000000009a600000| Untracked 
| 423|0x000000009a700000, 0x000000009a700000, 0x000000009a800000|  0%| F|  |TAMS 0x000000009a700000| PB 0x000000009a700000| Untracked 
| 424|0x000000009a800000, 0x000000009a800000, 0x000000009a900000|  0%| F|  |TAMS 0x000000009a800000| PB 0x000000009a800000| Untracked 
| 425|0x000000009a900000, 0x000000009a900000, 0x000000009aa00000|  0%| F|  |TAMS 0x000000009a900000| PB 0x000000009a900000| Untracked 
| 426|0x000000009aa00000, 0x000000009aa00000, 0x000000009ab00000|  0%| F|  |TAMS 0x000000009aa00000| PB 0x000000009aa00000| Untracked 
| 427|0x000000009ab00000, 0x000000009ab00000, 0x000000009ac00000|  0%| F|  |TAMS 0x000000009ab00000| PB 0x000000009ab00000| Untracked 
| 428|0x000000009ac00000, 0x000000009ac00000, 0x000000009ad00000|  0%| F|  |TAMS 0x000000009ac00000| PB 0x000000009ac00000| Untracked 
| 429|0x000000009ad00000, 0x000000009ad00000, 0x000000009ae00000|  0%| F|  |TAMS 0x000000009ad00000| PB 0x000000009ad00000| Untracked 
| 430|0x000000009ae00000, 0x000000009ae00000, 0x000000009af00000|  0%| F|  |TAMS 0x000000009ae00000| PB 0x000000009ae00000| Untracked 
| 431|0x000000009af00000, 0x000000009af00000, 0x000000009b000000|  0%| F|  |TAMS 0x000000009af00000| PB 0x000000009af00000| Untracked 
| 432|0x000000009b000000, 0x000000009b000000, 0x000000009b100000|  0%| F|  |TAMS 0x000000009b000000| PB 0x000000009b000000| Untracked 
| 433|0x000000009b100000, 0x000000009b100000, 0x000000009b200000|  0%| F|  |TAMS 0x000000009b100000| PB 0x000000009b100000| Untracked 
| 434|0x000000009b200000, 0x000000009b200000, 0x000000009b300000|  0%| F|  |TAMS 0x000000009b200000| PB 0x000000009b200000| Untracked 
| 435|0x000000009b300000, 0x000000009b300000, 0x000000009b400000|  0%| F|  |TAMS 0x000000009b300000| PB 0x000000009b300000| Untracked 
| 436|0x000000009b400000, 0x000000009b400000, 0x000000009b500000|  0%| F|  |TAMS 0x000000009b400000| PB 0x000000009b400000| Untracked 
| 437|0x000000009b500000, 0x000000009b500000, 0x000000009b600000|  0%| F|  |TAMS 0x000000009b500000| PB 0x000000009b500000| Untracked 
| 438|0x000000009b600000, 0x000000009b600000, 0x000000009b700000|  0%| F|  |TAMS 0x000000009b600000| PB 0x000000009b600000| Untracked 
| 439|0x000000009b700000, 0x000000009b700000, 0x000000009b800000|  0%| F|  |TAMS 0x000000009b700000| PB 0x000000009b700000| Untracked 
| 440|0x000000009b800000, 0x000000009b800000, 0x000000009b900000|  0%| F|  |TAMS 0x000000009b800000| PB 0x000000009b800000| Untracked 
| 441|0x000000009b900000, 0x000000009b900000, 0x000000009ba00000|  0%| F|  |TAMS 0x000000009b900000| PB 0x000000009b900000| Untracked 
| 442|0x000000009ba00000, 0x000000009ba00000, 0x000000009bb00000|  0%| F|  |TAMS 0x000000009ba00000| PB 0x000000009ba00000| Untracked 
| 443|0x000000009bb00000, 0x000000009bb00000, 0x000000009bc00000|  0%| F|  |TAMS 0x000000009bb00000| PB 0x000000009bb00000| Untracked 
| 444|0x000000009bc00000, 0x000000009bc00000, 0x000000009bd00000|  0%| F|  |TAMS 0x000000009bc00000| PB 0x000000009bc00000| Untracked 
| 445|0x000000009bd00000, 0x000000009bd00000, 0x000000009be00000|  0%| F|  |TAMS 0x000000009bd00000| PB 0x000000009bd00000| Untracked 
| 446|0x000000009be00000, 0x000000009be00000, 0x000000009bf00000|  0%| F|  |TAMS 0x000000009be00000| PB 0x000000009be00000| Untracked 
| 447|0x000000009bf00000, 0x000000009bf00000, 0x000000009c000000|  0%| F|  |TAMS 0x000000009bf00000| PB 0x000000009bf00000| Untracked 
| 448|0x000000009c000000, 0x000000009c000000, 0x000000009c100000|  0%| F|  |TAMS 0x000000009c000000| PB 0x000000009c000000| Untracked 
| 449|0x000000009c100000, 0x000000009c100000, 0x000000009c200000|  0%| F|  |TAMS 0x000000009c100000| PB 0x000000009c100000| Untracked 
| 450|0x000000009c200000, 0x000000009c200000, 0x000000009c300000|  0%| F|  |TAMS 0x000000009c200000| PB 0x000000009c200000| Untracked 
| 451|0x000000009c300000, 0x000000009c300000, 0x000000009c400000|  0%| F|  |TAMS 0x000000009c300000| PB 0x000000009c300000| Untracked 
| 452|0x000000009c400000, 0x000000009c400000, 0x000000009c500000|  0%| F|  |TAMS 0x000000009c400000| PB 0x000000009c400000| Untracked 
| 453|0x000000009c500000, 0x000000009c500000, 0x000000009c600000|  0%| F|  |TAMS 0x000000009c500000| PB 0x000000009c500000| Untracked 
| 454|0x000000009c600000, 0x000000009c600000, 0x000000009c700000|  0%| F|  |TAMS 0x000000009c600000| PB 0x000000009c600000| Untracked 
| 455|0x000000009c700000, 0x000000009c700000, 0x000000009c800000|  0%| F|  |TAMS 0x000000009c700000| PB 0x000000009c700000| Untracked 
| 456|0x000000009c800000, 0x000000009c800000, 0x000000009c900000|  0%| F|  |TAMS 0x000000009c800000| PB 0x000000009c800000| Untracked 
| 457|0x000000009c900000, 0x000000009c900000, 0x000000009ca00000|  0%| F|  |TAMS 0x000000009c900000| PB 0x000000009c900000| Untracked 
| 458|0x000000009ca00000, 0x000000009ca00000, 0x000000009cb00000|  0%| F|  |TAMS 0x000000009ca00000| PB 0x000000009ca00000| Untracked 
| 459|0x000000009cb00000, 0x000000009cb00000, 0x000000009cc00000|  0%| F|  |TAMS 0x000000009cb00000| PB 0x000000009cb00000| Untracked 
| 460|0x000000009cc00000, 0x000000009cc00000, 0x000000009cd00000|  0%| F|  |TAMS 0x000000009cc00000| PB 0x000000009cc00000| Untracked 
| 461|0x000000009cd00000, 0x000000009cd00000, 0x000000009ce00000|  0%| F|  |TAMS 0x000000009cd00000| PB 0x000000009cd00000| Untracked 
| 462|0x000000009ce00000, 0x000000009ce00000, 0x000000009cf00000|  0%| F|  |TAMS 0x000000009ce00000| PB 0x000000009ce00000| Untracked 
| 463|0x000000009cf00000, 0x000000009cf00000, 0x000000009d000000|  0%| F|  |TAMS 0x000000009cf00000| PB 0x000000009cf00000| Untracked 
| 464|0x000000009d000000, 0x000000009d000000, 0x000000009d100000|  0%| F|  |TAMS 0x000000009d000000| PB 0x000000009d000000| Untracked 
| 465|0x000000009d100000, 0x000000009d100000, 0x000000009d200000|  0%| F|  |TAMS 0x000000009d100000| PB 0x000000009d100000| Untracked 
| 466|0x000000009d200000, 0x000000009d200000, 0x000000009d300000|  0%| F|  |TAMS 0x000000009d200000| PB 0x000000009d200000| Untracked 
| 467|0x000000009d300000, 0x000000009d300000, 0x000000009d400000|  0%| F|  |TAMS 0x000000009d300000| PB 0x000000009d300000| Untracked 
| 468|0x000000009d400000, 0x000000009d400000, 0x000000009d500000|  0%| F|  |TAMS 0x000000009d400000| PB 0x000000009d400000| Untracked 
| 469|0x000000009d500000, 0x000000009d500000, 0x000000009d600000|  0%| F|  |TAMS 0x000000009d500000| PB 0x000000009d500000| Untracked 
| 470|0x000000009d600000, 0x000000009d600000, 0x000000009d700000|  0%| F|  |TAMS 0x000000009d600000| PB 0x000000009d600000| Untracked 
| 471|0x000000009d700000, 0x000000009d700000, 0x000000009d800000|  0%| F|  |TAMS 0x000000009d700000| PB 0x000000009d700000| Untracked 
| 472|0x000000009d800000, 0x000000009d800000, 0x000000009d900000|  0%| F|  |TAMS 0x000000009d800000| PB 0x000000009d800000| Untracked 
| 473|0x000000009d900000, 0x000000009d900000, 0x000000009da00000|  0%| F|  |TAMS 0x000000009d900000| PB 0x000000009d900000| Untracked 
| 474|0x000000009da00000, 0x000000009da00000, 0x000000009db00000|  0%| F|  |TAMS 0x000000009da00000| PB 0x000000009da00000| Untracked 
| 475|0x000000009db00000, 0x000000009db00000, 0x000000009dc00000|  0%| F|  |TAMS 0x000000009db00000| PB 0x000000009db00000| Untracked 
| 476|0x000000009dc00000, 0x000000009dc00000, 0x000000009dd00000|  0%| F|  |TAMS 0x000000009dc00000| PB 0x000000009dc00000| Untracked 
| 477|0x000000009dd00000, 0x000000009dd00000, 0x000000009de00000|  0%| F|  |TAMS 0x000000009dd00000| PB 0x000000009dd00000| Untracked 
| 478|0x000000009de00000, 0x000000009de00000, 0x000000009df00000|  0%| F|  |TAMS 0x000000009de00000| PB 0x000000009de00000| Untracked 
| 479|0x000000009df00000, 0x000000009df00000, 0x000000009e000000|  0%| F|  |TAMS 0x000000009df00000| PB 0x000000009df00000| Untracked 
| 480|0x000000009e000000, 0x000000009e000000, 0x000000009e100000|  0%| F|  |TAMS 0x000000009e000000| PB 0x000000009e000000| Untracked 
| 481|0x000000009e100000, 0x000000009e100000, 0x000000009e200000|  0%| F|  |TAMS 0x000000009e100000| PB 0x000000009e100000| Untracked 
| 482|0x000000009e200000, 0x000000009e200000, 0x000000009e300000|  0%| F|  |TAMS 0x000000009e200000| PB 0x000000009e200000| Untracked 
| 483|0x000000009e300000, 0x000000009e300000, 0x000000009e400000|  0%| F|  |TAMS 0x000000009e300000| PB 0x000000009e300000| Untracked 
| 484|0x000000009e400000, 0x000000009e400000, 0x000000009e500000|  0%| F|  |TAMS 0x000000009e400000| PB 0x000000009e400000| Untracked 
| 485|0x000000009e500000, 0x000000009e500000, 0x000000009e600000|  0%| F|  |TAMS 0x000000009e500000| PB 0x000000009e500000| Untracked 
| 486|0x000000009e600000, 0x000000009e600000, 0x000000009e700000|  0%| F|  |TAMS 0x000000009e600000| PB 0x000000009e600000| Untracked 
| 487|0x000000009e700000, 0x000000009e700000, 0x000000009e800000|  0%| F|  |TAMS 0x000000009e700000| PB 0x000000009e700000| Untracked 
| 488|0x000000009e800000, 0x000000009e800000, 0x000000009e900000|  0%| F|  |TAMS 0x000000009e800000| PB 0x000000009e800000| Untracked 
| 489|0x000000009e900000, 0x000000009e900000, 0x000000009ea00000|  0%| F|  |TAMS 0x000000009e900000| PB 0x000000009e900000| Untracked 
| 490|0x000000009ea00000, 0x000000009ea00000, 0x000000009eb00000|  0%| F|  |TAMS 0x000000009ea00000| PB 0x000000009ea00000| Untracked 
| 491|0x000000009eb00000, 0x000000009eb00000, 0x000000009ec00000|  0%| F|  |TAMS 0x000000009eb00000| PB 0x000000009eb00000| Untracked 
| 492|0x000000009ec00000, 0x000000009ec00000, 0x000000009ed00000|  0%| F|  |TAMS 0x000000009ec00000| PB 0x000000009ec00000| Untracked 
| 493|0x000000009ed00000, 0x000000009ed00000, 0x000000009ee00000|  0%| F|  |TAMS 0x000000009ed00000| PB 0x000000009ed00000| Untracked 
| 494|0x000000009ee00000, 0x000000009ee00000, 0x000000009ef00000|  0%| F|  |TAMS 0x000000009ee00000| PB 0x000000009ee00000| Untracked 
| 495|0x000000009ef00000, 0x000000009ef00000, 0x000000009f000000|  0%| F|  |TAMS 0x000000009ef00000| PB 0x000000009ef00000| Untracked 
| 496|0x000000009f000000, 0x000000009f000000, 0x000000009f100000|  0%| F|  |TAMS 0x000000009f000000| PB 0x000000009f000000| Untracked 
| 497|0x000000009f100000, 0x000000009f100000, 0x000000009f200000|  0%| F|  |TAMS 0x000000009f100000| PB 0x000000009f100000| Untracked 
| 498|0x000000009f200000, 0x000000009f300000, 0x000000009f300000|100%| E|  |TAMS 0x000000009f200000| PB 0x000000009f200000| Complete 
| 499|0x000000009f300000, 0x000000009f400000, 0x000000009f400000|100%| E|CS|TAMS 0x000000009f300000| PB 0x000000009f300000| Complete 
| 500|0x000000009f400000, 0x000000009f500000, 0x000000009f500000|100%| E|CS|TAMS 0x000000009f400000| PB 0x000000009f400000| Complete 
| 501|0x000000009f500000, 0x000000009f600000, 0x000000009f600000|100%| E|CS|TAMS 0x000000009f500000| PB 0x000000009f500000| Complete 
| 502|0x000000009f600000, 0x000000009f700000, 0x000000009f700000|100%| E|CS|TAMS 0x000000009f600000| PB 0x000000009f600000| Complete 
| 503|0x000000009f700000, 0x000000009f800000, 0x000000009f800000|100%| E|CS|TAMS 0x000000009f700000| PB 0x000000009f700000| Complete 
| 504|0x000000009f800000, 0x000000009f900000, 0x000000009f900000|100%| E|CS|TAMS 0x000000009f800000| PB 0x000000009f800000| Complete 
| 505|0x000000009f900000, 0x000000009fa00000, 0x000000009fa00000|100%| E|CS|TAMS 0x000000009f900000| PB 0x000000009f900000| Complete 
| 506|0x000000009fa00000, 0x000000009fb00000, 0x000000009fb00000|100%| E|CS|TAMS 0x000000009fa00000| PB 0x000000009fa00000| Complete 
| 507|0x000000009fb00000, 0x000000009fc00000, 0x000000009fc00000|100%| E|CS|TAMS 0x000000009fb00000| PB 0x000000009fb00000| Complete 
| 508|0x000000009fc00000, 0x000000009fd00000, 0x000000009fd00000|100%| E|CS|TAMS 0x000000009fc00000| PB 0x000000009fc00000| Complete 
| 509|0x000000009fd00000, 0x000000009fe00000, 0x000000009fe00000|100%| E|CS|TAMS 0x000000009fd00000| PB 0x000000009fd00000| Complete 
| 510|0x000000009fe00000, 0x000000009ff00000, 0x000000009ff00000|100%| E|CS|TAMS 0x000000009fe00000| PB 0x000000009fe00000| Complete 
| 511|0x000000009ff00000, 0x00000000a0000000, 0x00000000a0000000|100%| E|CS|TAMS 0x000000009ff00000| PB 0x000000009ff00000| Complete 
| 512|0x00000000a0000000, 0x00000000a0100000, 0x00000000a0100000|100%| E|CS|TAMS 0x00000000a0000000| PB 0x00000000a0000000| Complete 
| 513|0x00000000a0100000, 0x00000000a0200000, 0x00000000a0200000|100%| E|CS|TAMS 0x00000000a0100000| PB 0x00000000a0100000| Complete 
| 514|0x00000000a0200000, 0x00000000a0300000, 0x00000000a0300000|100%| E|CS|TAMS 0x00000000a0200000| PB 0x00000000a0200000| Complete 
| 515|0x00000000a0300000, 0x00000000a0400000, 0x00000000a0400000|100%| E|CS|TAMS 0x00000000a0300000| PB 0x00000000a0300000| Complete 
| 516|0x00000000a0400000, 0x00000000a0500000, 0x00000000a0500000|100%| E|CS|TAMS 0x00000000a0400000| PB 0x00000000a0400000| Complete 
| 517|0x00000000a0500000, 0x00000000a0600000, 0x00000000a0600000|100%| E|CS|TAMS 0x00000000a0500000| PB 0x00000000a0500000| Complete 
| 518|0x00000000a0600000, 0x00000000a0700000, 0x00000000a0700000|100%| E|CS|TAMS 0x00000000a0600000| PB 0x00000000a0600000| Complete 
| 519|0x00000000a0700000, 0x00000000a0800000, 0x00000000a0800000|100%| E|CS|TAMS 0x00000000a0700000| PB 0x00000000a0700000| Complete 
| 520|0x00000000a0800000, 0x00000000a0900000, 0x00000000a0900000|100%| E|CS|TAMS 0x00000000a0800000| PB 0x00000000a0800000| Complete 
| 521|0x00000000a0900000, 0x00000000a0a00000, 0x00000000a0a00000|100%| E|CS|TAMS 0x00000000a0900000| PB 0x00000000a0900000| Complete 
| 522|0x00000000a0a00000, 0x00000000a0b00000, 0x00000000a0b00000|100%| E|CS|TAMS 0x00000000a0a00000| PB 0x00000000a0a00000| Complete 
| 523|0x00000000a0b00000, 0x00000000a0c00000, 0x00000000a0c00000|100%| E|CS|TAMS 0x00000000a0b00000| PB 0x00000000a0b00000| Complete 
| 524|0x00000000a0c00000, 0x00000000a0d00000, 0x00000000a0d00000|100%| E|CS|TAMS 0x00000000a0c00000| PB 0x00000000a0c00000| Complete 
| 525|0x00000000a0d00000, 0x00000000a0e00000, 0x00000000a0e00000|100%| E|CS|TAMS 0x00000000a0d00000| PB 0x00000000a0d00000| Complete 
| 526|0x00000000a0e00000, 0x00000000a0f00000, 0x00000000a0f00000|100%| E|CS|TAMS 0x00000000a0e00000| PB 0x00000000a0e00000| Complete 
| 527|0x00000000a0f00000, 0x00000000a1000000, 0x00000000a1000000|100%| E|CS|TAMS 0x00000000a0f00000| PB 0x00000000a0f00000| Complete 
| 528|0x00000000a1000000, 0x00000000a1100000, 0x00000000a1100000|100%| E|CS|TAMS 0x00000000a1000000| PB 0x00000000a1000000| Complete 
| 529|0x00000000a1100000, 0x00000000a1200000, 0x00000000a1200000|100%| E|CS|TAMS 0x00000000a1100000| PB 0x00000000a1100000| Complete 
| 530|0x00000000a1200000, 0x00000000a1300000, 0x00000000a1300000|100%| E|CS|TAMS 0x00000000a1200000| PB 0x00000000a1200000| Complete 
| 531|0x00000000a1300000, 0x00000000a1400000, 0x00000000a1400000|100%| E|CS|TAMS 0x00000000a1300000| PB 0x00000000a1300000| Complete 
| 532|0x00000000a1400000, 0x00000000a1500000, 0x00000000a1500000|100%| E|CS|TAMS 0x00000000a1400000| PB 0x00000000a1400000| Complete 
| 533|0x00000000a1500000, 0x00000000a1600000, 0x00000000a1600000|100%| E|CS|TAMS 0x00000000a1500000| PB 0x00000000a1500000| Complete 
| 534|0x00000000a1600000, 0x00000000a1700000, 0x00000000a1700000|100%| E|CS|TAMS 0x00000000a1600000| PB 0x00000000a1600000| Complete 
| 535|0x00000000a1700000, 0x00000000a1800000, 0x00000000a1800000|100%| E|CS|TAMS 0x00000000a1700000| PB 0x00000000a1700000| Complete 
| 536|0x00000000a1800000, 0x00000000a1900000, 0x00000000a1900000|100%| E|CS|TAMS 0x00000000a1800000| PB 0x00000000a1800000| Complete 
| 537|0x00000000a1900000, 0x00000000a1a00000, 0x00000000a1a00000|100%| E|CS|TAMS 0x00000000a1900000| PB 0x00000000a1900000| Complete 
| 538|0x00000000a1a00000, 0x00000000a1b00000, 0x00000000a1b00000|100%| E|CS|TAMS 0x00000000a1a00000| PB 0x00000000a1a00000| Complete 
| 539|0x00000000a1b00000, 0x00000000a1c00000, 0x00000000a1c00000|100%| E|CS|TAMS 0x00000000a1b00000| PB 0x00000000a1b00000| Complete 
| 540|0x00000000a1c00000, 0x00000000a1d00000, 0x00000000a1d00000|100%| E|CS|TAMS 0x00000000a1c00000| PB 0x00000000a1c00000| Complete 
| 541|0x00000000a1d00000, 0x00000000a1e00000, 0x00000000a1e00000|100%| E|CS|TAMS 0x00000000a1d00000| PB 0x00000000a1d00000| Complete 
| 542|0x00000000a1e00000, 0x00000000a1f00000, 0x00000000a1f00000|100%| E|CS|TAMS 0x00000000a1e00000| PB 0x00000000a1e00000| Complete 
| 543|0x00000000a1f00000, 0x00000000a2000000, 0x00000000a2000000|100%| E|CS|TAMS 0x00000000a1f00000| PB 0x00000000a1f00000| Complete 
| 544|0x00000000a2000000, 0x00000000a2100000, 0x00000000a2100000|100%| E|CS|TAMS 0x00000000a2000000| PB 0x00000000a2000000| Complete 
| 545|0x00000000a2100000, 0x00000000a2200000, 0x00000000a2200000|100%| E|CS|TAMS 0x00000000a2100000| PB 0x00000000a2100000| Complete 
| 546|0x00000000a2200000, 0x00000000a2300000, 0x00000000a2300000|100%| E|CS|TAMS 0x00000000a2200000| PB 0x00000000a2200000| Complete 
| 547|0x00000000a2300000, 0x00000000a2400000, 0x00000000a2400000|100%| E|CS|TAMS 0x00000000a2300000| PB 0x00000000a2300000| Complete 
| 548|0x00000000a2400000, 0x00000000a2500000, 0x00000000a2500000|100%| E|CS|TAMS 0x00000000a2400000| PB 0x00000000a2400000| Complete 
| 549|0x00000000a2500000, 0x00000000a2600000, 0x00000000a2600000|100%| E|CS|TAMS 0x00000000a2500000| PB 0x00000000a2500000| Complete 
| 550|0x00000000a2600000, 0x00000000a2700000, 0x00000000a2700000|100%| E|  |TAMS 0x00000000a2600000| PB 0x00000000a2600000| Complete 
| 551|0x00000000a2700000, 0x00000000a2800000, 0x00000000a2800000|100%| E|CS|TAMS 0x00000000a2700000| PB 0x00000000a2700000| Complete 
| 552|0x00000000a2800000, 0x00000000a2900000, 0x00000000a2900000|100%| E|CS|TAMS 0x00000000a2800000| PB 0x00000000a2800000| Complete 
| 553|0x00000000a2900000, 0x00000000a2a00000, 0x00000000a2a00000|100%| E|CS|TAMS 0x00000000a2900000| PB 0x00000000a2900000| Complete 
| 554|0x00000000a2a00000, 0x00000000a2b00000, 0x00000000a2b00000|100%| E|CS|TAMS 0x00000000a2a00000| PB 0x00000000a2a00000| Complete 
| 555|0x00000000a2b00000, 0x00000000a2c00000, 0x00000000a2c00000|100%| E|CS|TAMS 0x00000000a2b00000| PB 0x00000000a2b00000| Complete 
| 556|0x00000000a2c00000, 0x00000000a2d00000, 0x00000000a2d00000|100%| E|CS|TAMS 0x00000000a2c00000| PB 0x00000000a2c00000| Complete 
| 557|0x00000000a2d00000, 0x00000000a2e00000, 0x00000000a2e00000|100%| E|CS|TAMS 0x00000000a2d00000| PB 0x00000000a2d00000| Complete 
| 558|0x00000000a2e00000, 0x00000000a2f00000, 0x00000000a2f00000|100%| E|CS|TAMS 0x00000000a2e00000| PB 0x00000000a2e00000| Complete 
| 559|0x00000000a2f00000, 0x00000000a3000000, 0x00000000a3000000|100%| E|CS|TAMS 0x00000000a2f00000| PB 0x00000000a2f00000| Complete 
| 560|0x00000000a3000000, 0x00000000a3100000, 0x00000000a3100000|100%| E|CS|TAMS 0x00000000a3000000| PB 0x00000000a3000000| Complete 
| 561|0x00000000a3100000, 0x00000000a3200000, 0x00000000a3200000|100%| E|CS|TAMS 0x00000000a3100000| PB 0x00000000a3100000| Complete 
| 562|0x00000000a3200000, 0x00000000a3300000, 0x00000000a3300000|100%| E|CS|TAMS 0x00000000a3200000| PB 0x00000000a3200000| Complete 
| 563|0x00000000a3300000, 0x00000000a3400000, 0x00000000a3400000|100%| E|CS|TAMS 0x00000000a3300000| PB 0x00000000a3300000| Complete 
| 564|0x00000000a3400000, 0x00000000a3500000, 0x00000000a3500000|100%| E|CS|TAMS 0x00000000a3400000| PB 0x00000000a3400000| Complete 
| 565|0x00000000a3500000, 0x00000000a3600000, 0x00000000a3600000|100%| E|CS|TAMS 0x00000000a3500000| PB 0x00000000a3500000| Complete 
| 566|0x00000000a3600000, 0x00000000a3700000, 0x00000000a3700000|100%| E|CS|TAMS 0x00000000a3600000| PB 0x00000000a3600000| Complete 
| 567|0x00000000a3700000, 0x00000000a3800000, 0x00000000a3800000|100%| E|CS|TAMS 0x00000000a3700000| PB 0x00000000a3700000| Complete 
| 568|0x00000000a3800000, 0x00000000a3900000, 0x00000000a3900000|100%| E|CS|TAMS 0x00000000a3800000| PB 0x00000000a3800000| Complete 
| 569|0x00000000a3900000, 0x00000000a3a00000, 0x00000000a3a00000|100%| E|CS|TAMS 0x00000000a3900000| PB 0x00000000a3900000| Complete 
| 570|0x00000000a3a00000, 0x00000000a3b00000, 0x00000000a3b00000|100%| E|CS|TAMS 0x00000000a3a00000| PB 0x00000000a3a00000| Complete 
| 571|0x00000000a3b00000, 0x00000000a3c00000, 0x00000000a3c00000|100%| E|CS|TAMS 0x00000000a3b00000| PB 0x00000000a3b00000| Complete 
| 572|0x00000000a3c00000, 0x00000000a3d00000, 0x00000000a3d00000|100%| E|CS|TAMS 0x00000000a3c00000| PB 0x00000000a3c00000| Complete 
| 573|0x00000000a3d00000, 0x00000000a3e00000, 0x00000000a3e00000|100%| E|CS|TAMS 0x00000000a3d00000| PB 0x00000000a3d00000| Complete 
| 574|0x00000000a3e00000, 0x00000000a3f00000, 0x00000000a3f00000|100%| E|CS|TAMS 0x00000000a3e00000| PB 0x00000000a3e00000| Complete 
| 575|0x00000000a3f00000, 0x00000000a4000000, 0x00000000a4000000|100%| E|CS|TAMS 0x00000000a3f00000| PB 0x00000000a3f00000| Complete 
| 576|0x00000000a4000000, 0x00000000a4100000, 0x00000000a4100000|100%| E|CS|TAMS 0x00000000a4000000| PB 0x00000000a4000000| Complete 
| 577|0x00000000a4100000, 0x00000000a4200000, 0x00000000a4200000|100%| E|CS|TAMS 0x00000000a4100000| PB 0x00000000a4100000| Complete 
| 578|0x00000000a4200000, 0x00000000a4300000, 0x00000000a4300000|100%| E|CS|TAMS 0x00000000a4200000| PB 0x00000000a4200000| Complete 
| 579|0x00000000a4300000, 0x00000000a4400000, 0x00000000a4400000|100%| E|CS|TAMS 0x00000000a4300000| PB 0x00000000a4300000| Complete 
| 580|0x00000000a4400000, 0x00000000a4500000, 0x00000000a4500000|100%| E|CS|TAMS 0x00000000a4400000| PB 0x00000000a4400000| Complete 
| 581|0x00000000a4500000, 0x00000000a4600000, 0x00000000a4600000|100%| E|CS|TAMS 0x00000000a4500000| PB 0x00000000a4500000| Complete 
| 582|0x00000000a4600000, 0x00000000a4700000, 0x00000000a4700000|100%| E|CS|TAMS 0x00000000a4600000| PB 0x00000000a4600000| Complete 
| 583|0x00000000a4700000, 0x00000000a4800000, 0x00000000a4800000|100%| E|CS|TAMS 0x00000000a4700000| PB 0x00000000a4700000| Complete 
| 584|0x00000000a4800000, 0x00000000a4900000, 0x00000000a4900000|100%| E|CS|TAMS 0x00000000a4800000| PB 0x00000000a4800000| Complete 
| 585|0x00000000a4900000, 0x00000000a4a00000, 0x00000000a4a00000|100%| E|CS|TAMS 0x00000000a4900000| PB 0x00000000a4900000| Complete 
| 586|0x00000000a4a00000, 0x00000000a4b00000, 0x00000000a4b00000|100%| E|CS|TAMS 0x00000000a4a00000| PB 0x00000000a4a00000| Complete 
| 587|0x00000000a4b00000, 0x00000000a4c00000, 0x00000000a4c00000|100%| E|CS|TAMS 0x00000000a4b00000| PB 0x00000000a4b00000| Complete 
| 588|0x00000000a4c00000, 0x00000000a4d00000, 0x00000000a4d00000|100%| E|CS|TAMS 0x00000000a4c00000| PB 0x00000000a4c00000| Complete 
| 589|0x00000000a4d00000, 0x00000000a4e00000, 0x00000000a4e00000|100%| E|CS|TAMS 0x00000000a4d00000| PB 0x00000000a4d00000| Complete 
| 590|0x00000000a4e00000, 0x00000000a4f00000, 0x00000000a4f00000|100%| E|CS|TAMS 0x00000000a4e00000| PB 0x00000000a4e00000| Complete 
| 591|0x00000000a4f00000, 0x00000000a5000000, 0x00000000a5000000|100%| E|CS|TAMS 0x00000000a4f00000| PB 0x00000000a4f00000| Complete 
| 592|0x00000000a5000000, 0x00000000a5100000, 0x00000000a5100000|100%| E|CS|TAMS 0x00000000a5000000| PB 0x00000000a5000000| Complete 
| 593|0x00000000a5100000, 0x00000000a5200000, 0x00000000a5200000|100%| E|CS|TAMS 0x00000000a5100000| PB 0x00000000a5100000| Complete 
| 594|0x00000000a5200000, 0x00000000a5300000, 0x00000000a5300000|100%| E|CS|TAMS 0x00000000a5200000| PB 0x00000000a5200000| Complete 
| 595|0x00000000a5300000, 0x00000000a5400000, 0x00000000a5400000|100%| E|CS|TAMS 0x00000000a5300000| PB 0x00000000a5300000| Complete 
| 596|0x00000000a5400000, 0x00000000a5500000, 0x00000000a5500000|100%| E|CS|TAMS 0x00000000a5400000| PB 0x00000000a5400000| Complete 
| 597|0x00000000a5500000, 0x00000000a5600000, 0x00000000a5600000|100%| E|CS|TAMS 0x00000000a5500000| PB 0x00000000a5500000| Complete 
| 598|0x00000000a5600000, 0x00000000a5700000, 0x00000000a5700000|100%| E|CS|TAMS 0x00000000a5600000| PB 0x00000000a5600000| Complete 
| 599|0x00000000a5700000, 0x00000000a5800000, 0x00000000a5800000|100%| E|CS|TAMS 0x00000000a5700000| PB 0x00000000a5700000| Complete 
| 600|0x00000000a5800000, 0x00000000a5900000, 0x00000000a5900000|100%| E|CS|TAMS 0x00000000a5800000| PB 0x00000000a5800000| Complete 
| 601|0x00000000a5900000, 0x00000000a5a00000, 0x00000000a5a00000|100%| E|CS|TAMS 0x00000000a5900000| PB 0x00000000a5900000| Complete 
| 602|0x00000000a5a00000, 0x00000000a5b00000, 0x00000000a5b00000|100%| E|CS|TAMS 0x00000000a5a00000| PB 0x00000000a5a00000| Complete 
| 603|0x00000000a5b00000, 0x00000000a5c00000, 0x00000000a5c00000|100%| E|CS|TAMS 0x00000000a5b00000| PB 0x00000000a5b00000| Complete 
| 604|0x00000000a5c00000, 0x00000000a5d00000, 0x00000000a5d00000|100%| E|CS|TAMS 0x00000000a5c00000| PB 0x00000000a5c00000| Complete 
| 605|0x00000000a5d00000, 0x00000000a5e00000, 0x00000000a5e00000|100%| E|CS|TAMS 0x00000000a5d00000| PB 0x00000000a5d00000| Complete 
| 606|0x00000000a5e00000, 0x00000000a5f00000, 0x00000000a5f00000|100%| E|CS|TAMS 0x00000000a5e00000| PB 0x00000000a5e00000| Complete 
| 607|0x00000000a5f00000, 0x00000000a6000000, 0x00000000a6000000|100%| E|CS|TAMS 0x00000000a5f00000| PB 0x00000000a5f00000| Complete 
| 608|0x00000000a6000000, 0x00000000a6100000, 0x00000000a6100000|100%| E|CS|TAMS 0x00000000a6000000| PB 0x00000000a6000000| Complete 
| 609|0x00000000a6100000, 0x00000000a6200000, 0x00000000a6200000|100%| E|CS|TAMS 0x00000000a6100000| PB 0x00000000a6100000| Complete 
| 610|0x00000000a6200000, 0x00000000a6300000, 0x00000000a6300000|100%| E|CS|TAMS 0x00000000a6200000| PB 0x00000000a6200000| Complete 
| 611|0x00000000a6300000, 0x00000000a6400000, 0x00000000a6400000|100%| E|CS|TAMS 0x00000000a6300000| PB 0x00000000a6300000| Complete 
| 612|0x00000000a6400000, 0x00000000a6500000, 0x00000000a6500000|100%| E|CS|TAMS 0x00000000a6400000| PB 0x00000000a6400000| Complete 
| 613|0x00000000a6500000, 0x00000000a6600000, 0x00000000a6600000|100%| E|CS|TAMS 0x00000000a6500000| PB 0x00000000a6500000| Complete 
| 614|0x00000000a6600000, 0x00000000a6700000, 0x00000000a6700000|100%| E|CS|TAMS 0x00000000a6600000| PB 0x00000000a6600000| Complete 
| 615|0x00000000a6700000, 0x00000000a6800000, 0x00000000a6800000|100%| E|CS|TAMS 0x00000000a6700000| PB 0x00000000a6700000| Complete 
| 616|0x00000000a6800000, 0x00000000a6900000, 0x00000000a6900000|100%| E|CS|TAMS 0x00000000a6800000| PB 0x00000000a6800000| Complete 
| 617|0x00000000a6900000, 0x00000000a6a00000, 0x00000000a6a00000|100%| E|CS|TAMS 0x00000000a6900000| PB 0x00000000a6900000| Complete 
| 618|0x00000000a6a00000, 0x00000000a6b00000, 0x00000000a6b00000|100%| E|CS|TAMS 0x00000000a6a00000| PB 0x00000000a6a00000| Complete 
| 619|0x00000000a6b00000, 0x00000000a6c00000, 0x00000000a6c00000|100%| E|CS|TAMS 0x00000000a6b00000| PB 0x00000000a6b00000| Complete 
| 620|0x00000000a6c00000, 0x00000000a6d00000, 0x00000000a6d00000|100%| E|CS|TAMS 0x00000000a6c00000| PB 0x00000000a6c00000| Complete 
| 621|0x00000000a6d00000, 0x00000000a6e00000, 0x00000000a6e00000|100%| E|CS|TAMS 0x00000000a6d00000| PB 0x00000000a6d00000| Complete 
| 622|0x00000000a6e00000, 0x00000000a6f00000, 0x00000000a6f00000|100%| E|CS|TAMS 0x00000000a6e00000| PB 0x00000000a6e00000| Complete 
| 623|0x00000000a6f00000, 0x00000000a7000000, 0x00000000a7000000|100%| E|CS|TAMS 0x00000000a6f00000| PB 0x00000000a6f00000| Complete 
| 624|0x00000000a7000000, 0x00000000a7100000, 0x00000000a7100000|100%| E|CS|TAMS 0x00000000a7000000| PB 0x00000000a7000000| Complete 
| 625|0x00000000a7100000, 0x00000000a7200000, 0x00000000a7200000|100%| E|CS|TAMS 0x00000000a7100000| PB 0x00000000a7100000| Complete 
| 626|0x00000000a7200000, 0x00000000a7300000, 0x00000000a7300000|100%| E|CS|TAMS 0x00000000a7200000| PB 0x00000000a7200000| Complete 
| 627|0x00000000a7300000, 0x00000000a7400000, 0x00000000a7400000|100%| E|CS|TAMS 0x00000000a7300000| PB 0x00000000a7300000| Complete 
| 628|0x00000000a7400000, 0x00000000a7500000, 0x00000000a7500000|100%| E|CS|TAMS 0x00000000a7400000| PB 0x00000000a7400000| Complete 
| 629|0x00000000a7500000, 0x00000000a7600000, 0x00000000a7600000|100%| E|CS|TAMS 0x00000000a7500000| PB 0x00000000a7500000| Complete 
| 630|0x00000000a7600000, 0x00000000a7700000, 0x00000000a7700000|100%| E|CS|TAMS 0x00000000a7600000| PB 0x00000000a7600000| Complete 
| 631|0x00000000a7700000, 0x00000000a7800000, 0x00000000a7800000|100%| E|CS|TAMS 0x00000000a7700000| PB 0x00000000a7700000| Complete 
| 632|0x00000000a7800000, 0x00000000a7900000, 0x00000000a7900000|100%| E|CS|TAMS 0x00000000a7800000| PB 0x00000000a7800000| Complete 
| 633|0x00000000a7900000, 0x00000000a7a00000, 0x00000000a7a00000|100%| E|CS|TAMS 0x00000000a7900000| PB 0x00000000a7900000| Complete 
| 634|0x00000000a7a00000, 0x00000000a7b00000, 0x00000000a7b00000|100%| E|CS|TAMS 0x00000000a7a00000| PB 0x00000000a7a00000| Complete 
| 635|0x00000000a7b00000, 0x00000000a7c00000, 0x00000000a7c00000|100%| E|CS|TAMS 0x00000000a7b00000| PB 0x00000000a7b00000| Complete 
| 636|0x00000000a7c00000, 0x00000000a7d00000, 0x00000000a7d00000|100%| E|CS|TAMS 0x00000000a7c00000| PB 0x00000000a7c00000| Complete 
| 637|0x00000000a7d00000, 0x00000000a7e00000, 0x00000000a7e00000|100%| E|CS|TAMS 0x00000000a7d00000| PB 0x00000000a7d00000| Complete 
| 638|0x00000000a7e00000, 0x00000000a7f00000, 0x00000000a7f00000|100%| E|CS|TAMS 0x00000000a7e00000| PB 0x00000000a7e00000| Complete 
| 639|0x00000000a7f00000, 0x00000000a8000000, 0x00000000a8000000|100%| E|CS|TAMS 0x00000000a7f00000| PB 0x00000000a7f00000| Complete 
| 640|0x00000000a8000000, 0x00000000a8100000, 0x00000000a8100000|100%| E|CS|TAMS 0x00000000a8000000| PB 0x00000000a8000000| Complete 
| 641|0x00000000a8100000, 0x00000000a8200000, 0x00000000a8200000|100%| E|CS|TAMS 0x00000000a8100000| PB 0x00000000a8100000| Complete 
| 642|0x00000000a8200000, 0x00000000a8300000, 0x00000000a8300000|100%| E|CS|TAMS 0x00000000a8200000| PB 0x00000000a8200000| Complete 
| 643|0x00000000a8300000, 0x00000000a8400000, 0x00000000a8400000|100%| E|CS|TAMS 0x00000000a8300000| PB 0x00000000a8300000| Complete 
| 644|0x00000000a8400000, 0x00000000a8500000, 0x00000000a8500000|100%| E|CS|TAMS 0x00000000a8400000| PB 0x00000000a8400000| Complete 
| 645|0x00000000a8500000, 0x00000000a8600000, 0x00000000a8600000|100%| E|CS|TAMS 0x00000000a8500000| PB 0x00000000a8500000| Complete 
| 646|0x00000000a8600000, 0x00000000a8700000, 0x00000000a8700000|100%| E|CS|TAMS 0x00000000a8600000| PB 0x00000000a8600000| Complete 
| 647|0x00000000a8700000, 0x00000000a8800000, 0x00000000a8800000|100%| E|CS|TAMS 0x00000000a8700000| PB 0x00000000a8700000| Complete 
| 648|0x00000000a8800000, 0x00000000a8900000, 0x00000000a8900000|100%| E|CS|TAMS 0x00000000a8800000| PB 0x00000000a8800000| Complete 
| 649|0x00000000a8900000, 0x00000000a8a00000, 0x00000000a8a00000|100%| E|CS|TAMS 0x00000000a8900000| PB 0x00000000a8900000| Complete 
| 650|0x00000000a8a00000, 0x00000000a8b00000, 0x00000000a8b00000|100%| E|CS|TAMS 0x00000000a8a00000| PB 0x00000000a8a00000| Complete 
| 651|0x00000000a8b00000, 0x00000000a8c00000, 0x00000000a8c00000|100%| E|CS|TAMS 0x00000000a8b00000| PB 0x00000000a8b00000| Complete 
| 652|0x00000000a8c00000, 0x00000000a8d00000, 0x00000000a8d00000|100%| E|CS|TAMS 0x00000000a8c00000| PB 0x00000000a8c00000| Complete 
| 653|0x00000000a8d00000, 0x00000000a8e00000, 0x00000000a8e00000|100%| E|CS|TAMS 0x00000000a8d00000| PB 0x00000000a8d00000| Complete 
| 654|0x00000000a8e00000, 0x00000000a8f00000, 0x00000000a8f00000|100%| E|CS|TAMS 0x00000000a8e00000| PB 0x00000000a8e00000| Complete 
| 655|0x00000000a8f00000, 0x00000000a9000000, 0x00000000a9000000|100%| E|CS|TAMS 0x00000000a8f00000| PB 0x00000000a8f00000| Complete 
| 656|0x00000000a9000000, 0x00000000a9100000, 0x00000000a9100000|100%| E|CS|TAMS 0x00000000a9000000| PB 0x00000000a9000000| Complete 
| 657|0x00000000a9100000, 0x00000000a9200000, 0x00000000a9200000|100%| E|CS|TAMS 0x00000000a9100000| PB 0x00000000a9100000| Complete 
| 658|0x00000000a9200000, 0x00000000a9300000, 0x00000000a9300000|100%| E|CS|TAMS 0x00000000a9200000| PB 0x00000000a9200000| Complete 
| 659|0x00000000a9300000, 0x00000000a9400000, 0x00000000a9400000|100%| E|CS|TAMS 0x00000000a9300000| PB 0x00000000a9300000| Complete 
| 660|0x00000000a9400000, 0x00000000a9500000, 0x00000000a9500000|100%| E|CS|TAMS 0x00000000a9400000| PB 0x00000000a9400000| Complete 
| 661|0x00000000a9500000, 0x00000000a9600000, 0x00000000a9600000|100%| E|CS|TAMS 0x00000000a9500000| PB 0x00000000a9500000| Complete 
| 662|0x00000000a9600000, 0x00000000a9700000, 0x00000000a9700000|100%| E|CS|TAMS 0x00000000a9600000| PB 0x00000000a9600000| Complete 
| 663|0x00000000a9700000, 0x00000000a9800000, 0x00000000a9800000|100%| E|CS|TAMS 0x00000000a9700000| PB 0x00000000a9700000| Complete 
| 664|0x00000000a9800000, 0x00000000a9900000, 0x00000000a9900000|100%| E|CS|TAMS 0x00000000a9800000| PB 0x00000000a9800000| Complete 
| 665|0x00000000a9900000, 0x00000000a9a00000, 0x00000000a9a00000|100%| E|CS|TAMS 0x00000000a9900000| PB 0x00000000a9900000| Complete 
| 666|0x00000000a9a00000, 0x00000000a9b00000, 0x00000000a9b00000|100%| E|CS|TAMS 0x00000000a9a00000| PB 0x00000000a9a00000| Complete 
| 667|0x00000000a9b00000, 0x00000000a9c00000, 0x00000000a9c00000|100%| E|CS|TAMS 0x00000000a9b00000| PB 0x00000000a9b00000| Complete 
| 668|0x00000000a9c00000, 0x00000000a9d00000, 0x00000000a9d00000|100%| E|CS|TAMS 0x00000000a9c00000| PB 0x00000000a9c00000| Complete 
| 669|0x00000000a9d00000, 0x00000000a9e00000, 0x00000000a9e00000|100%| E|CS|TAMS 0x00000000a9d00000| PB 0x00000000a9d00000| Complete 
| 670|0x00000000a9e00000, 0x00000000a9f00000, 0x00000000a9f00000|100%| E|CS|TAMS 0x00000000a9e00000| PB 0x00000000a9e00000| Complete 
| 671|0x00000000a9f00000, 0x00000000aa000000, 0x00000000aa000000|100%| E|CS|TAMS 0x00000000a9f00000| PB 0x00000000a9f00000| Complete 
| 672|0x00000000aa000000, 0x00000000aa100000, 0x00000000aa100000|100%| E|CS|TAMS 0x00000000aa000000| PB 0x00000000aa000000| Complete 
| 673|0x00000000aa100000, 0x00000000aa200000, 0x00000000aa200000|100%| E|CS|TAMS 0x00000000aa100000| PB 0x00000000aa100000| Complete 
| 674|0x00000000aa200000, 0x00000000aa300000, 0x00000000aa300000|100%| E|CS|TAMS 0x00000000aa200000| PB 0x00000000aa200000| Complete 
| 675|0x00000000aa300000, 0x00000000aa400000, 0x00000000aa400000|100%| E|CS|TAMS 0x00000000aa300000| PB 0x00000000aa300000| Complete 
| 676|0x00000000aa400000, 0x00000000aa500000, 0x00000000aa500000|100%| E|CS|TAMS 0x00000000aa400000| PB 0x00000000aa400000| Complete 
| 677|0x00000000aa500000, 0x00000000aa600000, 0x00000000aa600000|100%| E|CS|TAMS 0x00000000aa500000| PB 0x00000000aa500000| Complete 
| 678|0x00000000aa600000, 0x00000000aa700000, 0x00000000aa700000|100%| E|CS|TAMS 0x00000000aa600000| PB 0x00000000aa600000| Complete 
| 679|0x00000000aa700000, 0x00000000aa800000, 0x00000000aa800000|100%| E|CS|TAMS 0x00000000aa700000| PB 0x00000000aa700000| Complete 
| 680|0x00000000aa800000, 0x00000000aa900000, 0x00000000aa900000|100%| E|CS|TAMS 0x00000000aa800000| PB 0x00000000aa800000| Complete 
| 681|0x00000000aa900000, 0x00000000aaa00000, 0x00000000aaa00000|100%| E|CS|TAMS 0x00000000aa900000| PB 0x00000000aa900000| Complete 
| 682|0x00000000aaa00000, 0x00000000aab00000, 0x00000000aab00000|100%| E|CS|TAMS 0x00000000aaa00000| PB 0x00000000aaa00000| Complete 
| 683|0x00000000aab00000, 0x00000000aac00000, 0x00000000aac00000|100%| E|CS|TAMS 0x00000000aab00000| PB 0x00000000aab00000| Complete 
| 684|0x00000000aac00000, 0x00000000aad00000, 0x00000000aad00000|100%| E|CS|TAMS 0x00000000aac00000| PB 0x00000000aac00000| Complete 
| 685|0x00000000aad00000, 0x00000000aae00000, 0x00000000aae00000|100%| E|CS|TAMS 0x00000000aad00000| PB 0x00000000aad00000| Complete 
| 686|0x00000000aae00000, 0x00000000aaf00000, 0x00000000aaf00000|100%| E|CS|TAMS 0x00000000aae00000| PB 0x00000000aae00000| Complete 
| 687|0x00000000aaf00000, 0x00000000ab000000, 0x00000000ab000000|100%| E|CS|TAMS 0x00000000aaf00000| PB 0x00000000aaf00000| Complete 
|1996|0x00000000fcc00000, 0x00000000fcd00000, 0x00000000fcd00000|100%| E|CS|TAMS 0x00000000fcc00000| PB 0x00000000fcc00000| Complete 
|1997|0x00000000fcd00000, 0x00000000fce00000, 0x00000000fce00000|100%| E|CS|TAMS 0x00000000fcd00000| PB 0x00000000fcd00000| Complete 
|1998|0x00000000fce00000, 0x00000000fcf00000, 0x00000000fcf00000|100%| E|CS|TAMS 0x00000000fce00000| PB 0x00000000fce00000| Complete 
|1999|0x00000000fcf00000, 0x00000000fd000000, 0x00000000fd000000|100%| O|  |TAMS 0x00000000fcf00000| PB 0x00000000fcf00000| Untracked 
|2000|0x00000000fd000000, 0x00000000fd100000, 0x00000000fd100000|100%| O|  |TAMS 0x00000000fd000000| PB 0x00000000fd000000| Untracked 
|2001|0x00000000fd100000, 0x00000000fd200000, 0x00000000fd200000|100%| O|  |TAMS 0x00000000fd100000| PB 0x00000000fd100000| Untracked 
|2002|0x00000000fd200000, 0x00000000fd300000, 0x00000000fd300000|100%| O|  |TAMS 0x00000000fd200000| PB 0x00000000fd200000| Untracked 
|2003|0x00000000fd300000, 0x00000000fd400000, 0x00000000fd400000|100%| O|  |TAMS 0x00000000fd300000| PB 0x00000000fd300000| Untracked 
|2004|0x00000000fd400000, 0x00000000fd500000, 0x00000000fd500000|100%| O|  |TAMS 0x00000000fd400000| PB 0x00000000fd400000| Untracked 
|2005|0x00000000fd500000, 0x00000000fd600000, 0x00000000fd600000|100%| O|  |TAMS 0x00000000fd500000| PB 0x00000000fd500000| Untracked 
|2006|0x00000000fd600000, 0x00000000fd700000, 0x00000000fd700000|100%| O|  |TAMS 0x00000000fd600000| PB 0x00000000fd600000| Untracked 
|2007|0x00000000fd700000, 0x00000000fd800000, 0x00000000fd800000|100%| O|  |TAMS 0x00000000fd700000| PB 0x00000000fd700000| Untracked 
|2008|0x00000000fd800000, 0x00000000fd900000, 0x00000000fd900000|100%| O|  |TAMS 0x00000000fd800000| PB 0x00000000fd800000| Untracked 
|2009|0x00000000fd900000, 0x00000000fda00000, 0x00000000fda00000|100%| O|  |TAMS 0x00000000fd900000| PB 0x00000000fd900000| Untracked 
|2010|0x00000000fda00000, 0x00000000fdb00000, 0x00000000fdb00000|100%| E|CS|TAMS 0x00000000fda00000| PB 0x00000000fda00000| Complete 
|2011|0x00000000fdb00000, 0x00000000fdc00000, 0x00000000fdc00000|100%| O|  |TAMS 0x00000000fdb00000| PB 0x00000000fdb00000| Untracked 
|2012|0x00000000fdc00000, 0x00000000fdd00000, 0x00000000fdd00000|100%| O|  |TAMS 0x00000000fdc00000| PB 0x00000000fdc00000| Untracked 
|2013|0x00000000fdd00000, 0x00000000fde00000, 0x00000000fde00000|100%| O|  |TAMS 0x00000000fdd00000| PB 0x00000000fdd00000| Untracked 
|2014|0x00000000fde00000, 0x00000000fdf00000, 0x00000000fdf00000|100%| O|  |TAMS 0x00000000fde00000| PB 0x00000000fde00000| Untracked 
|2015|0x00000000fdf00000, 0x00000000fe000000, 0x00000000fe000000|100%| O|  |TAMS 0x00000000fdf00000| PB 0x00000000fdf00000| Untracked 
|2016|0x00000000fe000000, 0x00000000fe100000, 0x00000000fe100000|100%| O|  |TAMS 0x00000000fe000000| PB 0x00000000fe000000| Untracked 
|2017|0x00000000fe100000, 0x00000000fe200000, 0x00000000fe200000|100%| O|  |TAMS 0x00000000fe100000| PB 0x00000000fe100000| Untracked 
|2018|0x00000000fe200000, 0x00000000fe300000, 0x00000000fe300000|100%| O|  |TAMS 0x00000000fe200000| PB 0x00000000fe200000| Untracked 
|2019|0x00000000fe300000, 0x00000000fe400000, 0x00000000fe400000|100%| O|  |TAMS 0x00000000fe300000| PB 0x00000000fe300000| Untracked 
|2020|0x00000000fe400000, 0x00000000fe500000, 0x00000000fe500000|100%| O|  |TAMS 0x00000000fe400000| PB 0x00000000fe400000| Untracked 
|2021|0x00000000fe500000, 0x00000000fe600000, 0x00000000fe600000|100%| O|  |TAMS 0x00000000fe500000| PB 0x00000000fe500000| Untracked 
|2022|0x00000000fe600000, 0x00000000fe700000, 0x00000000fe700000|100%| O|  |TAMS 0x00000000fe600000| PB 0x00000000fe600000| Untracked 
|2023|0x00000000fe700000, 0x00000000fe800000, 0x00000000fe800000|100%| O|  |TAMS 0x00000000fe700000| PB 0x00000000fe700000| Untracked 
|2024|0x00000000fe800000, 0x00000000fe900000, 0x00000000fe900000|100%| O|  |TAMS 0x00000000fe800000| PB 0x00000000fe800000| Untracked 
|2025|0x00000000fe900000, 0x00000000fea00000, 0x00000000fea00000|100%| O|  |TAMS 0x00000000fe900000| PB 0x00000000fe900000| Untracked 
|2026|0x00000000fea00000, 0x00000000feb00000, 0x00000000feb00000|100%| O|  |TAMS 0x00000000fea00000| PB 0x00000000fea00000| Untracked 
|2027|0x00000000feb00000, 0x00000000fec00000, 0x00000000fec00000|100%| O|  |TAMS 0x00000000feb00000| PB 0x00000000feb00000| Untracked 
|2028|0x00000000fec00000, 0x00000000fed00000, 0x00000000fed00000|100%| O|  |TAMS 0x00000000fec00000| PB 0x00000000fec00000| Untracked 
|2029|0x00000000fed00000, 0x00000000fee00000, 0x00000000fee00000|100%| O|  |TAMS 0x00000000fed00000| PB 0x00000000fed00000| Untracked 
|2030|0x00000000fee00000, 0x00000000fef00000, 0x00000000fef00000|100%| O|  |TAMS 0x00000000fee00000| PB 0x00000000fee00000| Untracked 
|2031|0x00000000fef00000, 0x00000000ff000000, 0x00000000ff000000|100%| O|  |TAMS 0x00000000fef00000| PB 0x00000000fef00000| Untracked 
|2032|0x00000000ff000000, 0x00000000ff100000, 0x00000000ff100000|100%| O|  |TAMS 0x00000000ff000000| PB 0x00000000ff000000| Untracked 
|2033|0x00000000ff100000, 0x00000000ff200000, 0x00000000ff200000|100%| O|  |TAMS 0x00000000ff100000| PB 0x00000000ff100000| Untracked 
|2034|0x00000000ff200000, 0x00000000ff300000, 0x00000000ff300000|100%| O|  |TAMS 0x00000000ff200000| PB 0x00000000ff200000| Untracked 
|2035|0x00000000ff300000, 0x00000000ff400000, 0x00000000ff400000|100%| O|  |TAMS 0x00000000ff300000| PB 0x00000000ff300000| Untracked 
|2036|0x00000000ff400000, 0x00000000ff500000, 0x00000000ff500000|100%| E|CS|TAMS 0x00000000ff400000| PB 0x00000000ff400000| Complete 
|2037|0x00000000ff500000, 0x00000000ff600000, 0x00000000ff600000|100%| O|  |TAMS 0x00000000ff500000| PB 0x00000000ff500000| Untracked 
|2038|0x00000000ff600000, 0x00000000ff700000, 0x00000000ff700000|100%| E|CS|TAMS 0x00000000ff600000| PB 0x00000000ff600000| Complete 
|2039|0x00000000ff700000, 0x00000000ff800000, 0x00000000ff800000|100%| O|  |TAMS 0x00000000ff700000| PB 0x00000000ff700000| Untracked 
|2040|0x00000000ff800000, 0x00000000ff900000, 0x00000000ff900000|100%| E|CS|TAMS 0x00000000ff800000| PB 0x00000000ff800000| Complete 
|2041|0x00000000ff900000, 0x00000000ffa00000, 0x00000000ffa00000|100%| O|  |TAMS 0x00000000ff900000| PB 0x00000000ff900000| Untracked 
|2042|0x00000000ffa00000, 0x00000000ffb00000, 0x00000000ffb00000|100%| E|CS|TAMS 0x00000000ffa00000| PB 0x00000000ffa00000| Complete 
|2043|0x00000000ffb00000, 0x00000000ffc00000, 0x00000000ffc00000|100%| O|  |TAMS 0x00000000ffb00000| PB 0x00000000ffb00000| Untracked 
|2044|0x00000000ffc00000, 0x00000000ffd00000, 0x00000000ffd00000|100%| O|  |TAMS 0x00000000ffc00000| PB 0x00000000ffc00000| Untracked 
|2045|0x00000000ffd00000, 0x00000000ffe00000, 0x00000000ffe00000|100%| O|  |TAMS 0x00000000ffd00000| PB 0x00000000ffd00000| Untracked 
|2046|0x00000000ffe00000, 0x00000000fff00000, 0x00000000fff00000|100%| O|  |TAMS 0x00000000ffe00000| PB 0x00000000ffe00000| Untracked 
|2047|0x00000000fff00000, 0x0000000100000000, 0x0000000100000000|100%| O|  |TAMS 0x00000000fff00000| PB 0x00000000fff00000| Untracked 

Card table byte_map: [0x00000230669a0000,0x0000023066da0000] _byte_map_base: 0x00000230665a0000

Marking Bits: (CMBitMap*) 0x0000023051ec53a0
 Bits: [0x0000023066da0000, 0x0000023068da0000)

Polling page: 0x0000023051c00000

Metaspace:

Usage:
  Non-class:    110.70 MB used.
      Class:     18.63 MB used.
       Both:    129.33 MB used.

Virtual space:
  Non-class space:      128.00 MB reserved,     111.94 MB ( 87%) committed,  2 nodes.
      Class space:        1.00 GB reserved,      19.81 MB (  2%) committed,  1 nodes.
             Both:        1.12 GB reserved,     131.75 MB ( 11%) committed. 

Chunk freelists:
   Non-Class:  15.45 MB
       Class:  12.16 MB
        Both:  27.61 MB

MaxMetaspaceSize: unlimited
CompressedClassSpaceSize: 1.00 GB
Initial GC threshold: 21.00 MB
Current GC threshold: 210.62 MB
CDS: off
 - commit_granule_bytes: 65536.
 - commit_granule_words: 8192.
 - virtual_space_node_default_size: 8388608.
 - enlarge_chunks_in_place: 1.
 - use_allocation_guard: 0.


Internal statistics:

num_allocs_failed_limit: 9.
num_arena_births: 4812.
num_arena_deaths: 4.
num_vsnodes_births: 3.
num_vsnodes_deaths: 0.
num_space_committed: 2108.
num_space_uncommitted: 0.
num_chunks_returned_to_freelist: 15.
num_chunks_taken_from_freelist: 10578.
num_chunk_merges: 7.
num_chunk_splits: 6919.
num_chunks_enlarged: 4345.
num_inconsistent_stats: 0.

CodeHeap 'non-profiled nmethods': size=119168Kb used=11057Kb max_used=11057Kb free=108110Kb
 bounds [0x000002305e190000, 0x000002305ec60000, 0x00000230655f0000]
CodeHeap 'profiled nmethods': size=119104Kb used=27127Kb max_used=27127Kb free=91976Kb
 bounds [0x00000230565f0000, 0x0000023058080000, 0x000002305da40000]
CodeHeap 'non-nmethods': size=7488Kb used=3771Kb max_used=3803Kb free=3716Kb
 bounds [0x000002305da40000, 0x000002305de00000, 0x000002305e190000]
CodeCache: size=245760Kb, used=41955Kb, max_used=41987Kb, free=203802Kb
 total_blobs=15341, nmethods=14399, adapters=841, full_count=0
Compilation: enabled, stopped_count=0, restarted_count=0

Compilation events (20 events):
Event: 11.439 Thread 0x0000023072bf5e20 17355       3       com.android.tools.r8.internal.w74$$Lambda/0x0000000101368940::accept (10 bytes)
Event: 11.439 Thread 0x0000023072bf5e20 nmethod 17355 0x0000023058066c10 code [0x0000023058066dc0, 0x0000023058066fe8]
Event: 11.440 Thread 0x000002307751c680 17356       4       com.android.tools.r8.internal.z03$$Lambda/0x00000001013686d8::accept (20 bytes)
Event: 11.440 Thread 0x0000023071a6b4b0 17357       4       com.android.tools.r8.internal.w74::a (10 bytes)
Event: 11.453 Thread 0x000002306c13d640 17366       3       com.android.tools.r8.graph.e6::V (5 bytes)
Event: 11.454 Thread 0x0000023072bf5e20 17368       3       com.android.tools.r8.internal.mk::x (2 bytes)
Event: 11.462 Thread 0x000002306c14bce0 17370 % !   3       com.android.tools.r8.internal.x74::forEach @ 7 (123 bytes)
Event: 14.449 Thread 0x0000023072bf5e20 nmethod 17368 0x0000023058067110 code [0x00000230580672a0, 0x00000230580673b0]
Event: 14.449 Thread 0x000002306c13d640 nmethod 17366 0x0000023058067490 code [0x0000023058067620, 0x00000230580677b8]
Event: 14.449 Thread 0x000002307751c680 nmethod 17356 0x000002305ec48c10 code [0x000002305ec48e20, 0x000002305ec49580]
Event: 14.449 Thread 0x000002306c14bce0 nmethod 17370% 0x0000023058067890 code [0x0000023058067b80, 0x0000023058068c70]
Event: 14.449 Thread 0x000002307751c680 17358       4       com.android.tools.r8.graph.c2::a (55 bytes)
Event: 14.450 Thread 0x000002306c14bce0 17371       1       javax.management.ObjectName::getCanonicalName (5 bytes)
Event: 14.450 Thread 0x000002306c14bce0 nmethod 17371 0x000002305ec49d10 code [0x000002305ec49ea0, 0x000002305ec49f68]
Event: 14.450 Thread 0x000002306bfbe340 17372       3       sun.management.spi.PlatformMBeanProvider$PlatformComponent::getMBeans (87 bytes)
Event: 14.451 Thread 0x000002306bfbe340 nmethod 17372 0x0000023058069290 code [0x0000023058069620, 0x000002305806ac10]
Event: 15.098 Thread 0x0000023072bf5e20 17373       3       java.lang.management.ManagementFactory$$Lambda/0x0000000100172bf8::apply (12 bytes)
Event: 15.098 Thread 0x000002306c14bce0 17374       3       java.lang.management.ManagementFactory::lambda$getPlatformMXBeans$3 (13 bytes)
Event: 16.099 Thread 0x000002306bfbe340 17375       3       java.util.HashMap$HashMapSpliterator::getFence (53 bytes)
Event: 16.099 Thread 0x000002306c13d640 17376       3       javax.management.ObjectName::addProperty (80 bytes)

GC Heap History (20 events):
Event: 9.413 GC heap before
{Heap before GC invocations=41 (full 0):
 garbage-first heap   total 244736K, used 230145K [0x0000000080000000, 0x0000000100000000)
  region size 1024K, 107 young (109568K), 8 survivors (8192K)
 Metaspace       used 118294K, committed 120640K, reserved 1179648K
  class space    used 16784K, committed 17920K, reserved 1048576K
}
Event: 9.416 GC heap after
{Heap after GC invocations=42 (full 0):
 garbage-first heap   total 380928K, used 127985K [0x0000000080000000, 0x0000000100000000)
  region size 1024K, 5 young (5120K), 5 survivors (5120K)
 Metaspace       used 118294K, committed 120640K, reserved 1179648K
  class space    used 16784K, committed 17920K, reserved 1048576K
}
Event: 9.529 GC heap before
{Heap before GC invocations=42 (full 0):
 garbage-first heap   total 380928K, used 350193K [0x0000000080000000, 0x0000000100000000)
  region size 1024K, 223 young (228352K), 5 survivors (5120K)
 Metaspace       used 118847K, committed 121152K, reserved 1179648K
  class space    used 16881K, committed 17984K, reserved 1048576K
}
Event: 9.531 GC heap after
{Heap after GC invocations=43 (full 0):
 garbage-first heap   total 380928K, used 131493K [0x0000000080000000, 0x0000000100000000)
  region size 1024K, 8 young (8192K), 8 survivors (8192K)
 Metaspace       used 118847K, committed 121152K, reserved 1179648K
  class space    used 16881K, committed 17984K, reserved 1048576K
}
Event: 9.606 GC heap before
{Heap before GC invocations=43 (full 0):
 garbage-first heap   total 380928K, used 254373K [0x0000000080000000, 0x0000000100000000)
  region size 1024K, 130 young (133120K), 8 survivors (8192K)
 Metaspace       used 119270K, committed 121600K, reserved 1179648K
  class space    used 16941K, committed 18048K, reserved 1048576K
}
Event: 9.610 GC heap after
{Heap after GC invocations=44 (full 0):
 garbage-first heap   total 380928K, used 140314K [0x0000000080000000, 0x0000000100000000)
  region size 1024K, 17 young (17408K), 17 survivors (17408K)
 Metaspace       used 119270K, committed 121600K, reserved 1179648K
  class space    used 16941K, committed 18048K, reserved 1048576K
}
Event: 10.127 GC heap before
{Heap before GC invocations=45 (full 0):
 garbage-first heap   total 380928K, used 349210K [0x0000000080000000, 0x0000000100000000)
  region size 1024K, 220 young (225280K), 17 survivors (17408K)
 Metaspace       used 123840K, committed 126272K, reserved 1179648K
  class space    used 17631K, committed 18816K, reserved 1048576K
}
Event: 10.139 GC heap after
{Heap after GC invocations=46 (full 0):
 garbage-first heap   total 408576K, used 182272K [0x0000000080000000, 0x0000000100000000)
  region size 1024K, 28 young (28672K), 28 survivors (28672K)
 Metaspace       used 123840K, committed 126272K, reserved 1179648K
  class space    used 17631K, committed 18816K, reserved 1048576K
}
Event: 10.296 GC heap before
{Heap before GC invocations=46 (full 0):
 garbage-first heap   total 408576K, used 355328K [0x0000000080000000, 0x0000000100000000)
  region size 1024K, 198 young (202752K), 28 survivors (28672K)
 Metaspace       used 124294K, committed 126720K, reserved 1179648K
  class space    used 17680K, committed 18880K, reserved 1048576K
}
Event: 10.317 GC heap after
{Heap after GC invocations=47 (full 0):
 garbage-first heap   total 422912K, used 217088K [0x0000000080000000, 0x0000000100000000)
  region size 1024K, 25 young (25600K), 25 survivors (25600K)
 Metaspace       used 124294K, committed 126720K, reserved 1179648K
  class space    used 17680K, committed 18880K, reserved 1048576K
}
Event: 10.621 GC heap before
{Heap before GC invocations=47 (full 0):
 garbage-first heap   total 422912K, used 363520K [0x0000000080000000, 0x0000000100000000)
  region size 1024K, 169 young (173056K), 25 survivors (25600K)
 Metaspace       used 126804K, committed 129280K, reserved 1179648K
  class space    used 18116K, committed 19328K, reserved 1048576K
}
Event: 10.639 GC heap after
{Heap after GC invocations=48 (full 0):
 garbage-first heap   total 422912K, used 249856K [0x0000000080000000, 0x0000000100000000)
  region size 1024K, 22 young (22528K), 22 survivors (22528K)
 Metaspace       used 126804K, committed 129280K, reserved 1179648K
  class space    used 18116K, committed 19328K, reserved 1048576K
}
Event: 10.771 GC heap before
{Heap before GC invocations=48 (full 0):
 garbage-first heap   total 422912K, used 367616K [0x0000000080000000, 0x0000000100000000)
  region size 1024K, 138 young (141312K), 22 survivors (22528K)
 Metaspace       used 127140K, committed 129600K, reserved 1179648K
  class space    used 18155K, committed 19328K, reserved 1048576K
}
Event: 10.785 GC heap after
{Heap after GC invocations=49 (full 0):
 garbage-first heap   total 422912K, used 280576K [0x0000000080000000, 0x0000000100000000)
  region size 1024K, 18 young (18432K), 18 survivors (18432K)
 Metaspace       used 127140K, committed 129600K, reserved 1179648K
  class space    used 18155K, committed 19328K, reserved 1048576K
}
Event: 10.843 GC heap before
{Heap before GC invocations=50 (full 0):
 garbage-first heap   total 422912K, used 373760K [0x0000000080000000, 0x0000000100000000)
  region size 1024K, 109 young (111616K), 18 survivors (18432K)
 Metaspace       used 127522K, committed 129984K, reserved 1179648K
  class space    used 18211K, committed 19392K, reserved 1048576K
}
Event: 10.852 GC heap after
{Heap after GC invocations=51 (full 0):
 garbage-first heap   total 422912K, used 305120K [0x0000000080000000, 0x0000000100000000)
  region size 1024K, 14 young (14336K), 14 survivors (14336K)
 Metaspace       used 127522K, committed 129984K, reserved 1179648K
  class space    used 18211K, committed 19392K, reserved 1048576K
}
Event: 10.901 GC heap before
{Heap before GC invocations=51 (full 0):
 garbage-first heap   total 422912K, used 380896K [0x0000000080000000, 0x0000000100000000)
  region size 1024K, 88 young (90112K), 14 survivors (14336K)
 Metaspace       used 127949K, committed 130432K, reserved 1179648K
  class space    used 18259K, committed 19456K, reserved 1048576K
}
Event: 10.910 GC heap after
{Heap after GC invocations=52 (full 0):
 garbage-first heap   total 757760K, used 323584K [0x0000000080000000, 0x0000000100000000)
  region size 1024K, 11 young (11264K), 11 survivors (11264K)
 Metaspace       used 127949K, committed 130432K, reserved 1179648K
  class space    used 18259K, committed 19456K, reserved 1048576K
}
Event: 11.209 GC heap before
{Heap before GC invocations=52 (full 0):
 garbage-first heap   total 757760K, used 608256K [0x0000000080000000, 0x0000000100000000)
  region size 1024K, 290 young (296960K), 11 survivors (11264K)
 Metaspace       used 130384K, committed 132864K, reserved 1179648K
  class space    used 18695K, committed 19904K, reserved 1048576K
}
Event: 11.228 GC heap after
{Heap after GC invocations=53 (full 0):
 garbage-first heap   total 757760K, used 389632K [0x0000000080000000, 0x0000000100000000)
  region size 1024K, 37 young (37888K), 37 survivors (37888K)
 Metaspace       used 130384K, committed 132864K, reserved 1179648K
  class space    used 18695K, committed 19904K, reserved 1048576K
}

Dll operation events (3 events):
Event: 0.004 Loaded shared library C:\Program Files\Android\Android Studio\jbr\bin\java.dll
Event: 0.007 Loaded shared library C:\Program Files\Android\Android Studio\jbr\bin\zip.dll
Event: 0.411 Loaded shared library C:\Program Files\Android\Android Studio\jbr\bin\verify.dll

Deoptimization events (20 events):
Event: 11.429 Thread 0x00000230756a60d0 DEOPT PACKING pc=0x0000023057fb7ff0 sp=0x0000006497bf9920
Event: 11.429 Thread 0x00000230756a60d0 DEOPT UNPACKING pc=0x000002305da94b42 sp=0x0000006497bf9038 mode 0
Event: 11.431 Thread 0x00000230756a60d0 DEOPT PACKING pc=0x0000023057fb95cc sp=0x0000006497bf9920
Event: 11.431 Thread 0x00000230756a60d0 DEOPT UNPACKING pc=0x000002305da94b42 sp=0x0000006497bf9038 mode 0
Event: 11.435 Thread 0x000002307567c170 DEOPT PACKING pc=0x0000023057fba4af sp=0x00000064976f98f0
Event: 11.435 Thread 0x000002307567c170 DEOPT UNPACKING pc=0x000002305da94b42 sp=0x00000064976f9000 mode 0
Event: 11.436 Thread 0x00000230756a60d0 DEOPT PACKING pc=0x0000023057fba4af sp=0x0000006497bf9920
Event: 11.436 Thread 0x00000230756a60d0 DEOPT UNPACKING pc=0x000002305da94b42 sp=0x0000006497bf9030 mode 0
Event: 11.438 Thread 0x00000230756a60d0 Uncommon trap: trap_request=0xffffffde fr.pc=0x000002305e3957c8 relative=0x00000000000002c8
Event: 11.438 Thread 0x00000230756a60d0 Uncommon trap: reason=class_check action=maybe_recompile pc=0x000002305e3957c8 method=com.android.tools.r8.internal.w74.a(Lcom/android/tools/r8/internal/n84;Ljava/lang/Object;I)Ljava/lang/Object; @ 3 c2
Event: 11.438 Thread 0x00000230756a60d0 DEOPT PACKING pc=0x000002305e3957c8 sp=0x0000006497bfa1c0
Event: 11.438 Thread 0x00000230756a60d0 DEOPT UNPACKING pc=0x000002305da943a2 sp=0x0000006497bfa0e8 mode 2
Event: 11.438 Thread 0x00000230756a4690 Uncommon trap: trap_request=0xffffff45 fr.pc=0x000002305ec3fbe0 relative=0x00000000000000c0
Event: 11.438 Thread 0x00000230756a4690 Uncommon trap: reason=unstable_if action=reinterpret pc=0x000002305ec3fbe0 method=com.android.tools.r8.internal.fa0.a(C)Z @ 3 c2
Event: 11.438 Thread 0x00000230756a4690 DEOPT PACKING pc=0x000002305ec3fbe0 sp=0x00000064982f9d00
Event: 11.438 Thread 0x00000230756a4690 DEOPT UNPACKING pc=0x000002305da943a2 sp=0x00000064982f9c28 mode 2
Event: 14.447 Thread 0x000002307567c170 DEOPT PACKING pc=0x0000023057fb95cc sp=0x00000064976f9800
Event: 14.447 Thread 0x000002307567c170 DEOPT UNPACKING pc=0x000002305da94b42 sp=0x00000064976f8f18 mode 0
Event: 14.451 Thread 0x000002307567c170 DEOPT PACKING pc=0x0000023057fb95cc sp=0x00000064976f9800
Event: 14.451 Thread 0x000002307567c170 DEOPT UNPACKING pc=0x000002305da94b42 sp=0x00000064976f8f18 mode 0

Classes loaded (20 events):
Event: 9.511 Loading class java/util/zip/ZipFile$ZipEntryIterator
Event: 9.511 Loading class java/util/zip/ZipFile$ZipEntryIterator done
Event: 9.580 Loading class java/util/zip/ZipInputStream
Event: 9.580 Loading class java/util/zip/ZipInputStream done
Event: 9.744 Loading class java/io/UTFDataFormatException
Event: 9.744 Loading class java/io/UTFDataFormatException done
Event: 9.858 Loading class java/util/stream/IntPipeline$1
Event: 9.858 Loading class java/util/stream/IntPipeline$1 done
Event: 9.858 Loading class java/util/stream/IntPipeline$1$1
Event: 9.858 Loading class java/util/stream/Sink$ChainedInt
Event: 9.859 Loading class java/util/stream/Sink$ChainedInt done
Event: 9.859 Loading class java/util/stream/IntPipeline$1$1 done
Event: 9.874 Loading class java/util/concurrent/RejectedExecutionException
Event: 9.874 Loading class java/util/concurrent/RejectedExecutionException done
Event: 9.914 Loading class java/util/function/BooleanSupplier
Event: 9.914 Loading class java/util/function/BooleanSupplier done
Event: 11.257 Loading class java/util/concurrent/LinkedBlockingDeque$Itr
Event: 11.257 Loading class java/util/concurrent/LinkedBlockingDeque$AbstractItr
Event: 11.257 Loading class java/util/concurrent/LinkedBlockingDeque$AbstractItr done
Event: 11.257 Loading class java/util/concurrent/LinkedBlockingDeque$Itr done

Classes unloaded (2 events):
Event: 10.723 Thread 0x000002306bf325e0 Unloading class 0x0000000101248800 'java/lang/invoke/LambdaForm$DMH+0x0000000101248800'
Event: 10.723 Thread 0x000002306bf325e0 Unloading class 0x0000000101248400 'java/lang/invoke/LambdaForm$DMH+0x0000000101248400'

Classes redefined (0 events):
No events

Internal exceptions (20 events):
Event: 11.443 Thread 0x00000230756a6760 Exception <a 'sun/nio/fs/WindowsException'{0x00000000a2c7f7c0}> (0x00000000a2c7f7c0) 
thrown [s\src\hotspot\share\prims\jni.cpp, line 537]
Event: 11.443 Thread 0x00000230756a4690 Exception <a 'sun/nio/fs/WindowsException'{0x00000000a10ce6e0}> (0x00000000a10ce6e0) 
thrown [s\src\hotspot\share\prims\jni.cpp, line 537]
Event: 11.443 Thread 0x000002307567c800 Exception <a 'sun/nio/fs/WindowsException'{0x00000000a0981818}> (0x00000000a0981818) 
thrown [s\src\hotspot\share\prims\jni.cpp, line 537]
Event: 11.443 Thread 0x00000230756a7b10 Exception <a 'sun/nio/fs/WindowsException'{0x00000000a13e85d0}> (0x00000000a13e85d0) 
thrown [s\src\hotspot\share\prims\jni.cpp, line 537]
Event: 11.444 Thread 0x00000230756a4690 Exception <a 'sun/nio/fs/WindowsException'{0x00000000a10d93f8}> (0x00000000a10d93f8) 
thrown [s\src\hotspot\share\prims\jni.cpp, line 537]
Event: 11.444 Thread 0x00000230756a6760 Exception <a 'sun/nio/fs/WindowsException'{0x00000000a090a938}> (0x00000000a090a938) 
thrown [s\src\hotspot\share\prims\jni.cpp, line 537]
Event: 11.444 Thread 0x000002307567c800 Exception <a 'sun/nio/fs/WindowsException'{0x00000000a098c7f0}> (0x00000000a098c7f0) 
thrown [s\src\hotspot\share\prims\jni.cpp, line 537]
Event: 11.444 Thread 0x00000230756a7b10 Exception <a 'sun/nio/fs/WindowsException'{0x00000000a13f3568}> (0x00000000a13f3568) 
thrown [s\src\hotspot\share\prims\jni.cpp, line 537]
Event: 11.445 Thread 0x00000230756a4690 Exception <a 'sun/nio/fs/WindowsException'{0x00000000a10e34e0}> (0x00000000a10e34e0) 
thrown [s\src\hotspot\share\prims\jni.cpp, line 537]
Event: 11.445 Thread 0x00000230756a6760 Exception <a 'sun/nio/fs/WindowsException'{0x00000000a0915868}> (0x00000000a0915868) 
thrown [s\src\hotspot\share\prims\jni.cpp, line 537]
Event: 11.445 Thread 0x000002307567c800 Exception <a 'sun/nio/fs/WindowsException'{0x00000000a09977e0}> (0x00000000a09977e0) 
thrown [s\src\hotspot\share\prims\jni.cpp, line 537]
Event: 11.445 Thread 0x00000230756a7b10 Exception <a 'sun/nio/fs/WindowsException'{0x00000000a13fe548}> (0x00000000a13fe548) 
thrown [s\src\hotspot\share\prims\jni.cpp, line 537]
Event: 14.449 Thread 0x00000230756a6760 Exception <a 'sun/nio/fs/WindowsException'{0x00000000a09207b0}> (0x00000000a09207b0) 
thrown [s\src\hotspot\share\prims\jni.cpp, line 537]
Event: 14.449 Thread 0x000002307567c800 Exception <a 'sun/nio/fs/WindowsException'{0x00000000a09a27b0}> (0x00000000a09a27b0) 
thrown [s\src\hotspot\share\prims\jni.cpp, line 537]
Event: 14.450 Thread 0x00000230756a4690 Exception <a 'sun/nio/fs/WindowsException'{0x00000000a063bf58}> (0x00000000a063bf58) 
thrown [s\src\hotspot\share\prims\jni.cpp, line 537]
Event: 14.450 Thread 0x00000230756a60d0 Exception <a 'sun/nio/fs/WindowsException'{0x00000000a005d790}> (0x00000000a005d790) 
thrown [s\src\hotspot\share\prims\jni.cpp, line 537]
Event: 14.450 Thread 0x00000230756a7b10 Exception <a 'sun/nio/fs/WindowsException'{0x00000000a07897a0}> (0x00000000a07897a0) 
thrown [s\src\hotspot\share\prims\jni.cpp, line 537]
Event: 14.451 Thread 0x00000230756a4690 Exception <a 'sun/nio/fs/WindowsException'{0x00000000a0645778}> (0x00000000a0645778) 
thrown [s\src\hotspot\share\prims\jni.cpp, line 537]
Event: 14.451 Thread 0x000002307567c800 Exception <a 'sun/nio/fs/WindowsException'{0x00000000a09ad778}> (0x00000000a09ad778) 
thrown [s\src\hotspot\share\prims\jni.cpp, line 537]
Event: 14.453 Thread 0x00000230756a7b10 Exception <a 'sun/nio/fs/WindowsException'{0x00000000a0794768}> (0x00000000a0794768) 
thrown [s\src\hotspot\share\prims\jni.cpp, line 537]

ZGC Phase Switch (0 events):
No events

VM Operations (20 events):
Event: 11.228 Executing VM operation: G1CollectForAllocation (G1 Evacuation Pause) done
Event: 11.239 Executing VM operation: HandshakeAllThreads (Deoptimize)
Event: 11.239 Executing VM operation: HandshakeAllThreads (Deoptimize) done
Event: 11.254 Executing VM operation: HandshakeAllThreads (Deoptimize)
Event: 11.254 Executing VM operation: HandshakeAllThreads (Deoptimize) done
Event: 11.260 Executing VM operation: HandshakeAllThreads (Deoptimize)
Event: 11.261 Executing VM operation: HandshakeAllThreads (Deoptimize) done
Event: 11.274 Executing VM operation: HandshakeAllThreads (Deoptimize)
Event: 11.274 Executing VM operation: HandshakeAllThreads (Deoptimize) done
Event: 11.275 Executing VM operation: HandshakeAllThreads (Deoptimize)
Event: 11.276 Executing VM operation: HandshakeAllThreads (Deoptimize) done
Event: 11.288 Executing VM operation: HandshakeAllThreads (Deoptimize)
Event: 11.289 Executing VM operation: HandshakeAllThreads (Deoptimize) done
Event: 11.306 Executing VM operation: HandshakeAllThreads (Deoptimize)
Event: 11.306 Executing VM operation: HandshakeAllThreads (Deoptimize) done
Event: 11.311 Executing VM operation: HandshakeAllThreads (Deoptimize)
Event: 11.312 Executing VM operation: HandshakeAllThreads (Deoptimize) done
Event: 12.312 Executing VM operation: Cleanup
Event: 14.449 Executing VM operation: Cleanup done
Event: 16.450 Executing VM operation: Cleanup

Memory protections (0 events):
No events

Nmethod flushes (20 events):
Event: 10.731 Thread 0x000002306bf325e0 flushing  nmethod 0x0000023056fa6490
Event: 10.731 Thread 0x000002306bf325e0 flushing  nmethod 0x000002305706de90
Event: 10.731 Thread 0x000002306bf325e0 flushing  nmethod 0x0000023057647410
Event: 10.731 Thread 0x000002306bf325e0 flushing  nmethod 0x0000023057c75210
Event: 10.731 Thread 0x000002306bf325e0 flushing  nmethod 0x0000023057e0c690
Event: 10.731 Thread 0x000002306bf325e0 flushing  nmethod 0x0000023057e11390
Event: 10.731 Thread 0x000002306bf325e0 flushing  nmethod 0x0000023057e13210
Event: 10.731 Thread 0x000002306bf325e0 flushing  nmethod 0x0000023057ec3210
Event: 10.731 Thread 0x000002306bf325e0 flushing  nmethod 0x0000023056fb2510
Event: 10.731 Thread 0x000002306bf325e0 flushing  nmethod 0x0000023056fb5c10
Event: 10.731 Thread 0x000002306bf325e0 flushing  nmethod 0x0000023056fb7090
Event: 10.731 Thread 0x000002306bf325e0 flushing  nmethod 0x00000230570b5210
Event: 10.731 Thread 0x000002306bf325e0 flushing  nmethod 0x0000023057234d90
Event: 10.731 Thread 0x000002306bf325e0 flushing  nmethod 0x0000023057235310
Event: 10.731 Thread 0x000002306bf325e0 flushing  nmethod 0x0000023057430110
Event: 10.731 Thread 0x000002306bf325e0 flushing  nmethod 0x00000230574c8a10
Event: 10.731 Thread 0x000002306bf325e0 flushing  nmethod 0x0000023057536090
Event: 10.731 Thread 0x000002306bf325e0 flushing  nmethod 0x0000023057803210
Event: 10.731 Thread 0x000002306bf325e0 flushing  nmethod 0x0000023057ada010
Event: 10.731 Thread 0x000002306bf325e0 flushing  nmethod 0x0000023057db9a90

Events (20 events):
Event: 9.323 Thread 0x0000023078f4d730 Thread added: 0x000002307e12bf70
Event: 9.323 Thread 0x0000023078f4d730 Thread added: 0x0000023075676c20
Event: 9.323 Thread 0x0000023078f4d730 Thread added: 0x00000230774f6220
Event: 9.323 Thread 0x0000023078f4d730 Thread added: 0x00000230774f68b0
Event: 9.324 Thread 0x0000023078f4d730 Thread added: 0x00000230774f3ac0
Event: 9.324 Thread 0x0000023078f4d730 Thread added: 0x00000230774f3430
Event: 9.324 Thread 0x0000023078f4d730 Thread added: 0x00000230774f4150
Event: 9.324 Thread 0x0000023078f4d730 Thread added: 0x00000230774f5500
Event: 9.324 Thread 0x0000023078f4d730 Thread added: 0x00000230774f6f40
Event: 9.324 Thread 0x0000023078f4d730 Thread added: 0x00000230774f75d0
Event: 9.324 Thread 0x0000023078f4d730 Thread added: 0x00000230774f47e0
Event: 9.377 Thread 0x000002307e1214d0 Thread added: 0x00000230774ff910
Event: 9.385 Thread 0x000002307e1214d0 Thread added: 0x00000230774f7c60
Event: 9.386 Loaded shared library C:\Program Files\Android\Android Studio\jbr\bin\rmi.dll
Event: 9.388 Thread 0x000002307e1214d0 Thread added: 0x00000230774f82f0
Event: 9.433 Thread 0x000002307e1214d0 Thread added: 0x00000230774f4e70
Event: 9.434 Thread 0x000002307e1214d0 Thread added: 0x00000230774f8980
Event: 9.447 Thread 0x00000230774f4e70 Thread added: 0x00000230774f9010
Event: 10.158 Thread 0x000002306c4aae60 Thread added: 0x0000023071a6b4b0
Event: 10.158 Thread 0x000002306c4aae60 Thread added: 0x0000023071a6c250


Dynamic libraries:
0x00007ff7991a0000 - 0x00007ff7991aa000 	C:\Program Files\Android\Android Studio\jbr\bin\java.exe
0x00007ffcc0260000 - 0x00007ffcc04c7000 	C:\windows\SYSTEM32\ntdll.dll
0x00007ffcbf550000 - 0x00007ffcbf619000 	C:\windows\System32\KERNEL32.DLL
0x00007ffcbcb40000 - 0x00007ffcbcf31000 	C:\windows\System32\KERNELBASE.dll
0x00007ffcbdeb0000 - 0x00007ffcbdffb000 	C:\windows\System32\ucrtbase.dll
0x00007ffcba480000 - 0x00007ffcba498000 	C:\Program Files\Android\Android Studio\jbr\bin\jli.dll
0x00007ffcadac0000 - 0x00007ffcadadb000 	C:\Program Files\Android\Android Studio\jbr\bin\VCRUNTIME140.dll
0x00007ffcbf310000 - 0x00007ffcbf4d5000 	C:\windows\System32\USER32.dll
0x00007ffcbd2c0000 - 0x00007ffcbd2e7000 	C:\windows\System32\win32u.dll
0x00007ffc9aeb0000 - 0x00007ffc9b143000 	C:\windows\WinSxS\amd64_microsoft.windows.common-controls_6595b64144ccf1df_6.0.26100.7922_none_3e089e1ee3342171\COMCTL32.dll
0x00007ffcbf520000 - 0x00007ffcbf54b000 	C:\windows\System32\GDI32.dll
0x00007ffcc0170000 - 0x00007ffcc0219000 	C:\windows\System32\msvcrt.dll
0x00007ffcbdb60000 - 0x00007ffcbdc8a000 	C:\windows\System32\gdi32full.dll
0x00007ffcbd090000 - 0x00007ffcbd133000 	C:\windows\System32\msvcp_win.dll
0x00007ffcbf250000 - 0x00007ffcbf281000 	C:\windows\System32\IMM32.DLL
0x00007ffcb8250000 - 0x00007ffcb825c000 	C:\Program Files\Android\Android Studio\jbr\bin\vcruntime140_1.dll
0x00007ffc92870000 - 0x00007ffc928fd000 	C:\Program Files\Android\Android Studio\jbr\bin\msvcp140.dll
0x00007ffc1e040000 - 0x00007ffc1ecd6000 	C:\Program Files\Android\Android Studio\jbr\bin\server\jvm.dll
0x00007ffcbf6d0000 - 0x00007ffcbf78b000 	C:\windows\System32\ADVAPI32.dll
0x00007ffcbf620000 - 0x00007ffcbf6c7000 	C:\windows\System32\sechost.dll
0x00007ffcbfec0000 - 0x00007ffcbffd8000 	C:\windows\System32\RPCRT4.dll
0x00007ffcbef60000 - 0x00007ffcbefd4000 	C:\windows\System32\WS2_32.dll
0x00007ffcbc9c0000 - 0x00007ffcbca1e000 	C:\windows\SYSTEM32\POWRPROF.dll
0x00007ffcb6790000 - 0x00007ffcb679b000 	C:\windows\SYSTEM32\VERSION.dll
0x00007ffca9080000 - 0x00007ffca90b5000 	C:\windows\SYSTEM32\WINMM.dll
0x00007ffcbc9a0000 - 0x00007ffcbc9b4000 	C:\windows\SYSTEM32\UMPDC.dll
0x00007ffcbb890000 - 0x00007ffcbb8ab000 	C:\windows\SYSTEM32\kernel.appcore.dll
0x00007ffcadab0000 - 0x00007ffcadaba000 	C:\Program Files\Android\Android Studio\jbr\bin\jimage.dll
0x00007ffcb4050000 - 0x00007ffcb4292000 	C:\windows\SYSTEM32\DBGHELP.DLL
0x00007ffcbf9f0000 - 0x00007ffcbfd72000 	C:\windows\System32\combase.dll
0x00007ffcbf100000 - 0x00007ffcbf1d7000 	C:\windows\System32\OLEAUT32.dll
0x00007ffca6460000 - 0x00007ffca649b000 	C:\windows\SYSTEM32\dbgcore.DLL
0x00007ffcbde00000 - 0x00007ffcbdea5000 	C:\windows\System32\bcryptPrimitives.dll
0x00007ffcaef70000 - 0x00007ffcaef7e000 	C:\Program Files\Android\Android Studio\jbr\bin\instrument.dll
0x00007ffcacdb0000 - 0x00007ffcacdd0000 	C:\Program Files\Android\Android Studio\jbr\bin\java.dll
0x00007ffcacd90000 - 0x00007ffcacda8000 	C:\Program Files\Android\Android Studio\jbr\bin\zip.dll
0x00007ffcbe650000 - 0x00007ffcbedaf000 	C:\windows\System32\SHELL32.dll
0x00007ffcbdc90000 - 0x00007ffcbddfa000 	C:\windows\System32\wintypes.dll
0x00007ffcbd2f0000 - 0x00007ffcbdb54000 	C:\windows\System32\windows.storage.dll
0x00007ffcbffe0000 - 0x00007ffcc00d7000 	C:\windows\System32\SHCORE.dll
0x00007ffcbf1e0000 - 0x00007ffcbf247000 	C:\windows\System32\shlwapi.dll
0x00007ffcbca60000 - 0x00007ffcbca89000 	C:\windows\SYSTEM32\profapi.dll
0x00007ffcadaa0000 - 0x00007ffcadab0000 	C:\Program Files\Android\Android Studio\jbr\bin\net.dll
0x00007ffcb6610000 - 0x00007ffcb6737000 	C:\windows\SYSTEM32\WINHTTP.dll
0x00007ffcbbde0000 - 0x00007ffcbbe4b000 	C:\windows\system32\mswsock.dll
0x00007ffcacd70000 - 0x00007ffcacd86000 	C:\Program Files\Android\Android Studio\jbr\bin\nio.dll
0x00007ffcacd60000 - 0x00007ffcacd70000 	C:\Program Files\Android\Android Studio\jbr\bin\verify.dll
0x00007ffc38140000 - 0x00007ffc38167000 	C:\Users\umesh\.gradle\native\660c5614fbf4a5f2a75b1949f50a0caf5cd603558e7d8a26e50b933a0cfb79d1\windows-amd64\native-platform.dll
0x00007ffca7110000 - 0x00007ffca7187000 	C:\Users\umesh\.gradle\native\0.2.8\x86_64-windows-gnu\gradle-fileevents.dll
0x00007ffcacce0000 - 0x00007ffcacce9000 	C:\Program Files\Android\Android Studio\jbr\bin\management.dll
0x00007ffca64d0000 - 0x00007ffca64db000 	C:\Program Files\Android\Android Studio\jbr\bin\management_ext.dll
0x00007ffcbefe0000 - 0x00007ffcbefe8000 	C:\windows\System32\PSAPI.DLL
0x00007ffcbb1a0000 - 0x00007ffcbb1d3000 	C:\windows\SYSTEM32\IPHLPAPI.DLL
0x00007ffcbfeb0000 - 0x00007ffcbfeba000 	C:\windows\System32\NSI.dll
0x00007ffcaccf0000 - 0x00007ffcaccf9000 	C:\Program Files\Android\Android Studio\jbr\bin\extnet.dll
0x00007ffcbc1e0000 - 0x00007ffcbc1fb000 	C:\windows\SYSTEM32\CRYPTSP.dll
0x00007ffcbb7f0000 - 0x00007ffcbb829000 	C:\windows\system32\rsaenh.dll
0x00007ffcbbe90000 - 0x00007ffcbbec2000 	C:\windows\SYSTEM32\USERENV.dll
0x00007ffcbca30000 - 0x00007ffcbca5a000 	C:\windows\SYSTEM32\bcrypt.dll
0x00007ffcbc040000 - 0x00007ffcbc04c000 	C:\windows\SYSTEM32\CRYPTBASE.dll
0x00007ffc6d700000 - 0x00007ffc6d708000 	C:\windows\system32\wshunix.dll
0x00007ffcaef60000 - 0x00007ffcaef67000 	C:\Program Files\Android\Android Studio\jbr\bin\rmi.dll

JVMTI agents:
C:\Users\umesh\.gradle\wrapper\dists\gradle-9.2.1-bin\2t0n5ozlw9xmuyvbp7dnzaxug\gradle-9.2.1\lib\agents\gradle-instrumentation-agent-9.2.1.jar path:C:\Program Files\Android\Android Studio\jbr\bin\instrument.dll, loaded, initialized, instrumentlib options:none

dbghelp: loaded successfully - version: 4.0.5 - missing functions: none
symbol engine: initialized successfully - sym options: 0x614 - pdb path: .;C:\Program Files\Android\Android Studio\jbr\bin;C:\windows\SYSTEM32;C:\windows\WinSxS\amd64_microsoft.windows.common-controls_6595b64144ccf1df_6.0.26100.7922_none_3e089e1ee3342171;C:\Program Files\Android\Android Studio\jbr\bin\server;C:\Users\umesh\.gradle\native\660c5614fbf4a5f2a75b1949f50a0caf5cd603558e7d8a26e50b933a0cfb79d1\windows-amd64;C:\Users\umesh\.gradle\native\0.2.8\x86_64-windows-gnu

VM Arguments:
jvm_args: --add-opens=java.base/java.lang=ALL-UNNAMED --add-opens=java.base/java.lang.invoke=ALL-UNNAMED --add-opens=java.base/java.util=ALL-UNNAMED --add-opens=java.prefs/java.util.prefs=ALL-UNNAMED --add-exports=jdk.compiler/com.sun.tools.javac.api=ALL-UNNAMED --add-exports=jdk.compiler/com.sun.tools.javac.util=ALL-UNNAMED --add-opens=java.base/java.util=ALL-UNNAMED --add-opens=java.prefs/java.util.prefs=ALL-UNNAMED --add-opens=java.base/java.nio.charset=ALL-UNNAMED --add-opens=java.base/java.net=ALL-UNNAMED --add-opens=java.base/java.util.concurrent=ALL-UNNAMED --add-opens=java.base/java.util.concurrent.atomic=ALL-UNNAMED --add-opens=java.xml/javax.xml.namespace=ALL-UNNAMED --add-opens=java.base/java.time=ALL-UNNAMED -Xmx2048m -Dfile.encoding=UTF-8 -Duser.country=IN -Duser.language=en -Duser.variant -javaagent:C:\Users\umesh\.gradle\wrapper\dists\gradle-9.2.1-bin\2t0n5ozlw9xmuyvbp7dnzaxug\gradle-9.2.1\lib\agents\gradle-instrumentation-agent-9.2.1.jar 
java_command: org.gradle.launcher.daemon.bootstrap.GradleDaemon 9.2.1
java_class_path (initial): C:\Users\umesh\.gradle\wrapper\dists\gradle-9.2.1-bin\2t0n5ozlw9xmuyvbp7dnzaxug\gradle-9.2.1\lib\gradle-daemon-main-9.2.1.jar
Launcher Type: SUN_STANDARD

[Global flags]
     intx CICompilerCount                          = 12                                        {product} {ergonomic}
     uint ConcGCThreads                            = 3                                         {product} {ergonomic}
     uint G1ConcRefinementThreads                  = 13                                        {product} {ergonomic}
   size_t G1HeapRegionSize                         = 1048576                                   {product} {ergonomic}
    uintx GCDrainStackTargetSize                   = 64                                        {product} {ergonomic}
   size_t InitialHeapSize                          = 266338304                                 {product} {ergonomic}
   size_t MarkStackSize                            = 4194304                                   {product} {ergonomic}
   size_t MaxHeapSize                              = 2147483648                                {product} {command line}
   size_t MaxNewSize                               = 1287651328                                {product} {ergonomic}
   size_t MinHeapDeltaBytes                        = 1048576                                   {product} {ergonomic}
   size_t MinHeapSize                              = 8388608                                   {product} {ergonomic}
    uintx NonNMethodCodeHeapSize                   = 7602480                                {pd product} {ergonomic}
    uintx NonProfiledCodeHeapSize                  = 122027880                              {pd product} {ergonomic}
    uintx ProfiledCodeHeapSize                     = 122027880                              {pd product} {ergonomic}
    uintx ReservedCodeCacheSize                    = 251658240                              {pd product} {ergonomic}
     bool SegmentedCodeCache                       = true                                      {product} {ergonomic}
   size_t SoftMaxHeapSize                          = 2147483648                             {manageable} {ergonomic}
     bool UseCompressedOops                        = true                           {product lp64_product} {ergonomic}
     bool UseG1GC                                  = true                                      {product} {ergonomic}
     bool UseLargePagesIndividualAllocation        = false                                  {pd product} {ergonomic}

Logging:
Log output configuration:
 #0: stdout all=warning uptime,level,tags foldmultilines=false
 #1: stderr all=off uptime,level,tags foldmultilines=false

Release file:
JAVA_VERSION="21.0.9" 
MODULES="java.base java.compiler java.datatransfer java.xml java.prefs java.desktop java.instrument java.logging java.management java.security.sasl java.naming java.rmi java.management.rmi java.net.http java.scripting java.security.jgss java.transaction.xa java.sql java.sql.rowset java.xml.crypto java.se java.smartcardio jdk.accessibility jdk.internal.jvmstat jdk.attach jdk.charsets jdk.internal.opt jdk.zipfs jdk.compiler jdk.crypto.ec jdk.crypto.cryptoki jdk.dynalink jdk.hotspot.agent jdk.httpserver jdk.internal.ed jdk.internal.le jdk.internal.vm.ci jdk.jartool jdk.javadoc jdk.jcmd jdk.jdeps jdk.jdwp.agent jdk.jdi jdk.jfr jdk.jlink jdk.jsobject jdk.localedata jdk.management jdk.management.agent jdk.management.jfr jdk.naming.dns jdk.naming.rmi jdk.net jdk.sctp jdk.security.auth jdk.security.jgss jdk.unsupported jdk.unsupported.desktop jdk.xml.dom" 
IMPLEMENTOR="JetBrains s.r.o." 
JAVA_RUNTIME_VERSION="21.0.9+-14649483-b1163.86" 
LIBC="default" 
OS_ARCH="x86_64" 
OS_NAME="Windows" 
SOURCE=".:git:554d0c326095" 

Environment Variables:
JAVA_HOME=C:\Program Files\Eclipse Adoptium\jdk-21.0.10.7-hotspot\
PATH=C:\Program Files\Eclipse Adoptium\jdk-21.0.10.7-hotspot\bin;C:\Program Files\ImageMagick-7.1.2-Q16-HDRI;C:\Program Files\Common Files\Oracle\Java\javapath;C:\windows\system32;C:\windows;C:\windows\System32\Wbem;C:\windows\System32\WindowsPowerShell\v1.0\;C:\windows\System32\OpenSSH\;C:\Program Files\dotnet\;C:\Program Files\Git\cmd;C:\Program Files\Docker\Docker\resources\bin;C:\Users\umesh\.cargo\bin;C:\Users\umesh\AppData\Local\Microsoft\WindowsApps;C:\Users\umesh\AppData\Local\Programs\Microsoft VS Code\bin;C:\Program Files\Git\bin;C:\msys64\mingw64\bin;C:\kotlinc\bin;C:\Users\umesh\AppData\Local\Programs\Ollama;C:\Android;C:\Program Files\Java;;C:\Users\umesh\.lmstudio\bin;C:\Users\umesh\AppData\Local\Python\bin
USERNAME=umesh
OS=Windows_NT
PROCESSOR_IDENTIFIER=Intel64 Family 6 Model 191 Stepping 2, GenuineIntel
TMP=C:\Users\umesh\AppData\Local\Temp
TEMP=C:\Users\umesh\AppData\Local\Temp




Periodic native trim disabled

JNI global refs:
JNI global refs: 41, weak refs: 0

JNI global refs memory usage: 835, weak refs: 833

Process memory usage:
Resident Set Size: 1180880K (7% of 16585936K total physical memory with 1894352K free physical memory)

OOME stack traces (most recent first):
Classloader memory used:
Loader org.gradle.internal.classloader.VisitableURLClassLoader                         : 46476K
Loader org.gradle.internal.classloader.VisitableURLClassLoader$InstrumentingVisitableURLClassLoader: 41656K
Loader bootstrap                                                                       : 29799K
Loader org.gradle.initialization.MixInLegacyTypesClassLoader                           : 13318K
Loader jdk.internal.reflect.DelegatingClassLoader                                      : 506K
Loader jdk.internal.loader.ClassLoaders$AppClassLoader                                 : 233K
Loader org.gradle.internal.classloader.VisitableURLClassLoader                         : 214K
Loader jdk.internal.loader.ClassLoaders$PlatformClassLoader                            : 168K
Loader org.gradle.groovy.scripts.internal.DefaultScriptCompilationHandler$ScriptClassLoader: 128K

Classes loaded by more than one classloader:
Class Program                                                                         : loaded 5 times (x 72B)
Class Build_gradle                                                                    : loaded 3 times (x 126B)
Class com.google.common.collect.RegularImmutableMap$KeySet                            : loaded 2 times (x 152B)
Class org.gradle.internal.classloader.FilteringClassLoader                            : loaded 2 times (x 105B)
Class com.google.common.base.CharMatcher$IsEither                                     : loaded 2 times (x 111B)
Class org.gradle.internal.classloader.ClassLoaderHierarchy                            : loaded 2 times (x 70B)
Class com.google.common.collect.ImmutableEnumSet                                      : loaded 2 times (x 146B)
Class com.google.common.util.concurrent.ExecutionError                                : loaded 2 times (x 82B)
Class com.google.common.collect.ImmutableList$1                                       : loaded 2 times (x 97B)
Class org.gradle.api.internal.classpath.ManifestUtil                                  : loaded 2 times (x 71B)
Class com.google.common.io.ByteArrayDataOutput                                        : loaded 2 times (x 70B)
Class com.google.common.collect.RegularImmutableMap                                   : loaded 2 times (x 121B)
Class com.google.common.collect.ImmutableMap$MapViewOfValuesAsSingletonSets           : loaded 2 times (x 126B)
Class [Lorg.objectweb.asm.Symbol;                                                     : loaded 2 times (x 69B)
Class org.objectweb.asm.ClassVisitor                                                  : loaded 2 times (x 88B)
Class com.google.common.collect.UnmodifiableListIterator                              : loaded 2 times (x 95B)
Class com.google.common.base.Platform$JdkPatternCompiler                              : loaded 2 times (x 75B)
Class org.objectweb.asm.MethodTooLargeException                                       : loaded 2 times (x 83B)
Class [Lcom.google.common.cache.CacheBuilder$OneWeigher;                              : loaded 2 times (x 69B)
Class com.google.common.base.Suppliers                                                : loaded 2 times (x 71B)
Class org.gradle.internal.classloader.DefaultClassLoaderFactory                       : loaded 2 times (x 82B)
Class org.gradle.internal.classloader.ClassLoaderVisitor                              : loaded 2 times (x 76B)
Class [Lcom.google.common.collect.ImmutableMapEntry;                                  : loaded 2 times (x 69B)
Class org.gradle.api.internal.classpath.EffectiveClassPath                            : loaded 2 times (x 90B)
Class com.google.common.collect.ListMultimap                                          : loaded 2 times (x 70B)
Class com.google.common.collect.ImmutableEnumMap                                      : loaded 2 times (x 126B)
Class com.google.common.collect.ImmutableSet$SerializedForm                           : loaded 2 times (x 73B)
Class com.google.common.collect.Sets$1                                                : loaded 2 times (x 139B)
Class org.objectweb.asm.AnnotationVisitor                                             : loaded 2 times (x 78B)
Class org.gradle.api.internal.DefaultClassPathProvider                                : loaded 2 times (x 76B)
Class com.google.common.collect.Sets$2                                                : loaded 2 times (x 139B)
Class [Lorg.gradle.api.internal.ClassPathProvider;                                    : loaded 2 times (x 69B)
Class org.gradle.api.internal.ClassPathProvider                                       : loaded 2 times (x 70B)
Class [Lorg.objectweb.asm.AnnotationVisitor;                                          : loaded 2 times (x 69B)
Class com.google.common.collect.Sets$3                                                : loaded 2 times (x 139B)
Class com.google.common.cache.LocalCache$LocalLoadingCache                            : loaded 2 times (x 134B)
Class org.gradle.internal.service.UnknownServiceException                             : loaded 2 times (x 83B)
Class com.google.common.io.ByteArrayDataInput                                         : loaded 2 times (x 70B)
Class com.google.common.collect.Sets$4                                                : loaded 2 times (x 139B)
Class org.objectweb.asm.ModuleVisitor                                                 : loaded 2 times (x 81B)
Class com.google.common.cache.LocalCache$Strength$1                                   : loaded 2 times (x 81B)
Class com.google.common.util.concurrent.SettableFuture                                : loaded 2 times (x 114B)
Class com.google.common.cache.LocalCache$Strength$2                                   : loaded 2 times (x 81B)
Class com.google.common.io.ByteStreams                                                : loaded 2 times (x 71B)
Class com.google.common.cache.LocalCache$Strength$3                                   : loaded 2 times (x 81B)
Class com.google.common.collect.MapDifference                                         : loaded 2 times (x 70B)
Class org.objectweb.asm.FieldWriter                                                   : loaded 2 times (x 78B)
Class com.google.common.cache.CacheBuilder$NullListener                               : loaded 2 times (x 82B)
Class org.gradle.internal.classpath.TransformedClassPath                              : loaded 2 times (x 96B)
Class org.gradle.internal.classloader.InstrumentingClassLoader                        : loaded 2 times (x 70B)
Class com.google.common.cache.CacheLoader$FunctionToCacheLoader                       : loaded 2 times (x 75B)
Class com.google.common.collect.Iterators$ArrayItr                                    : loaded 2 times (x 97B)
Class com.google.common.collect.ImmutableCollection$Builder                           : loaded 2 times (x 76B)
Class com.google.common.base.Joiner                                                   : loaded 2 times (x 79B)
Class com.google.common.base.Equivalence$Identity                                     : loaded 2 times (x 82B)
Class com.google.common.collect.Platform                                              : loaded 2 times (x 71B)
Class [Lorg.objectweb.asm.Type;                                                       : loaded 2 times (x 69B)
Class com.google.common.collect.UnmodifiableIterator                                  : loaded 2 times (x 80B)
Class org.gradle.internal.service.ServiceLocator                                      : loaded 2 times (x 70B)
Class com.google.common.base.Ascii                                                    : loaded 2 times (x 71B)
Class com.google.common.collect.SingletonImmutableBiMap                               : loaded 2 times (x 143B)
Class com.google.common.cache.LocalCache$1                                            : loaded 2 times (x 89B)
Class com.google.common.collect.Iterators$SingletonIterator                           : loaded 2 times (x 81B)
Class com.google.common.collect.AbstractMapEntry                                      : loaded 2 times (x 81B)
Class com.google.common.collect.Sets$ImprovedAbstractSet                              : loaded 2 times (x 135B)
Class com.google.common.collect.ImmutableList$Builder                                 : loaded 2 times (x 77B)
Class com.google.common.collect.AbstractMultimap                                      : loaded 2 times (x 123B)
Class com.google.common.cache.LocalCache$2                                            : loaded 2 times (x 142B)
Class com.google.common.collect.RegularImmutableAsList                                : loaded 2 times (x 217B)
Class com.google.common.util.concurrent.AbstractFuture$Trusted                        : loaded 2 times (x 70B)
Class com.google.common.collect.Iterators                                             : loaded 2 times (x 71B)
Class com.google.common.collect.Lists$StringAsImmutableList                           : loaded 2 times (x 207B)
Class com.google.common.util.concurrent.UncheckedExecutionException                   : loaded 2 times (x 82B)
Class org.gradle.kotlin.dsl.VersionCatalogAccessorsKt                                 : loaded 2 times (x 71B)
Class com.google.common.collect.AbstractMapBasedMultimap$KeySet$1                     : loaded 2 times (x 82B)
Class org.objectweb.asm.ClassWriter                                                   : loaded 2 times (x 106B)
Class com.google.common.cache.CacheLoader$UnsupportedLoadingOperationException        : loaded 2 times (x 82B)
Class com.google.common.base.CharMatcher$And                                          : loaded 2 times (x 112B)
Class org.gradle.internal.classloader.ClasspathUtil$1                                 : loaded 2 times (x 76B)
Class org.objectweb.asm.FieldVisitor                                                  : loaded 2 times (x 77B)
Class com.google.common.collect.IndexedImmutableSet                                   : loaded 2 times (x 152B)
Class com.google.common.collect.ImmutableMap$1                                        : loaded 2 times (x 81B)
Class com.google.common.collect.BiMap                                                 : loaded 2 times (x 70B)
Class org.gradle.api.internal.classpath.DefaultModuleRegistry$DefaultModule           : loaded 2 times (x 86B)
Class com.google.common.primitives.Ints                                               : loaded 2 times (x 71B)
Class com.google.common.collect.AbstractIterator                                      : loaded 2 times (x 82B)
Class com.google.common.collect.ObjectArrays                                          : loaded 2 times (x 71B)
Class com.google.common.math.MathPreconditions                                        : loaded 2 times (x 71B)
Class com.google.common.collect.Multiset                                              : loaded 2 times (x 70B)
Class com.google.common.collect.ArrayListMultimapGwtSerializationDependencies         : loaded 2 times (x 172B)
Class com.google.common.collect.AbstractIndexedListIterator                           : loaded 2 times (x 96B)
Class com.google.common.collect.ImmutableMapEntrySet                                  : loaded 2 times (x 152B)
Class org.gradle.api.internal.classpath.Module                                        : loaded 2 times (x 70B)
Class com.google.common.cache.Weigher                                                 : loaded 2 times (x 70B)
Class org.gradle.api.internal.classpath.UnknownModuleException                        : loaded 2 times (x 82B)
Class com.google.common.base.Stopwatch                                                : loaded 2 times (x 72B)
Class com.google.common.cache.LocalCache$Strength                                     : loaded 2 times (x 81B)
Class com.google.common.cache.Cache                                                   : loaded 2 times (x 70B)
Class ijJvmDebugger1_bej5ftx5rf2zgugw4x08v2ezz                                        : loaded 2 times (x 171B)
Class com.google.common.base.NullnessCasts                                            : loaded 2 times (x 71B)
Class com.google.common.util.concurrent.AbstractFuture$Cancellation                   : loaded 2 times (x 72B)
Class com.google.common.collect.ImmutableMap$Builder                                  : loaded 2 times (x 82B)
Class com.google.common.cache.RemovalListener                                         : loaded 2 times (x 70B)
Class org.gradle.api.internal.DefaultClassPathRegistry                                : loaded 2 times (x 76B)
Class com.google.common.primitives.IntsMethodsForWeb                                  : loaded 2 times (x 71B)
Class com.google.common.collect.Multimap                                              : loaded 2 times (x 70B)
Class org.gradle.api.internal.ClassPathRegistry                                       : loaded 2 times (x 70B)
Class org.gradle.internal.classpath.DefaultClassPath$ImmutableUniqueList              : loaded 2 times (x 199B)
Class com.google.common.base.MoreObjects                                              : loaded 2 times (x 71B)
Class com.google.common.cache.CacheBuilder                                            : loaded 2 times (x 72B)
Class com.google.common.collect.SingletonImmutableList                                : loaded 2 times (x 207B)
Class Settings_gradle$1                                                               : loaded 2 times (x 74B)
Class org.gradle.internal.classpath.ClassPath                                         : loaded 2 times (x 70B)
Class com.google.common.base.JdkPattern                                               : loaded 2 times (x 75B)
Class com.google.common.collect.ImmutableList$ReverseImmutableList                    : loaded 2 times (x 209B)
Class org.objectweb.asm.SymbolTable$Entry                                             : loaded 2 times (x 74B)
Class org.objectweb.asm.Edge                                                          : loaded 2 times (x 72B)
Class com.google.common.base.Suppliers$SupplierOfInstance                             : loaded 2 times (x 79B)
Class com.google.common.collect.Iterators$1                                           : loaded 2 times (x 81B)
Class com.google.common.cache.LocalCache$ComputingValueReference                      : loaded 2 times (x 96B)
Class com.google.common.collect.SingletonImmutableSet                                 : loaded 2 times (x 146B)
Class com.google.common.collect.ImmutableMap$IteratorBasedImmutableMap                : loaded 2 times (x 126B)
Class com.google.common.cache.LocalCache$Segment                                      : loaded 2 times (x 154B)
Class com.google.common.collect.AbstractListMultimap                                  : loaded 2 times (x 172B)
Class [Lorg.objectweb.asm.SymbolTable$Entry;                                          : loaded 2 times (x 69B)
Class com.google.common.cache.CacheLoader                                             : loaded 2 times (x 74B)
Class com.google.common.collect.Iterators$4                                           : loaded 2 times (x 82B)
Class com.google.common.collect.ImmutableBiMap                                        : loaded 2 times (x 143B)
Class org.gradle.api.internal.classpath.ModuleRegistry                                : loaded 2 times (x 70B)
Class org.gradle.internal.installation.GradleInstallation$1                           : loaded 2 times (x 75B)
Class com.google.common.collect.ImmutableSet$JdkBackedSetBuilderImpl                  : loaded 2 times (x 76B)
Class com.google.common.util.concurrent.internal.InternalFutureFailureAccess          : loaded 2 times (x 72B)
Class com.google.common.collect.Iterators$5                                           : loaded 2 times (x 82B)
Class ijKotlinCoroutineJvmDebugInit1_awr2tlt2dwlre26l6md11ylqu$_run_closure1          : loaded 2 times (x 139B)
Class com.google.common.cache.LocalCache$LocalManualCache$1                           : loaded 2 times (x 75B)
Class com.google.common.base.CharMatcher$ForPredicate                                 : loaded 2 times (x 112B)
Class com.google.common.base.CharMatcher$AnyOf                                        : loaded 2 times (x 112B)
Class com.google.common.collect.ImmutableCollection                                   : loaded 2 times (x 125B)
Class org.gradle.api.internal.classpath.DefaultModuleRegistry                         : loaded 2 times (x 86B)
Class com.google.common.collect.Lists                                                 : loaded 2 times (x 71B)
Class com.google.common.util.concurrent.ListenableFuture                              : loaded 2 times (x 70B)
Class com.google.common.cache.ReferenceEntry                                          : loaded 2 times (x 70B)
Class com.google.common.base.Converter                                                : loaded 2 times (x 90B)
Class com.google.common.collect.ImmutableSet$CachingAsList                            : loaded 2 times (x 148B)
Class com.google.common.collect.AbstractMapBasedMultimap                              : loaded 2 times (x 139B)
Class com.google.common.util.concurrent.AbstractFuture                                : loaded 2 times (x 106B)
Class com.google.common.base.FunctionalEquivalence                                    : loaded 2 times (x 83B)
Class com.google.common.collect.Iterators$9                                           : loaded 2 times (x 81B)
Class com.google.common.collect.ImmutableAsList                                       : loaded 2 times (x 209B)
Class org.objectweb.asm.RecordComponentVisitor                                        : loaded 2 times (x 77B)
Class com.google.common.cache.CacheLoader$SupplierToCacheLoader                       : loaded 2 times (x 75B)
Class ijJvmDebugger1_bej5ftx5rf2zgugw4x08v2ezz$_run_closure1                          : loaded 2 times (x 139B)
Class com.google.common.collect.Maps$EntryTransformer                                 : loaded 2 times (x 70B)
Class org.gradle.internal.service.ServiceLookupException                              : loaded 2 times (x 82B)
Class [Lcom.google.common.cache.LocalCache$EntryFactory;                              : loaded 2 times (x 69B)
Class org.gradle.internal.classloader.ClassLoaderFactory                              : loaded 2 times (x 70B)
Class com.google.common.base.CommonPattern                                            : loaded 2 times (x 74B)
Class com.google.common.cache.LocalCache$LocalManualCache                             : loaded 2 times (x 99B)
Class com.google.common.base.CharMatcher$IsNot                                        : loaded 2 times (x 111B)
Class org.gradle.internal.service.CachingServiceLocator                               : loaded 2 times (x 82B)
Class com.google.common.collect.AbstractMapBasedMultimap$KeySet                       : loaded 2 times (x 137B)
Class com.google.common.math.IntMath                                                  : loaded 2 times (x 71B)
Class com.google.common.collect.ImmutableMapEntry                                     : loaded 2 times (x 85B)
Class com.google.common.base.Equivalence                                              : loaded 2 times (x 82B)
Class com.google.common.base.Function                                                 : loaded 2 times (x 70B)
Class com.google.common.collect.ImmutableMapEntry$NonTerminalImmutableMapEntry        : loaded 2 times (x 85B)
Class ijKotlinCoroutineJvmDebugInit1_awr2tlt2dwlre26l6md11ylqu                        : loaded 2 times (x 171B)
Class com.google.common.cache.CacheBuilder$OneWeigher                                 : loaded 2 times (x 82B)
Class com.google.common.collect.RegularImmutableList                                  : loaded 2 times (x 213B)
Class org.gradle.internal.classloader.ClasspathUtil                                   : loaded 2 times (x 71B)
Class com.google.common.util.concurrent.Uninterruptibles                              : loaded 2 times (x 71B)
Class com.google.common.util.concurrent.LazyLogger                                    : loaded 2 times (x 72B)
Class com.google.common.collect.Maps                                                  : loaded 2 times (x 71B)
Class org.gradle.api.specs.Spec                                                       : loaded 2 times (x 70B)
Class [Lcom.google.common.collect.ImmutableEntry;                                     : loaded 2 times (x 69B)
Class com.google.common.cache.LocalCache$LoadingValueReference                        : loaded 2 times (x 96B)
Class com.google.common.base.Platform                                                 : loaded 2 times (x 71B)
Class [Lorg.objectweb.asm.AnnotationWriter;                                           : loaded 2 times (x 69B)
Class com.google.common.collect.Maps$8                                                : loaded 2 times (x 82B)
Class com.google.common.collect.Sets$SetView                                          : loaded 2 times (x 138B)
Class com.google.common.cache.LocalCache$StrongValueReference                         : loaded 2 times (x 90B)
Class org.objectweb.asm.Type                                                          : loaded 2 times (x 72B)
Class org.gradle.internal.classloader.VisitableURLClassLoader$InstrumentingVisitableURLClassLoader: loaded 2 times (x 123B)
Class com.google.common.math.IntMath$1                                                : loaded 2 times (x 71B)
Class org.objectweb.asm.ByteVector                                                    : loaded 2 times (x 79B)
Class [Lcom.google.common.cache.CacheBuilder$NullListener;                            : loaded 2 times (x 69B)
Class org.gradle.internal.classloader.VisitableURLClassLoader$Spec                    : loaded 2 times (x 74B)
Class org.gradle.internal.classpath.DefaultClassPath                                  : loaded 2 times (x 90B)
Class org.objectweb.asm.Symbol                                                        : loaded 2 times (x 73B)
Class com.google.common.io.Closer                                                     : loaded 2 times (x 78B)
Class com.google.common.base.CharMatcher$BitSetMatcher                                : loaded 2 times (x 112B)
Class com.google.common.collect.ImmutableSet                                          : loaded 2 times (x 145B)
Class com.google.common.collect.RegularImmutableMap$Values                            : loaded 2 times (x 207B)
Class org.gradle.internal.classloader.ClassLoaderSpec                                 : loaded 2 times (x 71B)
Class org.objectweb.asm.AnnotationWriter                                              : loaded 2 times (x 79B)
Class com.google.common.cache.CacheStats                                              : loaded 2 times (x 71B)
Class com.google.common.io.Closer$Suppressor                                          : loaded 2 times (x 70B)
Class org.objectweb.asm.RecordComponentWriter                                         : loaded 2 times (x 78B)
Class com.google.common.util.concurrent.AbstractFuture$Listener                       : loaded 2 times (x 72B)
Class com.google.common.base.CharMatcher$Or                                           : loaded 2 times (x 112B)
Class Settings_gradle$1$1                                                             : loaded 2 times (x 74B)
Class org.objectweb.asm.Attribute                                                     : loaded 2 times (x 77B)
Class com.google.common.base.Supplier                                                 : loaded 2 times (x 70B)
Class org.gradle.internal.classloader.VisitableURLClassLoader                         : loaded 2 times (x 117B)
Class Settings_gradle                                                                 : loaded 2 times (x 124B)
Class org.gradle.internal.Cast                                                        : loaded 2 times (x 71B)
Class org.gradle.api.Action                                                           : loaded 2 times (x 70B)
Class com.google.common.base.Strings                                                  : loaded 2 times (x 71B)
Class com.google.common.collect.Sets                                                  : loaded 2 times (x 71B)
Class org.objectweb.asm.Handler                                                       : loaded 2 times (x 72B)
Class com.google.common.base.Ticker                                                   : loaded 2 times (x 72B)
Class com.google.common.base.CharMatcher$FastMatcher                                  : loaded 2 times (x 111B)
Class [Lcom.google.common.cache.LocalCache$Segment;                                   : loaded 2 times (x 69B)
Class [Lcom.google.common.cache.LocalCache$Strength;                                  : loaded 2 times (x 69B)
Class com.google.common.cache.CacheBuilder$1                                          : loaded 2 times (x 85B)
Class com.google.common.base.Predicate                                                : loaded 2 times (x 70B)
Class com.google.common.collect.ImmutableMap                                          : loaded 2 times (x 120B)
Class org.gradle.internal.classpath.DefaultClassPath$ImmutableUniqueList$Builder      : loaded 2 times (x 75B)
Class com.google.common.cache.LocalCache                                              : loaded 2 times (x 187B)
Class com.google.common.cache.CacheBuilder$2                                          : loaded 2 times (x 79B)
Class com.google.common.base.CharMatcher$NegatedFastMatcher                           : loaded 2 times (x 113B)
Class com.google.common.collect.ArrayListMultimap                                     : loaded 2 times (x 172B)
Class com.google.common.cache.CacheBuilder$3                                          : loaded 2 times (x 72B)
Class [Lcom.google.common.collect.AbstractMapEntry;                                   : loaded 2 times (x 69B)
Class com.google.common.collect.ImmutableEntry                                        : loaded 2 times (x 82B)
Class org.gradle.api.GradleException                                                  : loaded 2 times (x 82B)
Class com.google.common.base.Suppliers$MemoizingSupplier                              : loaded 2 times (x 79B)
Class com.google.common.collect.CollectPreconditions                                  : loaded 2 times (x 71B)
Class com.google.common.collect.SortedMapDifference                                   : loaded 2 times (x 70B)
Class com.google.common.cache.LocalCache$EntryFactory                                 : loaded 2 times (x 83B)
Class com.google.common.cache.LocalCache$AbstractReferenceEntry                       : loaded 2 times (x 107B)
Class org.gradle.internal.IoActions                                                   : loaded 2 times (x 71B)
Class org.objectweb.asm.SymbolTable                                                   : loaded 2 times (x 72B)
Class com.google.common.cache.CacheLoader$InvalidCacheLoadException                   : loaded 2 times (x 82B)
Class com.google.common.collect.ImmutableSet$RegularSetBuilderImpl                    : loaded 2 times (x 77B)
Class org.gradle.internal.classloader.SystemClassLoaderSpec                           : loaded 2 times (x 71B)
Class com.google.common.cache.LocalCache$StrongEntry                                  : loaded 2 times (x 108B)
Class com.google.common.util.concurrent.AbstractFuture$TrustedFuture                  : loaded 2 times (x 114B)
Class com.google.common.cache.LoadingCache                                            : loaded 2 times (x 70B)
Class com.google.common.io.ByteStreams$LimitedInputStream                             : loaded 2 times (x 92B)
Class com.google.common.base.Suppliers$NonSerializableMemoizingSupplier               : loaded 2 times (x 79B)
Class org.objectweb.asm.MethodWriter                                                  : loaded 2 times (x 106B)
Class [Lcom.google.common.cache.Weigher;                                              : loaded 2 times (x 69B)
Class com.google.common.collect.RegularImmutableMap$BucketOverflowException           : loaded 2 times (x 82B)
Class com.google.common.collect.RegularImmutableBiMap                                 : loaded 2 times (x 149B)
Class com.google.common.cache.LocalCache$ValueReference                               : loaded 2 times (x 70B)
Class com.google.common.base.CharMatcher$Negated                                      : loaded 2 times (x 113B)
Class com.google.common.base.CharMatcher$Is                                           : loaded 2 times (x 111B)
Class com.google.common.base.PatternCompiler                                          : loaded 2 times (x 70B)
Class com.google.common.util.concurrent.AbstractFuture$Failure                        : loaded 2 times (x 72B)
Class com.google.common.base.Equivalence$Equals                                       : loaded 2 times (x 82B)
Class com.google.common.collect.Hashing                                               : loaded 2 times (x 71B)
Class com.google.common.base.Preconditions                                            : loaded 2 times (x 71B)
Class com.google.common.base.Joiner$1                                                 : loaded 2 times (x 80B)
Class org.objectweb.asm.Label                                                         : loaded 2 times (x 73B)
Class org.objectweb.asm.CurrentFrame                                                  : loaded 2 times (x 73B)
Class org.objectweb.asm.ClassTooLargeException                                        : loaded 2 times (x 83B)
Class com.google.common.base.CharMatcher                                              : loaded 2 times (x 111B)
Class com.google.common.collect.PeekingIterator                                       : loaded 2 times (x 70B)
Class com.google.common.base.Joiner$2                                                 : loaded 2 times (x 79B)
Class org.objectweb.asm.Frame                                                         : loaded 2 times (x 73B)
Class org.objectweb.asm.MethodVisitor                                                 : loaded 2 times (x 105B)
Class com.google.common.cache.LocalCache$EntryFactory$1                               : loaded 2 times (x 83B)
Class [Lcom.google.common.cache.RemovalListener;                                      : loaded 2 times (x 69B)
Class com.google.common.base.CharMatcher$1                                            : loaded 2 times (x 113B)
Class com.google.common.base.CharMatcher$NamedFastMatcher                             : loaded 2 times (x 112B)
Class com.google.common.cache.LocalCache$EntryFactory$2                               : loaded 2 times (x 83B)
Class org.gradle.api.internal.classpath.GlobalCacheRootsProvider                      : loaded 2 times (x 70B)
Class org.objectweb.asm.ModuleWriter                                                  : loaded 2 times (x 82B)
Class com.google.common.cache.LocalCache$EntryFactory$3                               : loaded 2 times (x 83B)
Class com.google.common.base.Ticker$1                                                 : loaded 2 times (x 72B)
Class com.google.common.collect.Maps$BiMapConverter                                   : loaded 2 times (x 90B)
Class com.google.common.collect.ImmutableMapEntrySet$RegularEntrySet                  : loaded 2 times (x 152B)
Class com.google.common.collect.ImmutableSet$Builder                                  : loaded 2 times (x 85B)
Class com.google.common.cache.LocalCache$EntryFactory$4                               : loaded 2 times (x 83B)
Class com.google.common.base.CharMatcher$InRange                                      : loaded 2 times (x 111B)
Class com.google.common.io.ByteStreams$1                                              : loaded 2 times (x 85B)
Class com.google.common.cache.LocalCache$EntryFactory$5                               : loaded 2 times (x 83B)
Class com.google.common.base.PairwiseEquivalence                                      : loaded 2 times (x 83B)
Class com.google.common.cache.LocalCache$EntryFactory$6                               : loaded 2 times (x 83B)
Class org.gradle.internal.installation.CurrentGradleInstallationLocator               : loaded 2 times (x 71B)
Class com.google.common.collect.Maps$KeySet                                           : loaded 2 times (x 137B)
Class com.google.common.collect.ImmutableSet$EmptySetBuilderImpl                      : loaded 2 times (x 76B)
Class com.google.common.cache.LocalCache$EntryFactory$7                               : loaded 2 times (x 83B)
Class com.google.common.collect.ImmutableList                                         : loaded 2 times (x 206B)
Class ijKotlinCoroutineJvmDebugInit1_awr2tlt2dwlre26l6md11ylqu$_run_closure1$_closure2: loaded 2 times (x 139B)
Class org.gradle.internal.service.DefaultServiceLocator                               : loaded 2 times (x 83B)
Class com.google.common.cache.LocalCache$EntryFactory$8                               : loaded 2 times (x 83B)
Class com.google.common.collect.ImmutableSet$SetBuilderImpl                           : loaded 2 times (x 76B)
Class ijJvmDebugger1_bej5ftx5rf2zgugw4x08v2ezz$_run_closure1$_closure2                : loaded 2 times (x 140B)
Class org.gradle.internal.installation.CurrentGradleInstallation                      : loaded 2 times (x 73B)
Class com.google.common.cache.CacheLoader$1                                           : loaded 2 times (x 75B)
Class com.google.common.collect.ForwardingObject                                      : loaded 2 times (x 72B)
Class com.google.common.collect.ImmutableList$SubList                                 : loaded 2 times (x 209B)
Class org.gradle.util.internal.GUtil                                                  : loaded 2 times (x 71B)
Class com.google.common.cache.AbstractCache$StatsCounter                              : loaded 2 times (x 70B)
Class com.google.common.collect.Iterators$MergingIterator                             : loaded 2 times (x 81B)
Class com.google.common.collect.RegularImmutableSet                                   : loaded 2 times (x 149B)
Class org.gradle.internal.installation.GradleInstallation                             : loaded 2 times (x 75B)
Class com.google.common.collect.Iterables                                             : loaded 2 times (x 71B)

---------------  S Y S T E M  ---------------

OS:
 Windows 11 , 64 bit Build 26100 (10.0.26100.7920)
OS uptime: 0 days 15:13 hours
Hyper-V role detected

CPU: total 16 (initial active 16) (8 cores per cpu, 2 threads per core) family 6 model 191 stepping 2 microcode 0x26, cx8, cmov, fxsr, ht, mmx, 3dnowpref, sse, sse2, sse3, ssse3, sse4.1, sse4.2, popcnt, lzcnt, tsc, tscinvbit, avx, avx2, aes, erms, clmul, bmi1, bmi2, adx, sha, fma, vzeroupper, clflush, clflushopt, clwb, hv, serialize, rdtscp, rdpid, fsrm, f16c, cet_ibt, cet_ss
Processor Information for the first 16 processors :
  Max Mhz: 2500, Current Mhz: 2500, Mhz Limit: 2500

Memory: 4k page, system-wide physical 16197M (1849M free)
TotalPageFile size 32581M (AvailPageFile size 3M)
current process WorkingSet (physical memory assigned to process): 1153M, peak: 1158M
current process commit charge ("private bytes"): 1236M, peak: 1243M

vm_info: OpenJDK 64-Bit Server VM (21.0.9+-14649483-b1163.86) for windows-amd64 JRE (21.0.9+-14649483-b1163.86), built on 2025-12-30T22:08:35Z by "builder" with MS VC++ 16.10 / 16.11 (VS2019)

END.
