#
# There is insufficient memory for the Java Runtime Environment to continue.
# Native memory allocation (malloc) failed to allocate 1308224 bytes. Error detail: Chunk::new
# Possible reasons:
#   The system is out of physical RAM or swap space
#   This process is running with CompressedOops enabled, and the Java Heap may be blocking the growth of the native heap
# Possible solutions:
#   Reduce memory load on the system
#   Increase physical memory or swap space
#   Check if swap backing store is full
#   Decrease Java heap size (-Xmx/-Xms)
#   Decrease number of Java threads
#   Decrease Java thread stack sizes (-Xss)
#   Set larger code cache with -XX:ReservedCodeCacheSize=
#   JVM is running with Unscaled Compressed Oops mode in which the Java heap is
#     placed in the first 4GB address space. The Java Heap base address is the
#     maximum limit for the native heap growth. Please use -XX:HeapBaseMinAddress
#     to set the Java Heap base and to place the Java Heap above 4GB virtual address.
# This output file may be truncated or incomplete.
#
#  Out of Memory Error (arena.cpp:168), pid=13600, tid=23544
#
# JRE version: OpenJDK Runtime Environment (21.0.9) (build 21.0.9+-14649483-b1163.86)
# Java VM: OpenJDK 64-Bit Server VM (21.0.9+-14649483-b1163.86, mixed mode, tiered, compressed oops, compressed class ptrs, g1 gc, windows-amd64)
# No core dump will be written. Minidumps are not enabled by default on client versions of Windows
#

---------------  S U M M A R Y ------------

Command Line: --add-opens=java.base/java.lang=ALL-UNNAMED --add-opens=java.base/java.lang.invoke=ALL-UNNAMED --add-opens=java.base/java.util=ALL-UNNAMED --add-opens=java.prefs/java.util.prefs=ALL-UNNAMED --add-exports=jdk.compiler/com.sun.tools.javac.api=ALL-UNNAMED --add-exports=jdk.compiler/com.sun.tools.javac.util=ALL-UNNAMED --add-opens=java.base/java.util=ALL-UNNAMED --add-opens=java.prefs/java.util.prefs=ALL-UNNAMED --add-opens=java.base/java.nio.charset=ALL-UNNAMED --add-opens=java.base/java.net=ALL-UNNAMED --add-opens=java.base/java.util.concurrent=ALL-UNNAMED --add-opens=java.base/java.util.concurrent.atomic=ALL-UNNAMED --add-opens=java.xml/javax.xml.namespace=ALL-UNNAMED --add-opens=java.base/java.time=ALL-UNNAMED -Xmx2048m -Dfile.encoding=UTF-8 -Duser.country=IN -Duser.language=en -Duser.variant -javaagent:C:\Users\umesh\.gradle\wrapper\dists\gradle-9.2.1-bin\2t0n5ozlw9xmuyvbp7dnzaxug\gradle-9.2.1\lib\agents\gradle-instrumentation-agent-9.2.1.jar org.gradle.launcher.daemon.bootstrap.GradleDaemon 9.2.1

Host: 13th Gen Intel(R) Core(TM) i5-13400F, 16 cores, 15G,  Windows 11 , 64 bit Build 26100 (10.0.26100.7920)
Time: Tue Mar 10 23:37:35 2026 India Standard Time elapsed time: 22.306841 seconds (0d 0h 0m 22s)

---------------  T H R E A D  ---------------

Current thread (0x000001fef1c6bda0):  JavaThread "C2 CompilerThread3" daemon [_thread_in_native, id=23544, stack(0x0000006790900000,0x0000006790a00000) (1024K)]


Current CompileTask:
C2:22306 23318       4       com.android.tools.r8.internal.z51::e (1124 bytes)

Stack: [0x0000006790900000,0x0000006790a00000]
Native frames: (J=compiled Java code, j=interpreted, Vv=VM code, C=native code)
V  [jvm.dll+0x6d6c99]
V  [jvm.dll+0x866b83]
V  [jvm.dll+0x86919e]
V  [jvm.dll+0x869883]
V  [jvm.dll+0x280776]
V  [jvm.dll+0xc07cd]
V  [jvm.dll+0xc0d03]
V  [jvm.dll+0x3b986b]
V  [jvm.dll+0x1dfac4]
V  [jvm.dll+0x2495b4]
V  [jvm.dll+0x248a31]
V  [jvm.dll+0x1c7344]
V  [jvm.dll+0x2581ae]
V  [jvm.dll+0x2566f6]
V  [jvm.dll+0x3f48a6]
V  [jvm.dll+0x80f118]
V  [jvm.dll+0x6d54ed]
C  [ucrtbase.dll+0x37b0]
C  [KERNEL32.DLL+0x2e8d7]
C  [ntdll.dll+0x8c48c]


---------------  P R O C E S S  ---------------

Threads class SMR info:
_java_thread_list=0x000001fef24e05b0, length=246, elements={
0x000001fed00040e0, 0x000001feea7f9970, 0x000001feea800570, 0x000001feea7fdeb0,
0x000001feea823c20, 0x000001feea824680, 0x000001feea826260, 0x000001feea842ee0,
0x000001feea828f10, 0x000001feea8467f0, 0x000001feef0fe220, 0x000001fef014b5b0,
0x000001fef008fd90, 0x000001fef14effa0, 0x000001fef04a2560, 0x000001fef15ff3d0,
0x000001fef1aaeda0, 0x000001fef1ab0e70, 0x000001fef1ab0150, 0x000001fef1ab28b0,
0x000001fef1ab2f40, 0x000001fef1ab35d0, 0x000001fef3122530, 0x000001fef311f740,
0x000001fef3121ea0, 0x000001fef56e5880, 0x000001fef56e5f10, 0x000001fef56e9390,
0x000001fef56e6c30, 0x000001fef46a22d0, 0x000001fef080cb80, 0x000001fef5776b60,
0x000001fef56e3e40, 0x000001fef56e51f0, 0x000001fef56e37b0, 0x000001fef56e1d70,
0x000001fef56e44d0, 0x000001fef56e4b60, 0x000001fef56e2400, 0x000001fef56e2a90,
0x000001fef56e65a0, 0x000001fef56e3120, 0x000001fef56e72c0, 0x000001fef56e7950,
0x000001fef56e7fe0, 0x000001fef56e8670, 0x000001fef56e8d00, 0x000001fef3123250,
0x000001fef3122bc0, 0x000001fef311fdd0, 0x000001fef31238e0, 0x000001fef3120460,
0x000001fef3123f70, 0x000001feef1f5200, 0x000001feef1f58d0, 0x000001fef3121810,
0x000001fef3120af0, 0x000001fef3124600, 0x000001fef3121180, 0x000001fef31266d0,
0x000001fef3124c90, 0x000001fef3125320, 0x000001fef31259b0, 0x000001fef3126040,
0x000001fef5cddd90, 0x000001fef5ce0b80, 0x000001fef5cdf140, 0x000001feef1f7410,
0x000001fef655aae0, 0x000001fef1c6b000, 0x000001fef5cdf7d0, 0x000001fef5cdfe60,
0x000001fef5ce04f0, 0x000001fef5ce1210, 0x000001fef5ce18a0, 0x000001fef5cde420,
0x000001fef5cdeab0, 0x000001fef5ce53b0, 0x000001fef5ce3970, 0x000001fef5ce4000,
0x000001fef5ce4690, 0x000001fef46a1c40, 0x000001fef469f4e0, 0x000001fef46a3d10,
0x000001fef46a43a0, 0x000001fef46a4a30, 0x000001fef46a15b0, 0x000001fef46a50c0,
0x000001fef46a5750, 0x000001fef46a5de0, 0x000001fef46a6470, 0x000001fef5777f10,
0x000001fef57757b0, 0x000001fef5774a90, 0x000001fef57785a0, 0x000001fef5775120,
0x000001fef5778c30, 0x000001fef577ad00, 0x000001fef57792c0, 0x000001fef5779950,
0x000001fef5779fe0, 0x000001fef1ab1b90, 0x000001fef1aafac0, 0x000001fef1c6bda0,
0x000001fef7ceca60, 0x000001fef7cea300, 0x000001fef7ceb020, 0x000001fef7ce9c70,
0x000001fef7ce95e0, 0x000001fef7ceb6b0, 0x000001fef7cef1c0, 0x000001fef7cef850,
0x000001fef7cefee0, 0x000001fef7ceeb30, 0x000001fef7cf0570, 0x000001fef7cee4a0,
0x000001fef7ced0f0, 0x000001fef7cf0c00, 0x000001fef7ced780, 0x000001fef7cede10,
0x000001fef080d8a0, 0x000001fef080b140, 0x000001fef080aab0, 0x000001fef08113b0,
0x000001fef15fe020, 0x000001fef15fe6b0, 0x000001fef15fed40, 0x000001fef1ab4980,
0x000001fef1ab2220, 0x000001fefd018dc0, 0x000001fefd01a800, 0x000001fefd019450,
0x000001fefd01b520, 0x000001fefd0180a0, 0x000001fefd01bbb0, 0x000001fefd018730,
0x000001fef7981130, 0x000001fef7983200, 0x000001fef7982b70, 0x000001fef79845b0,
0x000001fef7984c40, 0x000001fef7983890, 0x000001fef79817c0, 0x000001fef79852d0,
0x000001fef7981e50, 0x000001fef79824e0, 0x000001fef7985960, 0x000001fef7983f20,
0x000001fefd6e4db0, 0x000001fefd6e5ad0, 0x000001fefd6e88c0, 0x000001fefd6e67f0,
0x000001fefd6e6e80, 0x000001fefd6e7510, 0x000001fefd6e7ba0, 0x000001fefd6e6160,
0x000001fefd6eb6b0, 0x000001fefd6e8f50, 0x000001fefd6e8230, 0x000001fefd6e95e0,
0x000001fefd6e9c70, 0x000001fefd6eb020, 0x000001fefd6ea990, 0x000001fefd6ea300,
0x000001fefd6ee4a0, 0x000001fefd6ef1c0, 0x000001fefd6eca60, 0x000001fefd6eeb30,
0x000001fefd6ed780, 0x000001fefd6ede10, 0x000001fefd01f6c0, 0x000001fefd01e310,
0x000001fefd01e9a0, 0x000001fefd01f030, 0x000001fef46a6b00, 0x000001fef46a3680,
0x000001fef7cebd40, 0x000001fef5a911c0, 0x000001fef5a90b30, 0x000001fef5a91850,
0x000001fef5a91ee0, 0x000001fef5a8fe10, 0x000001fef5a92570, 0x000001fef5a8f780,
0x000001fef5a8f0f0, 0x000001fef5a92c00, 0x000001fef5a904a0, 0x000001fef5a959f0,
0x000001fef5a95360, 0x000001fef5a93290, 0x000001fef5a93920, 0x000001fef5a94cd0,
0x000001fef5a96da0, 0x000001fef5a97430, 0x000001fef5a93fb0, 0x000001fef5a97ac0,
0x000001fef5a96080, 0x000001fef5a96710, 0x000001fef5a94640, 0x000001fef5a98e70,
0x000001fef5a9a220, 0x000001fef5a987e0, 0x000001fef5a9b5d0, 0x000001fef5a99b90,
0x000001fef5a9d6a0, 0x000001fef5a99500, 0x000001fef5a9c2f0, 0x000001fef5a9c980,
0x000001fef5a9d010, 0x000001fef5a9dd30, 0x000001fef5a9bc60, 0x000001fef5a9a8b0,
0x000001fef5a9e3c0, 0x000001fef5a9af40, 0x000001fef79773b0, 0x000001fef7978df0,
0x000001fef79780d0, 0x000001fef7977a40, 0x000001fef7979b10, 0x000001fef7978760,
0x000001fef7976690, 0x000001fef797a1a0, 0x000001fef7976d20, 0x000001fef797b550,
0x000001fef797c270, 0x000001fef797cf90, 0x000001fef797a830, 0x000001fef797f060,
0x000001fef7980aa0, 0x000001fef797e9d0, 0x000001fef797f6f0, 0x000001fef797fd80,
0x000001fefd6ed0f0, 0x000001fefd6ebd40, 0x000001fefd6ef850, 0x000001fefd6ec3d0,
0x000001fef655bf50, 0x000001feffdd6200, 0x000001feffdd5460, 0x000001feffdd68d0,
0x000001fefeadfaf0, 0x000001fefeade0b0, 0x000001fefeae0810, 0x000001fef797bbe0,
0x000001fef7979480, 0x000001fef7980410
}

Java Threads: ( => current thread )
  0x000001fed00040e0 JavaThread "main"                              [_thread_blocked, id=16440, stack(0x0000006788f00000,0x0000006789000000) (1024K)]
  0x000001feea7f9970 JavaThread "Common-Cleaner"             daemon [_thread_blocked, id=1652, stack(0x0000006789700000,0x0000006789800000) (1024K)]
  0x000001feea800570 JavaThread "Reference Handler"          daemon [_thread_blocked, id=11960, stack(0x0000006789800000,0x0000006789900000) (1024K)]
  0x000001feea7fdeb0 JavaThread "Finalizer"                  daemon [_thread_blocked, id=4928, stack(0x0000006789900000,0x0000006789a00000) (1024K)]
  0x000001feea823c20 JavaThread "Signal Dispatcher"          daemon [_thread_blocked, id=21368, stack(0x0000006789a00000,0x0000006789b00000) (1024K)]
  0x000001feea824680 JavaThread "Attach Listener"            daemon [_thread_blocked, id=19704, stack(0x0000006789b00000,0x0000006789c00000) (1024K)]
  0x000001feea826260 JavaThread "Service Thread"             daemon [_thread_blocked, id=22584, stack(0x0000006789c00000,0x0000006789d00000) (1024K)]
  0x000001feea842ee0 JavaThread "Monitor Deflation Thread"   daemon [_thread_blocked, id=12444, stack(0x0000006789d00000,0x0000006789e00000) (1024K)]
  0x000001feea828f10 JavaThread "C2 CompilerThread0"         daemon [_thread_in_native, id=2300, stack(0x0000006789e00000,0x0000006789f00000) (1024K)]
  0x000001feea8467f0 JavaThread "C1 CompilerThread0"         daemon [_thread_in_native, id=16404, stack(0x0000006789f00000,0x000000678a000000) (1024K)]
  0x000001feef0fe220 JavaThread "Notification Thread"        daemon [_thread_blocked, id=10964, stack(0x000000678a100000,0x000000678a200000) (1024K)]
  0x000001fef014b5b0 JavaThread "Daemon health stats"               [_thread_blocked, id=16736, stack(0x000000678ac00000,0x000000678ad00000) (1024K)]
  0x000001fef008fd90 JavaThread "Incoming local TCP Connector on port 53842"        [_thread_in_native, id=10032, stack(0x000000678ad00000,0x000000678ae00000) (1024K)]
  0x000001fef14effa0 JavaThread "Daemon periodic checks"            [_thread_blocked, id=23408, stack(0x000000678ae00000,0x000000678af00000) (1024K)]
  0x000001fef04a2560 JavaThread "Daemon"                            [_thread_blocked, id=5104, stack(0x000000678af00000,0x000000678b000000) (1024K)]
  0x000001fef15ff3d0 JavaThread "Daemon worker"                     [_thread_blocked, id=22812, stack(0x000000678bb00000,0x000000678bc00000) (1024K)]
  0x000001fef1aaeda0 JavaThread "Cache worker for journal cache (C:\Users\umesh\.gradle\caches\journal-1)"        [_thread_blocked, id=18976, stack(0x000000678bf00000,0x000000678c000000) (1024K)]
  0x000001fef1ab0e70 JavaThread "File lock request listener"        [_thread_in_native, id=22184, stack(0x000000678c000000,0x000000678c100000) (1024K)]
  0x000001fef1ab0150 JavaThread "Cache worker for file hash cache (C:\Users\umesh\.gradle\caches\9.2.1\fileHashes)"        [_thread_blocked, id=9732, stack(0x000000678c100000,0x000000678c200000) (1024K)]
  0x000001fef1ab28b0 JavaThread "File watcher server"        daemon [_thread_in_native, id=22656, stack(0x000000678c400000,0x000000678c500000) (1024K)]
  0x000001fef1ab2f40 JavaThread "File watcher consumer"      daemon [_thread_blocked, id=17900, stack(0x000000678c500000,0x000000678c600000) (1024K)]
  0x000001fef1ab35d0 JavaThread "Cache worker for file content cache (C:\Users\umesh\.gradle\caches\9.2.1\fileContent)"        [_thread_blocked, id=23512, stack(0x000000678c700000,0x000000678c800000) (1024K)]
  0x000001fef3122530 JavaThread "jar transforms"                    [_thread_blocked, id=21872, stack(0x000000678ca00000,0x000000678cb00000) (1024K)]
  0x000001fef311f740 JavaThread "jar transforms Thread 2"           [_thread_blocked, id=15480, stack(0x000000678cb00000,0x000000678cc00000) (1024K)]
  0x000001fef3121ea0 JavaThread "jar transforms Thread 3"           [_thread_blocked, id=14648, stack(0x000000678cd00000,0x000000678ce00000) (1024K)]
  0x000001fef56e5880 JavaThread "jar transforms Thread 4"           [_thread_blocked, id=20064, stack(0x000000678e200000,0x000000678e300000) (1024K)]
  0x000001fef56e5f10 JavaThread "jar transforms Thread 5"           [_thread_blocked, id=21628, stack(0x000000678e300000,0x000000678e400000) (1024K)]
  0x000001fef56e9390 JavaThread "jar transforms Thread 6"           [_thread_blocked, id=5308, stack(0x000000678ee00000,0x000000678ef00000) (1024K)]
  0x000001fef56e6c30 JavaThread "jar transforms Thread 7"           [_thread_blocked, id=11392, stack(0x000000678ef00000,0x000000678f000000) (1024K)]
  0x000001fef46a22d0 JavaThread "jar transforms Thread 8"           [_thread_blocked, id=18840, stack(0x000000678f000000,0x000000678f100000) (1024K)]
  0x000001fef080cb80 JavaThread "Memory manager"                    [_thread_blocked, id=19068, stack(0x0000006792000000,0x0000006792100000) (1024K)]
  0x000001fef5776b60 JavaThread "included builds"                   [_thread_blocked, id=19136, stack(0x0000006792400000,0x0000006792500000) (1024K)]
  0x000001fef56e3e40 JavaThread "VFS cleanup"                       [_thread_blocked, id=1212, stack(0x000000678a900000,0x000000678aa00000) (1024K)]
  0x000001fef56e51f0 JavaThread "Handler for socket connection from /127.0.0.1:53842 to /127.0.0.1:53883"        [_thread_in_native, id=13692, stack(0x000000678a000000,0x000000678a100000) (1024K)]
  0x000001fef56e37b0 JavaThread "Cancel handler"                    [_thread_blocked, id=21488, stack(0x000000678a200000,0x000000678a300000) (1024K)]
  0x000001fef56e1d70 JavaThread "Asynchronous log dispatcher for DefaultDaemonConnection: socket connection from /127.0.0.1:53842 to /127.0.0.1:53883"        [_thread_blocked, id=8412, stack(0x000000678a300000,0x000000678a400000) (1024K)]
  0x000001fef56e44d0 JavaThread "Stdin handler"                     [_thread_blocked, id=4260, stack(0x000000678aa00000,0x000000678ab00000) (1024K)]
  0x000001fef56e4b60 JavaThread "Daemon client event forwarder"        [_thread_blocked, id=21412, stack(0x000000678ab00000,0x000000678ac00000) (1024K)]
  0x000001fef56e2400 JavaThread "Cache worker for file hash cache (E:\MyPersonalProjects\CafeHaze\.gradle\9.2.1\fileHashes)"        [_thread_blocked, id=19392, stack(0x000000678b000000,0x000000678b100000) (1024K)]
  0x000001fef56e2a90 JavaThread "Cache worker for Build Output Cleanup Cache (E:\MyPersonalProjects\CafeHaze\.gradle\buildOutputCleanup)"        [_thread_blocked, id=23224, stack(0x000000678b100000,0x000000678b200000) (1024K)]
  0x000001fef56e65a0 JavaThread "Cache worker for checksums cache (E:\MyPersonalProjects\CafeHaze\.gradle\9.2.1\checksums)"        [_thread_blocked, id=16148, stack(0x000000678bc00000,0x000000678bd00000) (1024K)]
  0x000001fef56e3120 JavaThread "Cache worker for cache directory md-supplier (C:\Users\umesh\.gradle\caches\9.2.1\md-supplier)"        [_thread_blocked, id=21768, stack(0x000000678bd00000,0x000000678be00000) (1024K)]
  0x000001fef56e72c0 JavaThread "Cache worker for cache directory md-rule (C:\Users\umesh\.gradle\caches\9.2.1\md-rule)"        [_thread_blocked, id=16500, stack(0x000000678be00000,0x000000678bf00000) (1024K)]
  0x000001fef56e7950 JavaThread "Unconstrained build operations"        [_thread_blocked, id=23204, stack(0x000000678c200000,0x000000678c300000) (1024K)]
  0x000001fef56e7fe0 JavaThread "Unconstrained build operations Thread 2"        [_thread_blocked, id=2864, stack(0x000000678c300000,0x000000678c400000) (1024K)]
  0x000001fef56e8670 JavaThread "Unconstrained build operations Thread 3"        [_thread_blocked, id=21844, stack(0x000000678c600000,0x000000678c700000) (1024K)]
  0x000001fef56e8d00 JavaThread "Unconstrained build operations Thread 4"        [_thread_blocked, id=7740, stack(0x000000678c800000,0x000000678c900000) (1024K)]
  0x000001fef3123250 JavaThread "Unconstrained build operations Thread 5"        [_thread_blocked, id=20248, stack(0x000000678c900000,0x000000678ca00000) (1024K)]
  0x000001fef3122bc0 JavaThread "Unconstrained build operations Thread 6"        [_thread_in_Java, id=23032, stack(0x000000678cc00000,0x000000678cd00000) (1024K)]
  0x000001fef311fdd0 JavaThread "Unconstrained build operations Thread 7"        [_thread_blocked, id=2868, stack(0x000000678ce00000,0x000000678cf00000) (1024K)]
  0x000001fef31238e0 JavaThread "Unconstrained build operations Thread 8"        [_thread_blocked, id=20524, stack(0x000000678cf00000,0x000000678d000000) (1024K)]
  0x000001fef3120460 JavaThread "Unconstrained build operations Thread 9"        [_thread_blocked, id=10304, stack(0x000000678d000000,0x000000678d100000) (1024K)]
  0x000001fef3123f70 JavaThread "Unconstrained build operations Thread 10"        [_thread_blocked, id=15116, stack(0x000000678d100000,0x000000678d200000) (1024K)]
  0x000001feef1f5200 JavaThread "C1 CompilerThread1"         daemon [_thread_blocked, id=23216, stack(0x000000678d200000,0x000000678d300000) (1024K)]
  0x000001feef1f58d0 JavaThread "C2 CompilerThread1"         daemon [_thread_in_native, id=5424, stack(0x000000678d300000,0x000000678d400000) (1024K)]
  0x000001fef3121810 JavaThread "Unconstrained build operations Thread 11"        [_thread_blocked, id=19724, stack(0x000000678d400000,0x000000678d500000) (1024K)]
  0x000001fef3120af0 JavaThread "Unconstrained build operations Thread 12"        [_thread_blocked, id=7024, stack(0x000000678d500000,0x000000678d600000) (1024K)]
  0x000001fef3124600 JavaThread "Unconstrained build operations Thread 13"        [_thread_blocked, id=12436, stack(0x000000678d600000,0x000000678d700000) (1024K)]
  0x000001fef3121180 JavaThread "Unconstrained build operations Thread 14"        [_thread_blocked, id=12000, stack(0x000000678d700000,0x000000678d800000) (1024K)]
  0x000001fef31266d0 JavaThread "Unconstrained build operations Thread 15"        [_thread_blocked, id=22340, stack(0x000000678d800000,0x000000678d900000) (1024K)]
  0x000001fef3124c90 JavaThread "Unconstrained build operations Thread 16"        [_thread_blocked, id=22716, stack(0x000000678d900000,0x000000678da00000) (1024K)]
  0x000001fef3125320 JavaThread "Unconstrained build operations Thread 17"        [_thread_blocked, id=16224, stack(0x000000678da00000,0x000000678db00000) (1024K)]
  0x000001fef31259b0 JavaThread "Unconstrained build operations Thread 18"        [_thread_blocked, id=18440, stack(0x000000678db00000,0x000000678dc00000) (1024K)]
  0x000001fef3126040 JavaThread "Unconstrained build operations Thread 19"        [_thread_blocked, id=13564, stack(0x000000678dc00000,0x000000678dd00000) (1024K)]
  0x000001fef5cddd90 JavaThread "Unconstrained build operations Thread 20"        [_thread_blocked, id=20144, stack(0x000000678dd00000,0x000000678de00000) (1024K)]
  0x000001fef5ce0b80 JavaThread "Unconstrained build operations Thread 21"        [_thread_blocked, id=22924, stack(0x000000678de00000,0x000000678df00000) (1024K)]
  0x000001fef5cdf140 JavaThread "Unconstrained build operations Thread 22"        [_thread_blocked, id=13932, stack(0x000000678df00000,0x000000678e000000) (1024K)]
  0x000001feef1f7410 JavaThread "C1 CompilerThread2"         daemon [_thread_blocked, id=21848, stack(0x000000678e000000,0x000000678e100000) (1024K)]
  0x000001fef655aae0 JavaThread "C1 CompilerThread3"         daemon [_thread_blocked, id=18652, stack(0x000000678e100000,0x000000678e200000) (1024K)]
  0x000001fef1c6b000 JavaThread "C2 CompilerThread2"         daemon [_thread_in_native, id=10528, stack(0x000000678e400000,0x000000678e500000) (1024K)]
  0x000001fef5cdf7d0 JavaThread "Unconstrained build operations Thread 23"        [_thread_blocked, id=17828, stack(0x000000678e500000,0x000000678e600000) (1024K)]
  0x000001fef5cdfe60 JavaThread "Unconstrained build operations Thread 24"        [_thread_blocked, id=19128, stack(0x000000678e600000,0x000000678e700000) (1024K)]
  0x000001fef5ce04f0 JavaThread "Unconstrained build operations Thread 25"        [_thread_blocked, id=20976, stack(0x000000678e700000,0x000000678e800000) (1024K)]
  0x000001fef5ce1210 JavaThread "Unconstrained build operations Thread 26"        [_thread_blocked, id=18716, stack(0x000000678e800000,0x000000678e900000) (1024K)]
  0x000001fef5ce18a0 JavaThread "Unconstrained build operations Thread 27"        [_thread_blocked, id=6236, stack(0x000000678e900000,0x000000678ea00000) (1024K)]
  0x000001fef5cde420 JavaThread "Unconstrained build operations Thread 28"        [_thread_blocked, id=23192, stack(0x000000678ea00000,0x000000678eb00000) (1024K)]
  0x000001fef5cdeab0 JavaThread "Unconstrained build operations Thread 29"        [_thread_blocked, id=2480, stack(0x000000678eb00000,0x000000678ec00000) (1024K)]
  0x000001fef5ce53b0 JavaThread "Unconstrained build operations Thread 30"        [_thread_blocked, id=14936, stack(0x000000678ec00000,0x000000678ed00000) (1024K)]
  0x000001fef5ce3970 JavaThread "Unconstrained build operations Thread 31"        [_thread_blocked, id=21612, stack(0x000000678ed00000,0x000000678ee00000) (1024K)]
  0x000001fef5ce4000 JavaThread "Unconstrained build operations Thread 32"        [_thread_blocked, id=452, stack(0x000000678f100000,0x000000678f200000) (1024K)]
  0x000001fef5ce4690 JavaThread "Unconstrained build operations Thread 33"        [_thread_blocked, id=11880, stack(0x000000678f200000,0x000000678f300000) (1024K)]
  0x000001fef46a1c40 JavaThread "Unconstrained build operations Thread 34"        [_thread_blocked, id=16516, stack(0x000000678f300000,0x000000678f400000) (1024K)]
  0x000001fef469f4e0 JavaThread "Unconstrained build operations Thread 35"        [_thread_blocked, id=19664, stack(0x000000678f400000,0x000000678f500000) (1024K)]
  0x000001fef46a3d10 JavaThread "Unconstrained build operations Thread 36"        [_thread_blocked, id=19576, stack(0x000000678f500000,0x000000678f600000) (1024K)]
  0x000001fef46a43a0 JavaThread "Unconstrained build operations Thread 37"        [_thread_blocked, id=16292, stack(0x000000678f600000,0x000000678f700000) (1024K)]
  0x000001fef46a4a30 JavaThread "Unconstrained build operations Thread 38"        [_thread_blocked, id=8012, stack(0x000000678f700000,0x000000678f800000) (1024K)]
  0x000001fef46a15b0 JavaThread "Unconstrained build operations Thread 39"        [_thread_blocked, id=6872, stack(0x000000678f800000,0x000000678f900000) (1024K)]
  0x000001fef46a50c0 JavaThread "Unconstrained build operations Thread 40"        [_thread_blocked, id=23508, stack(0x000000678f900000,0x000000678fa00000) (1024K)]
  0x000001fef46a5750 JavaThread "Unconstrained build operations Thread 41"        [_thread_blocked, id=18648, stack(0x000000678fa00000,0x000000678fb00000) (1024K)]
  0x000001fef46a5de0 JavaThread "Unconstrained build operations Thread 42"        [_thread_blocked, id=20224, stack(0x000000678fb00000,0x000000678fc00000) (1024K)]
  0x000001fef46a6470 JavaThread "Unconstrained build operations Thread 43"        [_thread_blocked, id=22436, stack(0x000000678fc00000,0x000000678fd00000) (1024K)]
  0x000001fef5777f10 JavaThread "Unconstrained build operations Thread 44"        [_thread_blocked, id=16732, stack(0x000000678fd00000,0x000000678fe00000) (1024K)]
  0x000001fef57757b0 JavaThread "Unconstrained build operations Thread 45"        [_thread_blocked, id=13916, stack(0x000000678fe00000,0x000000678ff00000) (1024K)]
  0x000001fef5774a90 JavaThread "Unconstrained build operations Thread 46"        [_thread_blocked, id=17496, stack(0x000000678ff00000,0x0000006790000000) (1024K)]
  0x000001fef57785a0 JavaThread "Unconstrained build operations Thread 47"        [_thread_blocked, id=20176, stack(0x0000006790000000,0x0000006790100000) (1024K)]
  0x000001fef5775120 JavaThread "Unconstrained build operations Thread 48"        [_thread_blocked, id=18968, stack(0x0000006790100000,0x0000006790200000) (1024K)]
  0x000001fef5778c30 JavaThread "Unconstrained build operations Thread 49"        [_thread_blocked, id=13632, stack(0x0000006790200000,0x0000006790300000) (1024K)]
  0x000001fef577ad00 JavaThread "Unconstrained build operations Thread 50"        [_thread_blocked, id=21576, stack(0x0000006790300000,0x0000006790400000) (1024K)]
  0x000001fef57792c0 JavaThread "Unconstrained build operations Thread 51"        [_thread_blocked, id=18252, stack(0x0000006790400000,0x0000006790500000) (1024K)]
  0x000001fef5779950 JavaThread "Unconstrained build operations Thread 52"        [_thread_blocked, id=22952, stack(0x0000006790500000,0x0000006790600000) (1024K)]
  0x000001fef5779fe0 JavaThread "build event listener"              [_thread_blocked, id=8100, stack(0x0000006790600000,0x0000006790700000) (1024K)]
  0x000001fef1ab1b90 JavaThread "build event listener"              [_thread_blocked, id=9036, stack(0x0000006790700000,0x0000006790800000) (1024K)]
  0x000001fef1aafac0 JavaThread "build event listener"              [_thread_blocked, id=5444, stack(0x0000006790800000,0x0000006790900000) (1024K)]
=>0x000001fef1c6bda0 JavaThread "C2 CompilerThread3"         daemon [_thread_in_native, id=23544, stack(0x0000006790900000,0x0000006790a00000) (1024K)]
  0x000001fef7ceca60 JavaThread "included builds"                   [_thread_blocked, id=18012, stack(0x0000006790b00000,0x0000006790c00000) (1024K)]
  0x000001fef7cea300 JavaThread "Execution worker"                  [_thread_blocked, id=19464, stack(0x0000006790c00000,0x0000006790d00000) (1024K)]
  0x000001fef7ceb020 JavaThread "Execution worker Thread 2"         [_thread_blocked, id=22412, stack(0x0000006790d00000,0x0000006790e00000) (1024K)]
  0x000001fef7ce9c70 JavaThread "Execution worker Thread 3"         [_thread_blocked, id=16804, stack(0x0000006790e00000,0x0000006790f00000) (1024K)]
  0x000001fef7ce95e0 JavaThread "Execution worker Thread 4"         [_thread_blocked, id=21608, stack(0x0000006790f00000,0x0000006791000000) (1024K)]
  0x000001fef7ceb6b0 JavaThread "Execution worker Thread 5"         [_thread_blocked, id=16116, stack(0x0000006791000000,0x0000006791100000) (1024K)]
  0x000001fef7cef1c0 JavaThread "Execution worker Thread 6"         [_thread_blocked, id=16028, stack(0x0000006791100000,0x0000006791200000) (1024K)]
  0x000001fef7cef850 JavaThread "Execution worker Thread 7"         [_thread_blocked, id=22136, stack(0x0000006791200000,0x0000006791300000) (1024K)]
  0x000001fef7cefee0 JavaThread "Execution worker Thread 8"         [_thread_blocked, id=3696, stack(0x0000006791300000,0x0000006791400000) (1024K)]
  0x000001fef7ceeb30 JavaThread "Execution worker Thread 9"         [_thread_blocked, id=19532, stack(0x0000006791400000,0x0000006791500000) (1024K)]
  0x000001fef7cf0570 JavaThread "Execution worker Thread 10"        [_thread_blocked, id=11092, stack(0x0000006791500000,0x0000006791600000) (1024K)]
  0x000001fef7cee4a0 JavaThread "Execution worker Thread 11"        [_thread_blocked, id=16760, stack(0x0000006791600000,0x0000006791700000) (1024K)]
  0x000001fef7ced0f0 JavaThread "Execution worker Thread 12"        [_thread_blocked, id=23336, stack(0x0000006791700000,0x0000006791800000) (1024K)]
  0x000001fef7cf0c00 JavaThread "Execution worker Thread 13"        [_thread_blocked, id=20700, stack(0x0000006791800000,0x0000006791900000) (1024K)]
  0x000001fef7ced780 JavaThread "Execution worker Thread 14"        [_thread_blocked, id=10908, stack(0x0000006791900000,0x0000006791a00000) (1024K)]
  0x000001fef7cede10 JavaThread "Execution worker Thread 15"        [_thread_blocked, id=18776, stack(0x0000006791a00000,0x0000006791b00000) (1024K)]
  0x000001fef080d8a0 JavaThread "Cache worker for execution history cache (E:\MyPersonalProjects\CafeHaze\.gradle\9.2.1\executionHistory)"        [_thread_blocked, id=18088, stack(0x0000006791b00000,0x0000006791c00000) (1024K)]
  0x000001fef080b140 JavaThread "Unconstrained build operations Thread 53"        [_thread_blocked, id=18360, stack(0x0000006790a00000,0x0000006790b00000) (1024K)]
  0x000001fef080aab0 JavaThread "Unconstrained build operations Thread 54"        [_thread_blocked, id=14320, stack(0x0000006791c00000,0x0000006791d00000) (1024K)]
  0x000001fef08113b0 JavaThread "Unconstrained build operations Thread 55"        [_thread_blocked, id=15572, stack(0x0000006791d00000,0x0000006791e00000) (1024K)]
  0x000001fef15fe020 JavaThread "Unconstrained build operations Thread 56"        [_thread_blocked, id=17576, stack(0x0000006791e00000,0x0000006791f00000) (1024K)]
  0x000001fef15fe6b0 JavaThread "Unconstrained build operations Thread 57"        [_thread_blocked, id=23016, stack(0x0000006791f00000,0x0000006792000000) (1024K)]
  0x000001fef15fed40 JavaThread "Unconstrained build operations Thread 58"        [_thread_blocked, id=20216, stack(0x0000006792100000,0x0000006792200000) (1024K)]
  0x000001fef1ab4980 JavaThread "Unconstrained build operations Thread 59"        [_thread_blocked, id=16332, stack(0x0000006792200000,0x0000006792300000) (1024K)]
  0x000001fef1ab2220 JavaThread "Unconstrained build operations Thread 60"        [_thread_blocked, id=19820, stack(0x0000006792300000,0x0000006792400000) (1024K)]
  0x000001fefd018dc0 JavaThread "Unconstrained build operations Thread 61"        [_thread_blocked, id=20156, stack(0x0000006792500000,0x0000006792600000) (1024K)]
  0x000001fefd01a800 JavaThread "Unconstrained build operations Thread 62"        [_thread_blocked, id=15080, stack(0x0000006792600000,0x0000006792700000) (1024K)]
  0x000001fefd019450 JavaThread "Unconstrained build operations Thread 63"        [_thread_blocked, id=8148, stack(0x0000006792700000,0x0000006792800000) (1024K)]
  0x000001fefd01b520 JavaThread "Unconstrained build operations Thread 64"        [_thread_blocked, id=12960, stack(0x0000006792800000,0x0000006792900000) (1024K)]
  0x000001fefd0180a0 JavaThread "Unconstrained build operations Thread 65"        [_thread_blocked, id=21396, stack(0x0000006792900000,0x0000006792a00000) (1024K)]
  0x000001fefd01bbb0 JavaThread "Unconstrained build operations Thread 66"        [_thread_blocked, id=21036, stack(0x0000006792a00000,0x0000006792b00000) (1024K)]
  0x000001fefd018730 JavaThread "Unconstrained build operations Thread 67"        [_thread_blocked, id=20516, stack(0x0000006792b00000,0x0000006792c00000) (1024K)]
  0x000001fef7981130 JavaThread "Unconstrained build operations Thread 68"        [_thread_blocked, id=20208, stack(0x0000006792c00000,0x0000006792d00000) (1024K)]
  0x000001fef7983200 JavaThread "WorkerExecutor Queue"              [_thread_blocked, id=13552, stack(0x0000006792d00000,0x0000006792e00000) (1024K)]
  0x000001fef7982b70 JavaThread "WorkerExecutor Queue Thread 2"        [_thread_blocked, id=22352, stack(0x0000006792e00000,0x0000006792f00000) (1024K)]
  0x000001fef79845b0 JavaThread "Unconstrained build operations Thread 69"        [_thread_blocked, id=19336, stack(0x0000006792f00000,0x0000006793000000) (1024K)]
  0x000001fef7984c40 JavaThread "Unconstrained build operations Thread 70"        [_thread_blocked, id=22960, stack(0x0000006793000000,0x0000006793100000) (1024K)]
  0x000001fef7983890 JavaThread "Unconstrained build operations Thread 71"        [_thread_blocked, id=22988, stack(0x0000006793100000,0x0000006793200000) (1024K)]
  0x000001fef79817c0 JavaThread "Unconstrained build operations Thread 72"        [_thread_blocked, id=23416, stack(0x0000006793200000,0x0000006793300000) (1024K)]
  0x000001fef79852d0 JavaThread "Unconstrained build operations Thread 73"        [_thread_blocked, id=21548, stack(0x0000006793300000,0x0000006793400000) (1024K)]
  0x000001fef7981e50 JavaThread "Unconstrained build operations Thread 74"        [_thread_blocked, id=19892, stack(0x0000006793400000,0x0000006793500000) (1024K)]
  0x000001fef79824e0 JavaThread "Unconstrained build operations Thread 75"        [_thread_blocked, id=6868, stack(0x0000006793500000,0x0000006793600000) (1024K)]
  0x000001fef7985960 JavaThread "Unconstrained build operations Thread 76"        [_thread_blocked, id=1948, stack(0x0000006793600000,0x0000006793700000) (1024K)]
  0x000001fef7983f20 JavaThread "Unconstrained build operations Thread 77"        [_thread_blocked, id=10764, stack(0x0000006793700000,0x0000006793800000) (1024K)]
  0x000001fefd6e4db0 JavaThread "Unconstrained build operations Thread 78"        [_thread_blocked, id=17648, stack(0x0000006793800000,0x0000006793900000) (1024K)]
  0x000001fefd6e5ad0 JavaThread "Unconstrained build operations Thread 79"        [_thread_blocked, id=18312, stack(0x0000006793900000,0x0000006793a00000) (1024K)]
  0x000001fefd6e88c0 JavaThread "Unconstrained build operations Thread 80"        [_thread_blocked, id=11144, stack(0x0000006793a00000,0x0000006793b00000) (1024K)]
  0x000001fefd6e67f0 JavaThread "Unconstrained build operations Thread 81"        [_thread_blocked, id=23460, stack(0x0000006793b00000,0x0000006793c00000) (1024K)]
  0x000001fefd6e6e80 JavaThread "Unconstrained build operations Thread 82"        [_thread_blocked, id=18512, stack(0x0000006793c00000,0x0000006793d00000) (1024K)]
  0x000001fefd6e7510 JavaThread "Unconstrained build operations Thread 83"        [_thread_blocked, id=19396, stack(0x0000006793d00000,0x0000006793e00000) (1024K)]
  0x000001fefd6e7ba0 JavaThread "WorkerExecutor Queue Thread 3"        [_thread_blocked, id=19488, stack(0x0000006793e00000,0x0000006793f00000) (1024K)]
  0x000001fefd6e6160 JavaThread "Unconstrained build operations Thread 84"        [_thread_blocked, id=20768, stack(0x0000006793f00000,0x0000006794000000) (1024K)]
  0x000001fefd6eb6b0 JavaThread "Unconstrained build operations Thread 85"        [_thread_blocked, id=23340, stack(0x0000006794000000,0x0000006794100000) (1024K)]
  0x000001fefd6e8f50 JavaThread "Unconstrained build operations Thread 86"        [_thread_blocked, id=15740, stack(0x0000006794100000,0x0000006794200000) (1024K)]
  0x000001fefd6e8230 JavaThread "Unconstrained build operations Thread 87"        [_thread_blocked, id=22624, stack(0x0000006794200000,0x0000006794300000) (1024K)]
  0x000001fefd6e95e0 JavaThread "Unconstrained build operations Thread 88"        [_thread_blocked, id=21216, stack(0x0000006794300000,0x0000006794400000) (1024K)]
  0x000001fefd6e9c70 JavaThread "Unconstrained build operations Thread 89"        [_thread_blocked, id=2272, stack(0x0000006794400000,0x0000006794500000) (1024K)]
  0x000001fefd6eb020 JavaThread "Unconstrained build operations Thread 90"        [_thread_blocked, id=4044, stack(0x0000006794500000,0x0000006794600000) (1024K)]
  0x000001fefd6ea990 JavaThread "Unconstrained build operations Thread 91"        [_thread_blocked, id=8176, stack(0x0000006794600000,0x0000006794700000) (1024K)]
  0x000001fefd6ea300 JavaThread "Unconstrained build operations Thread 92"        [_thread_blocked, id=21876, stack(0x0000006794700000,0x0000006794800000) (1024K)]
  0x000001fefd6ee4a0 JavaThread "Unconstrained build operations Thread 93"        [_thread_blocked, id=18040, stack(0x0000006794800000,0x0000006794900000) (1024K)]
  0x000001fefd6ef1c0 JavaThread "Unconstrained build operations Thread 94"        [_thread_blocked, id=21528, stack(0x0000006794900000,0x0000006794a00000) (1024K)]
  0x000001fefd6eca60 JavaThread "Unconstrained build operations Thread 95"        [_thread_blocked, id=6720, stack(0x0000006794a00000,0x0000006794b00000) (1024K)]
  0x000001fefd6eeb30 JavaThread "Unconstrained build operations Thread 96"        [_thread_blocked, id=6080, stack(0x0000006794b00000,0x0000006794c00000) (1024K)]
  0x000001fefd6ed780 JavaThread "Unconstrained build operations Thread 97"        [_thread_blocked, id=18100, stack(0x0000006794c00000,0x0000006794d00000) (1024K)]
  0x000001fefd6ede10 JavaThread "Unconstrained build operations Thread 98"        [_thread_blocked, id=18832, stack(0x0000006794d00000,0x0000006794e00000) (1024K)]
  0x000001fefd01f6c0 JavaThread "WorkerExecutor Queue Thread 4"        [_thread_in_native, id=22160, stack(0x0000006794e00000,0x0000006794f00000) (1024K)]
  0x000001fefd01e310 JavaThread "WorkerExecutor Queue Thread 5"        [_thread_blocked, id=8280, stack(0x0000006794f00000,0x0000006795000000) (1024K)]
  0x000001fefd01e9a0 JavaThread "Unconstrained build operations Thread 99"        [_thread_blocked, id=4512, stack(0x0000006795000000,0x0000006795100000) (1024K)]
  0x000001fefd01f030 JavaThread "Unconstrained build operations Thread 100"        [_thread_blocked, id=10060, stack(0x0000006795100000,0x0000006795200000) (1024K)]
  0x000001fef46a6b00 JavaThread "Unconstrained build operations Thread 101"        [_thread_blocked, id=15248, stack(0x0000006795200000,0x0000006795300000) (1024K)]
  0x000001fef46a3680 JavaThread "Unconstrained build operations Thread 102"        [_thread_blocked, id=18212, stack(0x0000006795300000,0x0000006795400000) (1024K)]
  0x000001fef7cebd40 JavaThread "Unconstrained build operations Thread 103"        [_thread_blocked, id=1700, stack(0x0000006795400000,0x0000006795500000) (1024K)]
  0x000001fef5a911c0 JavaThread "Unconstrained build operations Thread 104"        [_thread_blocked, id=17856, stack(0x0000006795500000,0x0000006795600000) (1024K)]
  0x000001fef5a90b30 JavaThread "Unconstrained build operations Thread 105"        [_thread_blocked, id=19424, stack(0x0000006795600000,0x0000006795700000) (1024K)]
  0x000001fef5a91850 JavaThread "Unconstrained build operations Thread 106"        [_thread_blocked, id=18216, stack(0x0000006795700000,0x0000006795800000) (1024K)]
  0x000001fef5a91ee0 JavaThread "Unconstrained build operations Thread 107"        [_thread_blocked, id=21440, stack(0x0000006795800000,0x0000006795900000) (1024K)]
  0x000001fef5a8fe10 JavaThread "Unconstrained build operations Thread 108"        [_thread_blocked, id=18020, stack(0x0000006795900000,0x0000006795a00000) (1024K)]
  0x000001fef5a92570 JavaThread "Unconstrained build operations Thread 109"        [_thread_blocked, id=15824, stack(0x0000006795a00000,0x0000006795b00000) (1024K)]
  0x000001fef5a8f780 JavaThread "Unconstrained build operations Thread 110"        [_thread_blocked, id=15128, stack(0x0000006795b00000,0x0000006795c00000) (1024K)]
  0x000001fef5a8f0f0 JavaThread "Unconstrained build operations Thread 111"        [_thread_blocked, id=13700, stack(0x0000006795c00000,0x0000006795d00000) (1024K)]
  0x000001fef5a92c00 JavaThread "Unconstrained build operations Thread 112"        [_thread_blocked, id=22684, stack(0x0000006795d00000,0x0000006795e00000) (1024K)]
  0x000001fef5a904a0 JavaThread "Unconstrained build operations Thread 113"        [_thread_blocked, id=2780, stack(0x0000006795e00000,0x0000006795f00000) (1024K)]
  0x000001fef5a959f0 JavaThread "WorkerExecutor Queue Thread 6"        [_thread_blocked, id=16252, stack(0x0000006795f00000,0x0000006796000000) (1024K)]
  0x000001fef5a95360 JavaThread "Unconstrained build operations Thread 114"        [_thread_blocked, id=16024, stack(0x0000006796000000,0x0000006796100000) (1024K)]
  0x000001fef5a93290 JavaThread "Unconstrained build operations Thread 115"        [_thread_blocked, id=22000, stack(0x0000006796100000,0x0000006796200000) (1024K)]
  0x000001fef5a93920 JavaThread "Unconstrained build operations Thread 116"        [_thread_blocked, id=22168, stack(0x0000006796200000,0x0000006796300000) (1024K)]
  0x000001fef5a94cd0 JavaThread "Unconstrained build operations Thread 117"        [_thread_blocked, id=11804, stack(0x0000006796300000,0x0000006796400000) (1024K)]
  0x000001fef5a96da0 JavaThread "Unconstrained build operations Thread 118"        [_thread_blocked, id=22268, stack(0x0000006796400000,0x0000006796500000) (1024K)]
  0x000001fef5a97430 JavaThread "Unconstrained build operations Thread 119"        [_thread_blocked, id=16068, stack(0x0000006796500000,0x0000006796600000) (1024K)]
  0x000001fef5a93fb0 JavaThread "Unconstrained build operations Thread 120"        [_thread_blocked, id=19348, stack(0x0000006796600000,0x0000006796700000) (1024K)]
  0x000001fef5a97ac0 JavaThread "Unconstrained build operations Thread 121"        [_thread_blocked, id=11224, stack(0x0000006796700000,0x0000006796800000) (1024K)]
  0x000001fef5a96080 JavaThread "Unconstrained build operations Thread 122"        [_thread_blocked, id=6020, stack(0x0000006796800000,0x0000006796900000) (1024K)]
  0x000001fef5a96710 JavaThread "Unconstrained build operations Thread 123"        [_thread_blocked, id=20292, stack(0x0000006796900000,0x0000006796a00000) (1024K)]
  0x000001fef5a94640 JavaThread "Unconstrained build operations Thread 124"        [_thread_blocked, id=8440, stack(0x0000006796a00000,0x0000006796b00000) (1024K)]
  0x000001fef5a98e70 JavaThread "Unconstrained build operations Thread 125"        [_thread_blocked, id=20696, stack(0x0000006796b00000,0x0000006796c00000) (1024K)]
  0x000001fef5a9a220 JavaThread "Unconstrained build operations Thread 126"        [_thread_blocked, id=3608, stack(0x0000006796c00000,0x0000006796d00000) (1024K)]
  0x000001fef5a987e0 JavaThread "Unconstrained build operations Thread 127"        [_thread_blocked, id=8572, stack(0x0000006796d00000,0x0000006796e00000) (1024K)]
  0x000001fef5a9b5d0 JavaThread "Unconstrained build operations Thread 128"        [_thread_blocked, id=16228, stack(0x0000006796e00000,0x0000006796f00000) (1024K)]
  0x000001fef5a99b90 JavaThread "Unconstrained build operations Thread 129"        [_thread_blocked, id=5516, stack(0x0000006796f00000,0x0000006797000000) (1024K)]
  0x000001fef5a9d6a0 JavaThread "Unconstrained build operations Thread 130"        [_thread_blocked, id=6200, stack(0x0000006797000000,0x0000006797100000) (1024K)]
  0x000001fef5a99500 JavaThread "Unconstrained build operations Thread 131"        [_thread_blocked, id=21712, stack(0x0000006797100000,0x0000006797200000) (1024K)]
  0x000001fef5a9c2f0 JavaThread "Unconstrained build operations Thread 132"        [_thread_blocked, id=11808, stack(0x0000006797200000,0x0000006797300000) (1024K)]
  0x000001fef5a9c980 JavaThread "Unconstrained build operations Thread 133"        [_thread_blocked, id=7264, stack(0x0000006797300000,0x0000006797400000) (1024K)]
  0x000001fef5a9d010 JavaThread "Unconstrained build operations Thread 134"        [_thread_blocked, id=19816, stack(0x0000006797400000,0x0000006797500000) (1024K)]
  0x000001fef5a9dd30 JavaThread "Unconstrained build operations Thread 135"        [_thread_blocked, id=18552, stack(0x0000006797500000,0x0000006797600000) (1024K)]
  0x000001fef5a9bc60 JavaThread "Unconstrained build operations Thread 136"        [_thread_blocked, id=17740, stack(0x0000006797600000,0x0000006797700000) (1024K)]
  0x000001fef5a9a8b0 JavaThread "Unconstrained build operations Thread 137"        [_thread_blocked, id=7140, stack(0x0000006797700000,0x0000006797800000) (1024K)]
  0x000001fef5a9e3c0 JavaThread "Unconstrained build operations Thread 138"        [_thread_blocked, id=19756, stack(0x0000006797800000,0x0000006797900000) (1024K)]
  0x000001fef5a9af40 JavaThread "Unconstrained build operations Thread 139"        [_thread_blocked, id=3328, stack(0x0000006797900000,0x0000006797a00000) (1024K)]
  0x000001fef79773b0 JavaThread "Unconstrained build operations Thread 140"        [_thread_blocked, id=436, stack(0x0000006797a00000,0x0000006797b00000) (1024K)]
  0x000001fef7978df0 JavaThread "Unconstrained build operations Thread 141"        [_thread_blocked, id=22672, stack(0x0000006797b00000,0x0000006797c00000) (1024K)]
  0x000001fef79780d0 JavaThread "Unconstrained build operations Thread 142"        [_thread_blocked, id=5184, stack(0x0000006797c00000,0x0000006797d00000) (1024K)]
  0x000001fef7977a40 JavaThread "Unconstrained build operations Thread 143"        [_thread_blocked, id=22076, stack(0x0000006797d00000,0x0000006797e00000) (1024K)]
  0x000001fef7979b10 JavaThread "Unconstrained build operations Thread 144"        [_thread_blocked, id=8952, stack(0x0000006797e00000,0x0000006797f00000) (1024K)]
  0x000001fef7978760 JavaThread "Unconstrained build operations Thread 145"        [_thread_blocked, id=2496, stack(0x0000006797f00000,0x0000006798000000) (1024K)]
  0x000001fef7976690 JavaThread "Unconstrained build operations Thread 146"        [_thread_blocked, id=8592, stack(0x0000006798000000,0x0000006798100000) (1024K)]
  0x000001fef797a1a0 JavaThread "Unconstrained build operations Thread 147"        [_thread_blocked, id=19436, stack(0x0000006798100000,0x0000006798200000) (1024K)]
  0x000001fef7976d20 JavaThread "Unconstrained build operations Thread 148"        [_thread_blocked, id=5356, stack(0x0000006798200000,0x0000006798300000) (1024K)]
  0x000001fef797b550 JavaThread "Unconstrained build operations Thread 149"        [_thread_blocked, id=21924, stack(0x0000006798300000,0x0000006798400000) (1024K)]
  0x000001fef797c270 JavaThread "Unconstrained build operations Thread 150"        [_thread_blocked, id=19304, stack(0x0000006798400000,0x0000006798500000) (1024K)]
  0x000001fef797cf90 JavaThread "Unconstrained build operations Thread 151"        [_thread_blocked, id=21240, stack(0x0000006798500000,0x0000006798600000) (1024K)]
  0x000001fef797a830 JavaThread "WorkerExecutor Queue Thread 7"        [_thread_blocked, id=2544, stack(0x0000006798600000,0x0000006798700000) (1024K)]
  0x000001fef797f060 JavaThread "Unconstrained build operations Thread 152"        [_thread_blocked, id=2044, stack(0x0000006798700000,0x0000006798800000) (1024K)]
  0x000001fef7980aa0 JavaThread "Unconstrained build operations Thread 153"        [_thread_blocked, id=19440, stack(0x0000006798800000,0x0000006798900000) (1024K)]
  0x000001fef797e9d0 JavaThread "Unconstrained build operations Thread 154"        [_thread_in_Java, id=19596, stack(0x0000006798900000,0x0000006798a00000) (1024K)]
  0x000001fef797f6f0 JavaThread "Unconstrained build operations Thread 155"        [_thread_in_Java, id=17512, stack(0x0000006798a00000,0x0000006798b00000) (1024K)]
  0x000001fef797fd80 JavaThread "Unconstrained build operations Thread 156"        [_thread_blocked, id=23372, stack(0x0000006798b00000,0x0000006798c00000) (1024K)]
  0x000001fefd6ed0f0 JavaThread "Unconstrained build operations Thread 157"        [_thread_blocked, id=13608, stack(0x0000006798e00000,0x0000006798f00000) (1024K)]
  0x000001fefd6ebd40 JavaThread "Unconstrained build operations Thread 158"        [_thread_in_Java, id=11416, stack(0x0000006798f00000,0x0000006799000000) (1024K)]
  0x000001fefd6ef850 JavaThread "Unconstrained build operations Thread 159"        [_thread_in_Java, id=20092, stack(0x0000006799000000,0x0000006799100000) (1024K)]
  0x000001fefd6ec3d0 JavaThread "Unconstrained build operations Thread 160"        [_thread_in_Java, id=15132, stack(0x0000006799100000,0x0000006799200000) (1024K)]
  0x000001fef655bf50 JavaThread "C2 CompilerThread4"         daemon [_thread_in_native, id=4108, stack(0x0000006799300000,0x0000006799400000) (1024K)]
  0x000001feffdd6200 JavaThread "C2 CompilerThread5"         daemon [_thread_in_vm, id=20232, stack(0x0000006799400000,0x0000006799500000) (1024K)]
  0x000001feffdd5460 JavaThread "C2 CompilerThread6"         daemon [_thread_in_native, id=13696, stack(0x0000006799500000,0x0000006799600000) (1024K)]
  0x000001feffdd68d0 JavaThread "C2 CompilerThread7"         daemon [_thread_in_native, id=23368, stack(0x0000006799600000,0x0000006799700000) (1024K)]
  0x000001fefeadfaf0 JavaThread "RMI Scheduler(0)"           daemon [_thread_blocked, id=12612, stack(0x0000006799200000,0x0000006799300000) (1024K)]
  0x000001fefeade0b0 JavaThread "RMI RenewClean-[127.0.0.1:17275,org.jetbrains.kotlin.daemon.common.LoopbackNetworkInterface$ClientLoopbackSocketFactory@2c959d71]" daemon [_thread_blocked, id=23444, stack(0x0000006799700000,0x0000006799800000) (1024K)]
  0x000001fefeae0810 JavaThread "RMI GC Daemon"              daemon [_thread_blocked, id=23140, stack(0x0000006799800000,0x0000006799900000) (1024K)]
  0x000001fef797bbe0 JavaThread "RMI TCP Accept-0"           daemon [_thread_in_native, id=22020, stack(0x0000006799900000,0x0000006799a00000) (1024K)]
  0x000001fef7979480 JavaThread "RMI Reaper"                        [_thread_blocked, id=7776, stack(0x0000006799a00000,0x0000006799b00000) (1024K)]
  0x000001fef7980410 JavaThread "RMI TCP Connection(1)-127.0.0.1" daemon [_thread_in_native, id=18708, stack(0x0000006799b00000,0x0000006799c00000) (1024K)]
Total: 246

Other Threads:
  0x000001feea7ab820 VMThread "VM Thread"                           [id=15804, stack(0x0000006789600000,0x0000006789700000) (1024K)]
  0x000001feea7719e0 WatcherThread "VM Periodic Task Thread"        [id=21372, stack(0x0000006789500000,0x0000006789600000) (1024K)]
  0x000001fed24b2d10 WorkerThread "GC Thread#0"                     [id=6184, stack(0x0000006789000000,0x0000006789100000) (1024K)]
  0x000001feef431a70 WorkerThread "GC Thread#1"                     [id=10020, stack(0x000000678a400000,0x000000678a500000) (1024K)]
  0x000001feef3731f0 WorkerThread "GC Thread#2"                     [id=19548, stack(0x000000678a500000,0x000000678a600000) (1024K)]
  0x000001feef373590 WorkerThread "GC Thread#3"                     [id=9920, stack(0x000000678a600000,0x000000678a700000) (1024K)]
  0x000001feef373930 WorkerThread "GC Thread#4"                     [id=23272, stack(0x000000678a700000,0x000000678a800000) (1024K)]
  0x000001feef3740d0 WorkerThread "GC Thread#5"                     [id=17424, stack(0x000000678a800000,0x000000678a900000) (1024K)]
  0x000001fef14eb920 WorkerThread "GC Thread#6"                     [id=17956, stack(0x000000678b200000,0x000000678b300000) (1024K)]
  0x000001fef14eaaa0 WorkerThread "GC Thread#7"                     [id=19916, stack(0x000000678b300000,0x000000678b400000) (1024K)]
  0x000001fef14eb1e0 WorkerThread "GC Thread#8"                     [id=12456, stack(0x000000678b400000,0x000000678b500000) (1024K)]
  0x000001fef14eae40 WorkerThread "GC Thread#9"                     [id=23124, stack(0x000000678b500000,0x000000678b600000) (1024K)]
  0x000001fef14ea700 WorkerThread "GC Thread#10"                    [id=14580, stack(0x000000678b600000,0x000000678b700000) (1024K)]
  0x000001fef14e9fc0 WorkerThread "GC Thread#11"                    [id=9964, stack(0x000000678b700000,0x000000678b800000) (1024K)]
  0x000001fef14eb580 WorkerThread "GC Thread#12"                    [id=10196, stack(0x000000678b800000,0x000000678b900000) (1024K)]
  0x000001fed24c4a40 ConcurrentGCThread "G1 Main Marker"            [id=19292, stack(0x0000006789100000,0x0000006789200000) (1024K)]
  0x000001fed24c5450 WorkerThread "G1 Conc#0"                       [id=22688, stack(0x0000006789200000,0x0000006789300000) (1024K)]
  0x000001fef14ea360 WorkerThread "G1 Conc#1"                       [id=11904, stack(0x000000678b900000,0x000000678ba00000) (1024K)]
  0x000001fef1695120 WorkerThread "G1 Conc#2"                       [id=11664, stack(0x000000678ba00000,0x000000678bb00000) (1024K)]
  0x000001feea5e58e0 ConcurrentGCThread "G1 Refine#0"               [id=17748, stack(0x0000006789300000,0x0000006789400000) (1024K)]
  0x000001feea5e6360 ConcurrentGCThread "G1 Service"                [id=19528, stack(0x0000006789400000,0x0000006789500000) (1024K)]
Total: 21

Threads with active compile tasks:
C2 CompilerThread0  22335 23341 %     4       com.android.tools.r8.internal.uy3::b @ 192 (359 bytes)
C2 CompilerThread1  22335 23272       4       com.android.tools.r8.internal.wf0::b (931 bytes)
C2 CompilerThread2  22335 23259   !   4       com.android.tools.r8.internal.e61::a (4236 bytes)
C2 CompilerThread3  22335 23318       4       com.android.tools.r8.internal.z51::e (1124 bytes)
C2 CompilerThread4  22335 23263       4       com.android.tools.r8.internal.zw::b (729 bytes)
C2 CompilerThread5  22335 23223       4       com.android.tools.r8.internal.n61::a (2704 bytes)
C2 CompilerThread6  22335 23222 %     4       com.android.tools.r8.internal.t52::a @ 679 (2026 bytes)
C2 CompilerThread7  22335 23192       4       com.android.tools.r8.internal.re0::b (3610 bytes)
Total: 8

VM state: not at safepoint (normal execution)

VM Mutex/Monitor currently owned by a thread: None

Heap address: 0x0000000080000000, size: 2048 MB, Compressed Oops mode: 32-bit

CDS archive(s) not mapped
Compressed class space mapped at: 0x0000000100000000-0x0000000140000000, reserved size: 1073741824
Narrow klass base: 0x0000000000000000, Narrow klass shift: 3, Narrow klass range: 0x140000000

GC Precious Log:
 CardTable entry size: 512
 Card Set container configuration: InlinePtr #cards 5 size 8 Array Of Cards #cards 12 size 40 Howl #buckets 4 coarsen threshold 1843 Howl Bitmap #cards 512 size 80 coarsen threshold 460 Card regions per heap region 1 cards per card region 2048
 CPUs: 16 total, 16 available
 Memory: 16197M
 Large Page Support: Disabled
 NUMA Support: Disabled
 Compressed Oops: Enabled (32-bit)
 Heap Region Size: 1M
 Heap Min Capacity: 8M
 Heap Initial Capacity: 254M
 Heap Max Capacity: 2G
 Pre-touch: Disabled
 Parallel Workers: 13
 Concurrent Workers: 3
 Concurrent Refinement Workers: 13
 Periodic GC: Disabled

Heap:
 garbage-first heap   total 768000K, used 639027K [0x0000000080000000, 0x0000000100000000)
  region size 1024K, 213 young (218112K), 16 survivors (16384K)
 Metaspace       used 143644K, committed 146112K, reserved 1179648K
  class space    used 20308K, committed 21504K, reserved 1048576K

Heap Regions: E=young(eden), S=young(survivor), O=old, HS=humongous(starts), HC=humongous(continues), CS=collection set, F=free, TAMS=top-at-mark-start, PB=parsable bottom
|   0|0x0000000080000000, 0x0000000080100000, 0x0000000080100000|100%|HS|  |TAMS 0x0000000080100000| PB 0x0000000080000000| Complete 
|   1|0x0000000080100000, 0x0000000080200000, 0x0000000080200000|100%|HC|  |TAMS 0x0000000080200000| PB 0x0000000080100000| Complete 
|   2|0x0000000080200000, 0x0000000080300000, 0x0000000080300000|100%|HC|  |TAMS 0x0000000080300000| PB 0x0000000080200000| Complete 
|   3|0x0000000080300000, 0x0000000080400000, 0x0000000080400000|100%|HC|  |TAMS 0x0000000080400000| PB 0x0000000080300000| Complete 
|   4|0x0000000080400000, 0x0000000080500000, 0x0000000080500000|100%| O|  |TAMS 0x0000000080500000| PB 0x0000000080400000| Untracked 
|   5|0x0000000080500000, 0x00000000805f4130, 0x0000000080600000| 95%| O|  |TAMS 0x00000000805f4130| PB 0x0000000080500000| Untracked 
|   6|0x0000000080600000, 0x0000000080700000, 0x0000000080700000|100%|HS|  |TAMS 0x0000000080700000| PB 0x0000000080600000| Complete 
|   7|0x0000000080700000, 0x0000000080800000, 0x0000000080800000|100%| O|  |TAMS 0x0000000080800000| PB 0x0000000080700000| Untracked 
|   8|0x0000000080800000, 0x0000000080900000, 0x0000000080900000|100%| O|  |TAMS 0x0000000080900000| PB 0x0000000080800000| Untracked 
|   9|0x0000000080900000, 0x0000000080a00000, 0x0000000080a00000|100%| O|  |TAMS 0x0000000080a00000| PB 0x0000000080900000| Untracked 
|  10|0x0000000080a00000, 0x0000000080b00000, 0x0000000080b00000|100%| O|  |TAMS 0x0000000080b00000| PB 0x0000000080a00000| Untracked 
|  11|0x0000000080b00000, 0x0000000080c00000, 0x0000000080c00000|100%| O|  |TAMS 0x0000000080c00000| PB 0x0000000080b00000| Untracked 
|  12|0x0000000080c00000, 0x0000000080d00000, 0x0000000080d00000|100%| O|  |TAMS 0x0000000080d00000| PB 0x0000000080c00000| Untracked 
|  13|0x0000000080d00000, 0x0000000080e00000, 0x0000000080e00000|100%| O|  |TAMS 0x0000000080e00000| PB 0x0000000080d00000| Untracked 
|  14|0x0000000080e00000, 0x0000000080f00000, 0x0000000080f00000|100%| O|  |TAMS 0x0000000080f00000| PB 0x0000000080e00000| Untracked 
|  15|0x0000000080f00000, 0x0000000081000000, 0x0000000081000000|100%| O|  |TAMS 0x0000000081000000| PB 0x0000000080f00000| Untracked 
|  16|0x0000000081000000, 0x0000000081100000, 0x0000000081100000|100%| O|  |TAMS 0x0000000081100000| PB 0x0000000081000000| Updating 
|  17|0x0000000081100000, 0x0000000081200000, 0x0000000081200000|100%| O|  |TAMS 0x0000000081200000| PB 0x0000000081100000| Updating 
|  18|0x0000000081200000, 0x0000000081300000, 0x0000000081300000|100%| O|  |TAMS 0x0000000081300000| PB 0x0000000081200000| Untracked 
|  19|0x0000000081300000, 0x0000000081400000, 0x0000000081400000|100%| O|  |TAMS 0x0000000081400000| PB 0x0000000081300000| Updating 
|  20|0x0000000081400000, 0x0000000081500000, 0x0000000081500000|100%| O|  |TAMS 0x0000000081500000| PB 0x0000000081400000| Updating 
|  21|0x0000000081500000, 0x0000000081600000, 0x0000000081600000|100%| O|  |TAMS 0x0000000081600000| PB 0x0000000081500000| Updating 
|  22|0x0000000081600000, 0x0000000081700000, 0x0000000081700000|100%| O|  |TAMS 0x0000000081700000| PB 0x0000000081600000| Untracked 
|  23|0x0000000081700000, 0x0000000081800000, 0x0000000081800000|100%|HS|  |TAMS 0x0000000081800000| PB 0x0000000081700000| Complete 
|  24|0x0000000081800000, 0x0000000081900000, 0x0000000081900000|100%|HC|  |TAMS 0x0000000081900000| PB 0x0000000081800000| Complete 
|  25|0x0000000081900000, 0x0000000081a00000, 0x0000000081a00000|100%| O|  |TAMS 0x0000000081a00000| PB 0x0000000081900000| Untracked 
|  26|0x0000000081a00000, 0x0000000081b00000, 0x0000000081b00000|100%| O|  |TAMS 0x0000000081b00000| PB 0x0000000081a00000| Untracked 
|  27|0x0000000081b00000, 0x0000000081c00000, 0x0000000081c00000|100%| O|  |TAMS 0x0000000081c00000| PB 0x0000000081b00000| Updating 
|  28|0x0000000081c00000, 0x0000000081d00000, 0x0000000081d00000|100%| O|  |TAMS 0x0000000081d00000| PB 0x0000000081c00000| Untracked 
|  29|0x0000000081d00000, 0x0000000081e00000, 0x0000000081e00000|100%|HS|  |TAMS 0x0000000081e00000| PB 0x0000000081d00000| Complete 
|  30|0x0000000081e00000, 0x0000000081f00000, 0x0000000081f00000|100%| O|  |TAMS 0x0000000081f00000| PB 0x0000000081e00000| Untracked 
|  31|0x0000000081f00000, 0x0000000082000000, 0x0000000082000000|100%| O|  |TAMS 0x0000000082000000| PB 0x0000000081f00000| Untracked 
|  32|0x0000000082000000, 0x0000000082100000, 0x0000000082100000|100%| O|  |TAMS 0x0000000082100000| PB 0x0000000082000000| Untracked 
|  33|0x0000000082100000, 0x0000000082200000, 0x0000000082200000|100%| O|  |TAMS 0x0000000082200000| PB 0x0000000082100000| Untracked 
|  34|0x0000000082200000, 0x0000000082300000, 0x0000000082300000|100%| O|  |TAMS 0x0000000082300000| PB 0x0000000082200000| Untracked 
|  35|0x0000000082300000, 0x0000000082400000, 0x0000000082400000|100%| O|  |TAMS 0x0000000082400000| PB 0x0000000082300000| Untracked 
|  36|0x0000000082400000, 0x0000000082500000, 0x0000000082500000|100%| O|  |TAMS 0x0000000082500000| PB 0x0000000082400000| Untracked 
|  37|0x0000000082500000, 0x0000000082600000, 0x0000000082600000|100%| O|  |TAMS 0x0000000082600000| PB 0x0000000082500000| Untracked 
|  38|0x0000000082600000, 0x0000000082700000, 0x0000000082700000|100%| O|  |TAMS 0x0000000082700000| PB 0x0000000082600000| Untracked 
|  39|0x0000000082700000, 0x0000000082800000, 0x0000000082800000|100%|HS|  |TAMS 0x0000000082800000| PB 0x0000000082700000| Complete 
|  40|0x0000000082800000, 0x0000000082900000, 0x0000000082900000|100%| O|  |TAMS 0x0000000082900000| PB 0x0000000082800000| Updating 
|  41|0x0000000082900000, 0x0000000082a00000, 0x0000000082a00000|100%| O|  |TAMS 0x0000000082a00000| PB 0x0000000082900000| Updating 
|  42|0x0000000082a00000, 0x0000000082b00000, 0x0000000082b00000|100%|HS|  |TAMS 0x0000000082b00000| PB 0x0000000082a00000| Complete 
|  43|0x0000000082b00000, 0x0000000082c00000, 0x0000000082c00000|100%|HS|  |TAMS 0x0000000082c00000| PB 0x0000000082b00000| Complete 
|  44|0x0000000082c00000, 0x0000000082d00000, 0x0000000082d00000|100%| O|  |TAMS 0x0000000082d00000| PB 0x0000000082c00000| Untracked 
|  45|0x0000000082d00000, 0x0000000082e00000, 0x0000000082e00000|100%|HS|  |TAMS 0x0000000082e00000| PB 0x0000000082d00000| Complete 
|  46|0x0000000082e00000, 0x0000000082f00000, 0x0000000082f00000|100%|HC|  |TAMS 0x0000000082f00000| PB 0x0000000082e00000| Complete 
|  47|0x0000000082f00000, 0x0000000083000000, 0x0000000083000000|100%| O|  |TAMS 0x0000000083000000| PB 0x0000000082f00000| Untracked 
|  48|0x0000000083000000, 0x0000000083100000, 0x0000000083100000|100%| O|  |TAMS 0x0000000083100000| PB 0x0000000083000000| Untracked 
|  49|0x0000000083100000, 0x0000000083200000, 0x0000000083200000|100%| O|  |TAMS 0x0000000083200000| PB 0x0000000083100000| Untracked 
|  50|0x0000000083200000, 0x0000000083300000, 0x0000000083300000|100%| O|  |TAMS 0x0000000083300000| PB 0x0000000083200000| Untracked 
|  51|0x0000000083300000, 0x0000000083400000, 0x0000000083400000|100%| O|  |TAMS 0x0000000083400000| PB 0x0000000083300000| Untracked 
|  52|0x0000000083400000, 0x0000000083500000, 0x0000000083500000|100%| O|  |TAMS 0x0000000083500000| PB 0x0000000083400000| Untracked 
|  53|0x0000000083500000, 0x0000000083600000, 0x0000000083600000|100%|HS|  |TAMS 0x0000000083600000| PB 0x0000000083500000| Complete 
|  54|0x0000000083600000, 0x0000000083700000, 0x0000000083700000|100%| O|  |TAMS 0x0000000083700000| PB 0x0000000083600000| Updating 
|  55|0x0000000083700000, 0x0000000083800000, 0x0000000083800000|100%|HS|  |TAMS 0x0000000083800000| PB 0x0000000083700000| Complete 
|  56|0x0000000083800000, 0x0000000083900000, 0x0000000083900000|100%|HS|  |TAMS 0x0000000083900000| PB 0x0000000083800000| Complete 
|  57|0x0000000083900000, 0x0000000083a00000, 0x0000000083a00000|100%|HS|  |TAMS 0x0000000083a00000| PB 0x0000000083900000| Complete 
|  58|0x0000000083a00000, 0x0000000083b00000, 0x0000000083b00000|100%| O|  |TAMS 0x0000000083b00000| PB 0x0000000083a00000| Updating 
|  59|0x0000000083b00000, 0x0000000083c00000, 0x0000000083c00000|100%| O|  |TAMS 0x0000000083c00000| PB 0x0000000083b00000| Untracked 
|  60|0x0000000083c00000, 0x0000000083d00000, 0x0000000083d00000|100%| O|  |TAMS 0x0000000083d00000| PB 0x0000000083c00000| Untracked 
|  61|0x0000000083d00000, 0x0000000083e00000, 0x0000000083e00000|100%| O|  |TAMS 0x0000000083e00000| PB 0x0000000083d00000| Updating 
|  62|0x0000000083e00000, 0x0000000083f00000, 0x0000000083f00000|100%|HS|  |TAMS 0x0000000083f00000| PB 0x0000000083e00000| Complete 
|  63|0x0000000083f00000, 0x0000000084000000, 0x0000000084000000|100%|HC|  |TAMS 0x0000000084000000| PB 0x0000000083f00000| Complete 
|  64|0x0000000084000000, 0x0000000084100000, 0x0000000084100000|100%| O|  |TAMS 0x0000000084100000| PB 0x0000000084000000| Untracked 
|  65|0x0000000084100000, 0x0000000084200000, 0x0000000084200000|100%| O|  |TAMS 0x0000000084200000| PB 0x0000000084100000| Updating 
|  66|0x0000000084200000, 0x0000000084300000, 0x0000000084300000|100%| O|  |TAMS 0x0000000084300000| PB 0x0000000084200000| Updating 
|  67|0x0000000084300000, 0x0000000084400000, 0x0000000084400000|100%| O|  |TAMS 0x0000000084400000| PB 0x0000000084300000| Updating 
|  68|0x0000000084400000, 0x0000000084500000, 0x0000000084500000|100%| O|  |TAMS 0x0000000084500000| PB 0x0000000084400000| Untracked 
|  69|0x0000000084500000, 0x0000000084600000, 0x0000000084600000|100%| O|  |TAMS 0x0000000084600000| PB 0x0000000084500000| Untracked 
|  70|0x0000000084600000, 0x0000000084700000, 0x0000000084700000|100%| O|  |TAMS 0x0000000084700000| PB 0x0000000084600000| Untracked 
|  71|0x0000000084700000, 0x0000000084800000, 0x0000000084800000|100%| O|  |TAMS 0x0000000084800000| PB 0x0000000084700000| Untracked 
|  72|0x0000000084800000, 0x0000000084900000, 0x0000000084900000|100%| O|  |TAMS 0x0000000084900000| PB 0x0000000084800000| Untracked 
|  73|0x0000000084900000, 0x0000000084a00000, 0x0000000084a00000|100%| O|  |TAMS 0x0000000084a00000| PB 0x0000000084900000| Updating 
|  74|0x0000000084a00000, 0x0000000084b00000, 0x0000000084b00000|100%| O|  |TAMS 0x0000000084b00000| PB 0x0000000084a00000| Untracked 
|  75|0x0000000084b00000, 0x0000000084c00000, 0x0000000084c00000|100%| O|  |TAMS 0x0000000084c00000| PB 0x0000000084b00000| Untracked 
|  76|0x0000000084c00000, 0x0000000084d00000, 0x0000000084d00000|100%| O|  |TAMS 0x0000000084d00000| PB 0x0000000084c00000| Untracked 
|  77|0x0000000084d00000, 0x0000000084e00000, 0x0000000084e00000|100%| O|  |TAMS 0x0000000084e00000| PB 0x0000000084d00000| Untracked 
|  78|0x0000000084e00000, 0x0000000084f00000, 0x0000000084f00000|100%| O|  |TAMS 0x0000000084f00000| PB 0x0000000084e00000| Untracked 
|  79|0x0000000084f00000, 0x0000000085000000, 0x0000000085000000|100%| O|  |TAMS 0x0000000085000000| PB 0x0000000084f00000| Untracked 
|  80|0x0000000085000000, 0x0000000085100000, 0x0000000085100000|100%| O|  |TAMS 0x0000000085100000| PB 0x0000000085000000| Updating 
|  81|0x0000000085100000, 0x0000000085200000, 0x0000000085200000|100%| O|  |TAMS 0x0000000085200000| PB 0x0000000085100000| Updating 
|  82|0x0000000085200000, 0x0000000085300000, 0x0000000085300000|100%| O|  |TAMS 0x0000000085300000| PB 0x0000000085200000| Untracked 
|  83|0x0000000085300000, 0x0000000085400000, 0x0000000085400000|100%| O|  |TAMS 0x0000000085400000| PB 0x0000000085300000| Untracked 
|  84|0x0000000085400000, 0x0000000085500000, 0x0000000085500000|100%| O|  |TAMS 0x0000000085500000| PB 0x0000000085400000| Updating 
|  85|0x0000000085500000, 0x0000000085600000, 0x0000000085600000|100%| O|  |TAMS 0x0000000085600000| PB 0x0000000085500000| Untracked 
|  86|0x0000000085600000, 0x0000000085700000, 0x0000000085700000|100%| O|  |TAMS 0x0000000085700000| PB 0x0000000085600000| Untracked 
|  87|0x0000000085700000, 0x0000000085800000, 0x0000000085800000|100%| O|  |TAMS 0x0000000085800000| PB 0x0000000085700000| Untracked 
|  88|0x0000000085800000, 0x0000000085900000, 0x0000000085900000|100%| O|  |TAMS 0x0000000085900000| PB 0x0000000085800000| Untracked 
|  89|0x0000000085900000, 0x0000000085a00000, 0x0000000085a00000|100%| O|  |TAMS 0x0000000085a00000| PB 0x0000000085900000| Updating 
|  90|0x0000000085a00000, 0x0000000085b00000, 0x0000000085b00000|100%| O|  |TAMS 0x0000000085b00000| PB 0x0000000085a00000| Untracked 
|  91|0x0000000085b00000, 0x0000000085c00000, 0x0000000085c00000|100%| O|  |TAMS 0x0000000085c00000| PB 0x0000000085b00000| Untracked 
|  92|0x0000000085c00000, 0x0000000085d00000, 0x0000000085d00000|100%| O|  |TAMS 0x0000000085d00000| PB 0x0000000085c00000| Untracked 
|  93|0x0000000085d00000, 0x0000000085e00000, 0x0000000085e00000|100%| O|  |TAMS 0x0000000085e00000| PB 0x0000000085d00000| Untracked 
|  94|0x0000000085e00000, 0x0000000085f00000, 0x0000000085f00000|100%| O|  |TAMS 0x0000000085f00000| PB 0x0000000085e00000| Untracked 
|  95|0x0000000085f00000, 0x0000000086000000, 0x0000000086000000|100%| O|  |TAMS 0x0000000086000000| PB 0x0000000085f00000| Untracked 
|  96|0x0000000086000000, 0x0000000086100000, 0x0000000086100000|100%| O|  |TAMS 0x0000000086100000| PB 0x0000000086000000| Updating 
|  97|0x0000000086100000, 0x0000000086200000, 0x0000000086200000|100%| O|  |TAMS 0x0000000086200000| PB 0x0000000086100000| Untracked 
|  98|0x0000000086200000, 0x0000000086300000, 0x0000000086300000|100%| O|  |TAMS 0x0000000086300000| PB 0x0000000086200000| Untracked 
|  99|0x0000000086300000, 0x0000000086400000, 0x0000000086400000|100%| O|  |TAMS 0x0000000086400000| PB 0x0000000086300000| Untracked 
| 100|0x0000000086400000, 0x0000000086500000, 0x0000000086500000|100%| O|  |TAMS 0x0000000086500000| PB 0x0000000086400000| Untracked 
| 101|0x0000000086500000, 0x0000000086600000, 0x0000000086600000|100%| O|  |TAMS 0x0000000086600000| PB 0x0000000086500000| Untracked 
| 102|0x0000000086600000, 0x0000000086700000, 0x0000000086700000|100%| O|  |TAMS 0x0000000086700000| PB 0x0000000086600000| Untracked 
| 103|0x0000000086700000, 0x0000000086800000, 0x0000000086800000|100%| O|  |TAMS 0x0000000086800000| PB 0x0000000086700000| Updating 
| 104|0x0000000086800000, 0x0000000086900000, 0x0000000086900000|100%| O|  |TAMS 0x0000000086900000| PB 0x0000000086800000| Untracked 
| 105|0x0000000086900000, 0x0000000086a00000, 0x0000000086a00000|100%| O|  |TAMS 0x0000000086a00000| PB 0x0000000086900000| Untracked 
| 106|0x0000000086a00000, 0x0000000086b00000, 0x0000000086b00000|100%| O|  |TAMS 0x0000000086b00000| PB 0x0000000086a00000| Untracked 
| 107|0x0000000086b00000, 0x0000000086c00000, 0x0000000086c00000|100%| O|  |TAMS 0x0000000086c00000| PB 0x0000000086b00000| Untracked 
| 108|0x0000000086c00000, 0x0000000086d00000, 0x0000000086d00000|100%| O|  |TAMS 0x0000000086d00000| PB 0x0000000086c00000| Untracked 
| 109|0x0000000086d00000, 0x0000000086e00000, 0x0000000086e00000|100%| O|  |TAMS 0x0000000086e00000| PB 0x0000000086d00000| Untracked 
| 110|0x0000000086e00000, 0x0000000086f00000, 0x0000000086f00000|100%| O|  |TAMS 0x0000000086f00000| PB 0x0000000086e00000| Untracked 
| 111|0x0000000086f00000, 0x0000000087000000, 0x0000000087000000|100%| O|  |TAMS 0x0000000087000000| PB 0x0000000086f00000| Untracked 
| 112|0x0000000087000000, 0x0000000087100000, 0x0000000087100000|100%| O|  |TAMS 0x0000000087100000| PB 0x0000000087000000| Untracked 
| 113|0x0000000087100000, 0x0000000087200000, 0x0000000087200000|100%| O|  |TAMS 0x0000000087200000| PB 0x0000000087100000| Untracked 
| 114|0x0000000087200000, 0x0000000087300000, 0x0000000087300000|100%| O|  |TAMS 0x0000000087300000| PB 0x0000000087200000| Untracked 
| 115|0x0000000087300000, 0x0000000087400000, 0x0000000087400000|100%| O|  |TAMS 0x0000000087400000| PB 0x0000000087300000| Untracked 
| 116|0x0000000087400000, 0x0000000087500000, 0x0000000087500000|100%| O|  |TAMS 0x0000000087500000| PB 0x0000000087400000| Untracked 
| 117|0x0000000087500000, 0x0000000087600000, 0x0000000087600000|100%| O|  |TAMS 0x0000000087600000| PB 0x0000000087500000| Untracked 
| 118|0x0000000087600000, 0x0000000087700000, 0x0000000087700000|100%| O|  |TAMS 0x0000000087700000| PB 0x0000000087600000| Untracked 
| 119|0x0000000087700000, 0x0000000087800000, 0x0000000087800000|100%| O|  |TAMS 0x0000000087800000| PB 0x0000000087700000| Untracked 
| 120|0x0000000087800000, 0x0000000087900000, 0x0000000087900000|100%| O|  |TAMS 0x0000000087900000| PB 0x0000000087800000| Untracked 
| 121|0x0000000087900000, 0x0000000087a00000, 0x0000000087a00000|100%| O|  |TAMS 0x0000000087a00000| PB 0x0000000087900000| Untracked 
| 122|0x0000000087a00000, 0x0000000087b00000, 0x0000000087b00000|100%| O|  |TAMS 0x0000000087b00000| PB 0x0000000087a00000| Untracked 
| 123|0x0000000087b00000, 0x0000000087c00000, 0x0000000087c00000|100%| O|  |TAMS 0x0000000087c00000| PB 0x0000000087b00000| Untracked 
| 124|0x0000000087c00000, 0x0000000087d00000, 0x0000000087d00000|100%| O|  |TAMS 0x0000000087d00000| PB 0x0000000087c00000| Untracked 
| 125|0x0000000087d00000, 0x0000000087e00000, 0x0000000087e00000|100%| O|  |TAMS 0x0000000087e00000| PB 0x0000000087d00000| Untracked 
| 126|0x0000000087e00000, 0x0000000087f00000, 0x0000000087f00000|100%| O|  |TAMS 0x0000000087f00000| PB 0x0000000087e00000| Untracked 
| 127|0x0000000087f00000, 0x0000000088000000, 0x0000000088000000|100%| O|  |TAMS 0x0000000088000000| PB 0x0000000087f00000| Untracked 
| 128|0x0000000088000000, 0x0000000088100000, 0x0000000088100000|100%| O|  |TAMS 0x0000000088100000| PB 0x0000000088000000| Untracked 
| 129|0x0000000088100000, 0x0000000088200000, 0x0000000088200000|100%| O|  |TAMS 0x0000000088200000| PB 0x0000000088100000| Untracked 
| 130|0x0000000088200000, 0x0000000088300000, 0x0000000088300000|100%| O|  |TAMS 0x0000000088300000| PB 0x0000000088200000| Untracked 
| 131|0x0000000088300000, 0x0000000088400000, 0x0000000088400000|100%| O|  |TAMS 0x0000000088400000| PB 0x0000000088300000| Untracked 
| 132|0x0000000088400000, 0x0000000088500000, 0x0000000088500000|100%| O|  |TAMS 0x0000000088500000| PB 0x0000000088400000| Untracked 
| 133|0x0000000088500000, 0x0000000088600000, 0x0000000088600000|100%| O|  |TAMS 0x0000000088600000| PB 0x0000000088500000| Untracked 
| 134|0x0000000088600000, 0x0000000088700000, 0x0000000088700000|100%| O|  |TAMS 0x0000000088700000| PB 0x0000000088600000| Untracked 
| 135|0x0000000088700000, 0x0000000088800000, 0x0000000088800000|100%| O|  |TAMS 0x0000000088800000| PB 0x0000000088700000| Untracked 
| 136|0x0000000088800000, 0x0000000088900000, 0x0000000088900000|100%| O|  |TAMS 0x0000000088900000| PB 0x0000000088800000| Untracked 
| 137|0x0000000088900000, 0x0000000088a00000, 0x0000000088a00000|100%| O|  |TAMS 0x0000000088a00000| PB 0x0000000088900000| Untracked 
| 138|0x0000000088a00000, 0x0000000088b00000, 0x0000000088b00000|100%| O|  |TAMS 0x0000000088b00000| PB 0x0000000088a00000| Untracked 
| 139|0x0000000088b00000, 0x0000000088c00000, 0x0000000088c00000|100%| O|  |TAMS 0x0000000088c00000| PB 0x0000000088b00000| Updating 
| 140|0x0000000088c00000, 0x0000000088d00000, 0x0000000088d00000|100%| O|  |TAMS 0x0000000088d00000| PB 0x0000000088c00000| Untracked 
| 141|0x0000000088d00000, 0x0000000088e00000, 0x0000000088e00000|100%| O|  |TAMS 0x0000000088e00000| PB 0x0000000088d00000| Untracked 
| 142|0x0000000088e00000, 0x0000000088f00000, 0x0000000088f00000|100%| O|  |TAMS 0x0000000088f00000| PB 0x0000000088e00000| Untracked 
| 143|0x0000000088f00000, 0x0000000089000000, 0x0000000089000000|100%| O|  |TAMS 0x0000000089000000| PB 0x0000000088f00000| Untracked 
| 144|0x0000000089000000, 0x0000000089100000, 0x0000000089100000|100%| O|  |TAMS 0x0000000089100000| PB 0x0000000089000000| Untracked 
| 145|0x0000000089100000, 0x0000000089200000, 0x0000000089200000|100%| O|  |TAMS 0x0000000089200000| PB 0x0000000089100000| Untracked 
| 146|0x0000000089200000, 0x0000000089300000, 0x0000000089300000|100%| O|  |TAMS 0x0000000089300000| PB 0x0000000089200000| Untracked 
| 147|0x0000000089300000, 0x0000000089400000, 0x0000000089400000|100%| O|  |TAMS 0x0000000089400000| PB 0x0000000089300000| Untracked 
| 148|0x0000000089400000, 0x0000000089500000, 0x0000000089500000|100%| O|  |TAMS 0x0000000089500000| PB 0x0000000089400000| Untracked 
| 149|0x0000000089500000, 0x0000000089600000, 0x0000000089600000|100%| O|  |TAMS 0x0000000089600000| PB 0x0000000089500000| Untracked 
| 150|0x0000000089600000, 0x0000000089700000, 0x0000000089700000|100%| O|  |TAMS 0x0000000089700000| PB 0x0000000089600000| Untracked 
| 151|0x0000000089700000, 0x0000000089800000, 0x0000000089800000|100%| O|  |TAMS 0x0000000089800000| PB 0x0000000089700000| Untracked 
| 152|0x0000000089800000, 0x0000000089900000, 0x0000000089900000|100%| O|  |TAMS 0x0000000089900000| PB 0x0000000089800000| Untracked 
| 153|0x0000000089900000, 0x0000000089a00000, 0x0000000089a00000|100%| O|  |TAMS 0x0000000089a00000| PB 0x0000000089900000| Untracked 
| 154|0x0000000089a00000, 0x0000000089b00000, 0x0000000089b00000|100%| O|  |TAMS 0x0000000089b00000| PB 0x0000000089a00000| Untracked 
| 155|0x0000000089b00000, 0x0000000089c00000, 0x0000000089c00000|100%| O|  |TAMS 0x0000000089c00000| PB 0x0000000089b00000| Untracked 
| 156|0x0000000089c00000, 0x0000000089d00000, 0x0000000089d00000|100%| O|  |TAMS 0x0000000089d00000| PB 0x0000000089c00000| Untracked 
| 157|0x0000000089d00000, 0x0000000089e00000, 0x0000000089e00000|100%| O|  |TAMS 0x0000000089e00000| PB 0x0000000089d00000| Untracked 
| 158|0x0000000089e00000, 0x0000000089f00000, 0x0000000089f00000|100%| O|  |TAMS 0x0000000089f00000| PB 0x0000000089e00000| Untracked 
| 159|0x0000000089f00000, 0x000000008a000000, 0x000000008a000000|100%| O|  |TAMS 0x000000008a000000| PB 0x0000000089f00000| Updating 
| 160|0x000000008a000000, 0x000000008a100000, 0x000000008a100000|100%| O|  |TAMS 0x000000008a100000| PB 0x000000008a000000| Untracked 
| 161|0x000000008a100000, 0x000000008a200000, 0x000000008a200000|100%| O|  |TAMS 0x000000008a200000| PB 0x000000008a100000| Untracked 
| 162|0x000000008a200000, 0x000000008a300000, 0x000000008a300000|100%| O|  |TAMS 0x000000008a300000| PB 0x000000008a200000| Untracked 
| 163|0x000000008a300000, 0x000000008a400000, 0x000000008a400000|100%| O|  |TAMS 0x000000008a400000| PB 0x000000008a300000| Untracked 
| 164|0x000000008a400000, 0x000000008a500000, 0x000000008a500000|100%| O|  |TAMS 0x000000008a500000| PB 0x000000008a400000| Untracked 
| 165|0x000000008a500000, 0x000000008a600000, 0x000000008a600000|100%| O|  |TAMS 0x000000008a600000| PB 0x000000008a500000| Updating 
| 166|0x000000008a600000, 0x000000008a700000, 0x000000008a700000|100%| O|  |TAMS 0x000000008a700000| PB 0x000000008a600000| Untracked 
| 167|0x000000008a700000, 0x000000008a800000, 0x000000008a800000|100%| O|  |TAMS 0x000000008a800000| PB 0x000000008a700000| Untracked 
| 168|0x000000008a800000, 0x000000008a900000, 0x000000008a900000|100%| O|  |TAMS 0x000000008a900000| PB 0x000000008a800000| Untracked 
| 169|0x000000008a900000, 0x000000008aa00000, 0x000000008aa00000|100%| O|  |TAMS 0x000000008aa00000| PB 0x000000008a900000| Untracked 
| 170|0x000000008aa00000, 0x000000008ab00000, 0x000000008ab00000|100%| O|  |TAMS 0x000000008ab00000| PB 0x000000008aa00000| Untracked 
| 171|0x000000008ab00000, 0x000000008ac00000, 0x000000008ac00000|100%| O|  |TAMS 0x000000008ac00000| PB 0x000000008ab00000| Untracked 
| 172|0x000000008ac00000, 0x000000008ad00000, 0x000000008ad00000|100%| O|  |TAMS 0x000000008ad00000| PB 0x000000008ac00000| Untracked 
| 173|0x000000008ad00000, 0x000000008ae00000, 0x000000008ae00000|100%| O|  |TAMS 0x000000008ae00000| PB 0x000000008ad00000| Untracked 
| 174|0x000000008ae00000, 0x000000008af00000, 0x000000008af00000|100%| O|  |TAMS 0x000000008af00000| PB 0x000000008ae00000| Untracked 
| 175|0x000000008af00000, 0x000000008b000000, 0x000000008b000000|100%| O|  |TAMS 0x000000008b000000| PB 0x000000008af00000| Updating 
| 176|0x000000008b000000, 0x000000008b100000, 0x000000008b100000|100%| O|  |TAMS 0x000000008b100000| PB 0x000000008b000000| Untracked 
| 177|0x000000008b100000, 0x000000008b200000, 0x000000008b200000|100%| O|  |TAMS 0x000000008b200000| PB 0x000000008b100000| Untracked 
| 178|0x000000008b200000, 0x000000008b300000, 0x000000008b300000|100%| O|  |TAMS 0x000000008b300000| PB 0x000000008b200000| Untracked 
| 179|0x000000008b300000, 0x000000008b400000, 0x000000008b400000|100%| O|  |TAMS 0x000000008b400000| PB 0x000000008b300000| Untracked 
| 180|0x000000008b400000, 0x000000008b500000, 0x000000008b500000|100%| O|  |TAMS 0x000000008b500000| PB 0x000000008b400000| Untracked 
| 181|0x000000008b500000, 0x000000008b600000, 0x000000008b600000|100%| O|  |TAMS 0x000000008b600000| PB 0x000000008b500000| Untracked 
| 182|0x000000008b600000, 0x000000008b700000, 0x000000008b700000|100%| O|  |TAMS 0x000000008b700000| PB 0x000000008b600000| Untracked 
| 183|0x000000008b700000, 0x000000008b800000, 0x000000008b800000|100%| O|  |TAMS 0x000000008b800000| PB 0x000000008b700000| Untracked 
| 184|0x000000008b800000, 0x000000008b900000, 0x000000008b900000|100%| O|  |TAMS 0x000000008b900000| PB 0x000000008b800000| Untracked 
| 185|0x000000008b900000, 0x000000008ba00000, 0x000000008ba00000|100%| O|  |TAMS 0x000000008ba00000| PB 0x000000008b900000| Updating 
| 186|0x000000008ba00000, 0x000000008bb00000, 0x000000008bb00000|100%| O|  |TAMS 0x000000008bb00000| PB 0x000000008ba00000| Untracked 
| 187|0x000000008bb00000, 0x000000008bc00000, 0x000000008bc00000|100%| O|  |TAMS 0x000000008bc00000| PB 0x000000008bb00000| Updating 
| 188|0x000000008bc00000, 0x000000008bd00000, 0x000000008bd00000|100%| O|  |TAMS 0x000000008bd00000| PB 0x000000008bc00000| Untracked 
| 189|0x000000008bd00000, 0x000000008be00000, 0x000000008be00000|100%| O|  |TAMS 0x000000008be00000| PB 0x000000008bd00000| Untracked 
| 190|0x000000008be00000, 0x000000008bf00000, 0x000000008bf00000|100%| O|  |TAMS 0x000000008bf00000| PB 0x000000008be00000| Updating 
| 191|0x000000008bf00000, 0x000000008c000000, 0x000000008c000000|100%| O|  |TAMS 0x000000008c000000| PB 0x000000008bf00000| Untracked 
| 192|0x000000008c000000, 0x000000008c100000, 0x000000008c100000|100%| O|  |TAMS 0x000000008c100000| PB 0x000000008c000000| Untracked 
| 193|0x000000008c100000, 0x000000008c200000, 0x000000008c200000|100%| O|  |TAMS 0x000000008c200000| PB 0x000000008c100000| Updating 
| 194|0x000000008c200000, 0x000000008c300000, 0x000000008c300000|100%| O|  |TAMS 0x000000008c300000| PB 0x000000008c200000| Updating 
| 195|0x000000008c300000, 0x000000008c400000, 0x000000008c400000|100%| O|  |TAMS 0x000000008c400000| PB 0x000000008c300000| Untracked 
| 196|0x000000008c400000, 0x000000008c500000, 0x000000008c500000|100%| O|  |TAMS 0x000000008c500000| PB 0x000000008c400000| Updating 
| 197|0x000000008c500000, 0x000000008c600000, 0x000000008c600000|100%| O|  |TAMS 0x000000008c600000| PB 0x000000008c500000| Untracked 
| 198|0x000000008c600000, 0x000000008c700000, 0x000000008c700000|100%| O|  |TAMS 0x000000008c700000| PB 0x000000008c600000| Updating 
| 199|0x000000008c700000, 0x000000008c800000, 0x000000008c800000|100%| O|  |TAMS 0x000000008c800000| PB 0x000000008c700000| Updating 
| 200|0x000000008c800000, 0x000000008c900000, 0x000000008c900000|100%| O|  |TAMS 0x000000008c900000| PB 0x000000008c800000| Updating 
| 201|0x000000008c900000, 0x000000008ca00000, 0x000000008ca00000|100%| O|  |TAMS 0x000000008ca00000| PB 0x000000008c900000| Updating 
| 202|0x000000008ca00000, 0x000000008cb00000, 0x000000008cb00000|100%| O|  |TAMS 0x000000008cb00000| PB 0x000000008ca00000| Updating 
| 203|0x000000008cb00000, 0x000000008cc00000, 0x000000008cc00000|100%| O|  |TAMS 0x000000008cc00000| PB 0x000000008cb00000| Updating 
| 204|0x000000008cc00000, 0x000000008cd00000, 0x000000008cd00000|100%| O|  |TAMS 0x000000008cd00000| PB 0x000000008cc00000| Updating 
| 205|0x000000008cd00000, 0x000000008ce00000, 0x000000008ce00000|100%| O|  |TAMS 0x000000008ce00000| PB 0x000000008cd00000| Updating 
| 206|0x000000008ce00000, 0x000000008ce00000, 0x000000008cf00000|  0%| F|  |TAMS 0x000000008ce00000| PB 0x000000008ce00000| Untracked 
| 207|0x000000008cf00000, 0x000000008d000000, 0x000000008d000000|100%| O|  |TAMS 0x000000008d000000| PB 0x000000008cf00000| Updating 
| 208|0x000000008d000000, 0x000000008d100000, 0x000000008d100000|100%| O|  |TAMS 0x000000008d100000| PB 0x000000008d000000| Updating 
| 209|0x000000008d100000, 0x000000008d200000, 0x000000008d200000|100%| O|  |TAMS 0x000000008d200000| PB 0x000000008d100000| Updating 
| 210|0x000000008d200000, 0x000000008d300000, 0x000000008d300000|100%| O|  |TAMS 0x000000008d300000| PB 0x000000008d200000| Updating 
| 211|0x000000008d300000, 0x000000008d400000, 0x000000008d400000|100%| O|  |TAMS 0x000000008d400000| PB 0x000000008d300000| Untracked 
| 212|0x000000008d400000, 0x000000008d500000, 0x000000008d500000|100%| O|  |TAMS 0x000000008d500000| PB 0x000000008d400000| Updating 
| 213|0x000000008d500000, 0x000000008d600000, 0x000000008d600000|100%| O|  |TAMS 0x000000008d600000| PB 0x000000008d500000| Updating 
| 214|0x000000008d600000, 0x000000008d700000, 0x000000008d700000|100%| O|  |TAMS 0x000000008d700000| PB 0x000000008d600000| Untracked 
| 215|0x000000008d700000, 0x000000008d800000, 0x000000008d800000|100%| O|  |TAMS 0x000000008d800000| PB 0x000000008d700000| Updating 
| 216|0x000000008d800000, 0x000000008d900000, 0x000000008d900000|100%| O|  |TAMS 0x000000008d900000| PB 0x000000008d800000| Untracked 
| 217|0x000000008d900000, 0x000000008da00000, 0x000000008da00000|100%| O|  |TAMS 0x000000008da00000| PB 0x000000008d900000| Untracked 
| 218|0x000000008da00000, 0x000000008db00000, 0x000000008db00000|100%| O|  |TAMS 0x000000008db00000| PB 0x000000008da00000| Untracked 
| 219|0x000000008db00000, 0x000000008dc00000, 0x000000008dc00000|100%| O|  |TAMS 0x000000008dc00000| PB 0x000000008db00000| Updating 
| 220|0x000000008dc00000, 0x000000008dd00000, 0x000000008dd00000|100%| O|  |TAMS 0x000000008dd00000| PB 0x000000008dc00000| Untracked 
| 221|0x000000008dd00000, 0x000000008de00000, 0x000000008de00000|100%| O|  |TAMS 0x000000008de00000| PB 0x000000008dd00000| Untracked 
| 222|0x000000008de00000, 0x000000008df00000, 0x000000008df00000|100%| O|  |TAMS 0x000000008df00000| PB 0x000000008de00000| Untracked 
| 223|0x000000008df00000, 0x000000008df00000, 0x000000008e000000|  0%| F|  |TAMS 0x000000008df00000| PB 0x000000008df00000| Untracked 
| 224|0x000000008e000000, 0x000000008e100000, 0x000000008e100000|100%| O|  |TAMS 0x000000008e100000| PB 0x000000008e000000| Updating 
| 225|0x000000008e100000, 0x000000008e100000, 0x000000008e200000|  0%| F|  |TAMS 0x000000008e100000| PB 0x000000008e100000| Untracked 
| 226|0x000000008e200000, 0x000000008e300000, 0x000000008e300000|100%| O|  |TAMS 0x000000008e300000| PB 0x000000008e200000| Updating 
| 227|0x000000008e300000, 0x000000008e400000, 0x000000008e400000|100%| O|  |TAMS 0x000000008e400000| PB 0x000000008e300000| Untracked 
| 228|0x000000008e400000, 0x000000008e500000, 0x000000008e500000|100%| O|  |TAMS 0x000000008e500000| PB 0x000000008e400000| Untracked 
| 229|0x000000008e500000, 0x000000008e600000, 0x000000008e600000|100%| O|  |TAMS 0x000000008e600000| PB 0x000000008e500000| Untracked 
| 230|0x000000008e600000, 0x000000008e700000, 0x000000008e700000|100%| O|  |TAMS 0x000000008e700000| PB 0x000000008e600000| Untracked 
| 231|0x000000008e700000, 0x000000008e800000, 0x000000008e800000|100%| O|  |TAMS 0x000000008e800000| PB 0x000000008e700000| Untracked 
| 232|0x000000008e800000, 0x000000008e900000, 0x000000008e900000|100%| O|  |TAMS 0x000000008e900000| PB 0x000000008e800000| Untracked 
| 233|0x000000008e900000, 0x000000008ea00000, 0x000000008ea00000|100%| O|  |TAMS 0x000000008ea00000| PB 0x000000008e900000| Updating 
| 234|0x000000008ea00000, 0x000000008ea00000, 0x000000008eb00000|  0%| F|  |TAMS 0x000000008ea00000| PB 0x000000008ea00000| Untracked 
| 235|0x000000008eb00000, 0x000000008eb00000, 0x000000008ec00000|  0%| F|  |TAMS 0x000000008eb00000| PB 0x000000008eb00000| Untracked 
| 236|0x000000008ec00000, 0x000000008ed00000, 0x000000008ed00000|100%| O|  |TAMS 0x000000008ed00000| PB 0x000000008ec00000| Untracked 
| 237|0x000000008ed00000, 0x000000008ee00000, 0x000000008ee00000|100%| O|  |TAMS 0x000000008ee00000| PB 0x000000008ed00000| Untracked 
| 238|0x000000008ee00000, 0x000000008ef00000, 0x000000008ef00000|100%| O|  |TAMS 0x000000008ef00000| PB 0x000000008ee00000| Untracked 
| 239|0x000000008ef00000, 0x000000008f000000, 0x000000008f000000|100%| O|  |TAMS 0x000000008f000000| PB 0x000000008ef00000| Untracked 
| 240|0x000000008f000000, 0x000000008f100000, 0x000000008f100000|100%| O|  |TAMS 0x000000008f100000| PB 0x000000008f000000| Untracked 
| 241|0x000000008f100000, 0x000000008f200000, 0x000000008f200000|100%| O|  |TAMS 0x000000008f200000| PB 0x000000008f100000| Untracked 
| 242|0x000000008f200000, 0x000000008f300000, 0x000000008f300000|100%| O|  |TAMS 0x000000008f300000| PB 0x000000008f200000| Untracked 
| 243|0x000000008f300000, 0x000000008f400000, 0x000000008f400000|100%| O|  |TAMS 0x000000008f400000| PB 0x000000008f300000| Untracked 
| 244|0x000000008f400000, 0x000000008f500000, 0x000000008f500000|100%| O|  |TAMS 0x000000008f500000| PB 0x000000008f400000| Untracked 
| 245|0x000000008f500000, 0x000000008f600000, 0x000000008f600000|100%| O|  |TAMS 0x000000008f600000| PB 0x000000008f500000| Untracked 
| 246|0x000000008f600000, 0x000000008f700000, 0x000000008f700000|100%| O|  |TAMS 0x000000008f700000| PB 0x000000008f600000| Untracked 
| 247|0x000000008f700000, 0x000000008f800000, 0x000000008f800000|100%| O|  |TAMS 0x000000008f800000| PB 0x000000008f700000| Untracked 
| 248|0x000000008f800000, 0x000000008f900000, 0x000000008f900000|100%| O|  |TAMS 0x000000008f900000| PB 0x000000008f800000| Untracked 
| 249|0x000000008f900000, 0x000000008fa00000, 0x000000008fa00000|100%| O|  |TAMS 0x000000008fa00000| PB 0x000000008f900000| Untracked 
| 250|0x000000008fa00000, 0x000000008fb00000, 0x000000008fb00000|100%| O|  |TAMS 0x000000008fb00000| PB 0x000000008fa00000| Untracked 
| 251|0x000000008fb00000, 0x000000008fc00000, 0x000000008fc00000|100%| O|  |TAMS 0x000000008fc00000| PB 0x000000008fb00000| Untracked 
| 252|0x000000008fc00000, 0x000000008fd00000, 0x000000008fd00000|100%| O|  |TAMS 0x000000008fd00000| PB 0x000000008fc00000| Untracked 
| 253|0x000000008fd00000, 0x000000008fe00000, 0x000000008fe00000|100%| O|  |TAMS 0x000000008fe00000| PB 0x000000008fd00000| Untracked 
| 254|0x000000008fe00000, 0x000000008ff00000, 0x000000008ff00000|100%| O|  |TAMS 0x000000008ff00000| PB 0x000000008fe00000| Untracked 
| 255|0x000000008ff00000, 0x0000000090000000, 0x0000000090000000|100%| O|  |TAMS 0x0000000090000000| PB 0x000000008ff00000| Untracked 
| 256|0x0000000090000000, 0x0000000090100000, 0x0000000090100000|100%| O|  |TAMS 0x0000000090100000| PB 0x0000000090000000| Untracked 
| 257|0x0000000090100000, 0x0000000090200000, 0x0000000090200000|100%| O|  |TAMS 0x0000000090200000| PB 0x0000000090100000| Untracked 
| 258|0x0000000090200000, 0x0000000090300000, 0x0000000090300000|100%| O|  |TAMS 0x0000000090300000| PB 0x0000000090200000| Updating 
| 259|0x0000000090300000, 0x0000000090400000, 0x0000000090400000|100%| O|  |TAMS 0x0000000090400000| PB 0x0000000090300000| Untracked 
| 260|0x0000000090400000, 0x0000000090500000, 0x0000000090500000|100%| O|  |TAMS 0x0000000090500000| PB 0x0000000090400000| Updating 
| 261|0x0000000090500000, 0x0000000090600000, 0x0000000090600000|100%| O|  |TAMS 0x0000000090600000| PB 0x0000000090500000| Untracked 
| 262|0x0000000090600000, 0x0000000090700000, 0x0000000090700000|100%| O|  |TAMS 0x0000000090700000| PB 0x0000000090600000| Updating 
| 263|0x0000000090700000, 0x0000000090800000, 0x0000000090800000|100%| O|  |TAMS 0x0000000090800000| PB 0x0000000090700000| Updating 
| 264|0x0000000090800000, 0x0000000090900000, 0x0000000090900000|100%| O|  |TAMS 0x0000000090900000| PB 0x0000000090800000| Updating 
| 265|0x0000000090900000, 0x0000000090a00000, 0x0000000090a00000|100%| O|  |TAMS 0x0000000090a00000| PB 0x0000000090900000| Updating 
| 266|0x0000000090a00000, 0x0000000090b00000, 0x0000000090b00000|100%| O|  |TAMS 0x0000000090b00000| PB 0x0000000090a00000| Untracked 
| 267|0x0000000090b00000, 0x0000000090c00000, 0x0000000090c00000|100%| O|  |TAMS 0x0000000090c00000| PB 0x0000000090b00000| Untracked 
| 268|0x0000000090c00000, 0x0000000090d00000, 0x0000000090d00000|100%| O|  |TAMS 0x0000000090d00000| PB 0x0000000090c00000| Untracked 
| 269|0x0000000090d00000, 0x0000000090e00000, 0x0000000090e00000|100%| O|  |TAMS 0x0000000090e00000| PB 0x0000000090d00000| Untracked 
| 270|0x0000000090e00000, 0x0000000090f00000, 0x0000000090f00000|100%| O|  |TAMS 0x0000000090f00000| PB 0x0000000090e00000| Updating 
| 271|0x0000000090f00000, 0x0000000091000000, 0x0000000091000000|100%| O|  |TAMS 0x0000000091000000| PB 0x0000000090f00000| Untracked 
| 272|0x0000000091000000, 0x0000000091100000, 0x0000000091100000|100%| O|  |TAMS 0x0000000091100000| PB 0x0000000091000000| Untracked 
| 273|0x0000000091100000, 0x0000000091200000, 0x0000000091200000|100%| O|  |TAMS 0x0000000091200000| PB 0x0000000091100000| Untracked 
| 274|0x0000000091200000, 0x0000000091300000, 0x0000000091300000|100%| O|  |TAMS 0x0000000091300000| PB 0x0000000091200000| Updating 
| 275|0x0000000091300000, 0x0000000091400000, 0x0000000091400000|100%| O|  |TAMS 0x0000000091400000| PB 0x0000000091300000| Untracked 
| 276|0x0000000091400000, 0x0000000091500000, 0x0000000091500000|100%| O|  |TAMS 0x0000000091500000| PB 0x0000000091400000| Untracked 
| 277|0x0000000091500000, 0x0000000091500000, 0x0000000091600000|  0%| F|  |TAMS 0x0000000091500000| PB 0x0000000091500000| Untracked 
| 278|0x0000000091600000, 0x0000000091700000, 0x0000000091700000|100%| O|  |TAMS 0x0000000091700000| PB 0x0000000091600000| Untracked 
| 279|0x0000000091700000, 0x0000000091800000, 0x0000000091800000|100%| O|  |TAMS 0x0000000091800000| PB 0x0000000091700000| Untracked 
| 280|0x0000000091800000, 0x0000000091900000, 0x0000000091900000|100%| O|  |TAMS 0x0000000091900000| PB 0x0000000091800000| Untracked 
| 281|0x0000000091900000, 0x0000000091a00000, 0x0000000091a00000|100%| O|  |TAMS 0x0000000091a00000| PB 0x0000000091900000| Untracked 
| 282|0x0000000091a00000, 0x0000000091b00000, 0x0000000091b00000|100%| O|  |TAMS 0x0000000091b00000| PB 0x0000000091a00000| Updating 
| 283|0x0000000091b00000, 0x0000000091c00000, 0x0000000091c00000|100%| O|  |TAMS 0x0000000091c00000| PB 0x0000000091b00000| Untracked 
| 284|0x0000000091c00000, 0x0000000091d00000, 0x0000000091d00000|100%| O|  |TAMS 0x0000000091d00000| PB 0x0000000091c00000| Untracked 
| 285|0x0000000091d00000, 0x0000000091e00000, 0x0000000091e00000|100%| O|  |TAMS 0x0000000091e00000| PB 0x0000000091d00000| Untracked 
| 286|0x0000000091e00000, 0x0000000091f00000, 0x0000000091f00000|100%| O|  |TAMS 0x0000000091f00000| PB 0x0000000091e00000| Untracked 
| 287|0x0000000091f00000, 0x0000000092000000, 0x0000000092000000|100%| O|  |TAMS 0x0000000092000000| PB 0x0000000091f00000| Untracked 
| 288|0x0000000092000000, 0x0000000092000000, 0x0000000092100000|  0%| F|  |TAMS 0x0000000092000000| PB 0x0000000092000000| Untracked 
| 289|0x0000000092100000, 0x0000000092200000, 0x0000000092200000|100%| O|  |TAMS 0x0000000092200000| PB 0x0000000092100000| Untracked 
| 290|0x0000000092200000, 0x0000000092300000, 0x0000000092300000|100%| O|  |TAMS 0x0000000092300000| PB 0x0000000092200000| Untracked 
| 291|0x0000000092300000, 0x0000000092400000, 0x0000000092400000|100%| O|  |TAMS 0x0000000092400000| PB 0x0000000092300000| Untracked 
| 292|0x0000000092400000, 0x0000000092500000, 0x0000000092500000|100%| O|  |TAMS 0x0000000092500000| PB 0x0000000092400000| Untracked 
| 293|0x0000000092500000, 0x0000000092600000, 0x0000000092600000|100%| O|  |TAMS 0x0000000092600000| PB 0x0000000092500000| Updating 
| 294|0x0000000092600000, 0x0000000092700000, 0x0000000092700000|100%| O|  |TAMS 0x0000000092700000| PB 0x0000000092600000| Untracked 
| 295|0x0000000092700000, 0x0000000092800000, 0x0000000092800000|100%| O|  |TAMS 0x0000000092800000| PB 0x0000000092700000| Untracked 
| 296|0x0000000092800000, 0x0000000092900000, 0x0000000092900000|100%| O|  |TAMS 0x0000000092900000| PB 0x0000000092800000| Updating 
| 297|0x0000000092900000, 0x0000000092a00000, 0x0000000092a00000|100%| O|  |TAMS 0x0000000092a00000| PB 0x0000000092900000| Untracked 
| 298|0x0000000092a00000, 0x0000000092b00000, 0x0000000092b00000|100%| O|  |TAMS 0x0000000092b00000| PB 0x0000000092a00000| Untracked 
| 299|0x0000000092b00000, 0x0000000092c00000, 0x0000000092c00000|100%| O|  |TAMS 0x0000000092c00000| PB 0x0000000092b00000| Updating 
| 300|0x0000000092c00000, 0x0000000092d00000, 0x0000000092d00000|100%| O|  |TAMS 0x0000000092d00000| PB 0x0000000092c00000| Untracked 
| 301|0x0000000092d00000, 0x0000000092e00000, 0x0000000092e00000|100%| O|  |TAMS 0x0000000092e00000| PB 0x0000000092d00000| Updating 
| 302|0x0000000092e00000, 0x0000000092f00000, 0x0000000092f00000|100%| O|  |TAMS 0x0000000092f00000| PB 0x0000000092e00000| Updating 
| 303|0x0000000092f00000, 0x0000000093000000, 0x0000000093000000|100%| O|  |TAMS 0x0000000093000000| PB 0x0000000092f00000| Updating 
| 304|0x0000000093000000, 0x0000000093100000, 0x0000000093100000|100%| O|  |TAMS 0x0000000093100000| PB 0x0000000093000000| Untracked 
| 305|0x0000000093100000, 0x0000000093200000, 0x0000000093200000|100%| O|  |TAMS 0x0000000093200000| PB 0x0000000093100000| Untracked 
| 306|0x0000000093200000, 0x0000000093300000, 0x0000000093300000|100%| O|  |TAMS 0x0000000093300000| PB 0x0000000093200000| Untracked 
| 307|0x0000000093300000, 0x0000000093400000, 0x0000000093400000|100%| O|  |TAMS 0x0000000093400000| PB 0x0000000093300000| Untracked 
| 308|0x0000000093400000, 0x0000000093500000, 0x0000000093500000|100%| O|  |TAMS 0x0000000093500000| PB 0x0000000093400000| Untracked 
| 309|0x0000000093500000, 0x0000000093600000, 0x0000000093600000|100%| O|  |TAMS 0x0000000093600000| PB 0x0000000093500000| Untracked 
| 310|0x0000000093600000, 0x0000000093700000, 0x0000000093700000|100%| O|  |TAMS 0x0000000093700000| PB 0x0000000093600000| Untracked 
| 311|0x0000000093700000, 0x0000000093800000, 0x0000000093800000|100%| O|  |TAMS 0x0000000093800000| PB 0x0000000093700000| Untracked 
| 312|0x0000000093800000, 0x0000000093900000, 0x0000000093900000|100%| O|  |TAMS 0x0000000093900000| PB 0x0000000093800000| Untracked 
| 313|0x0000000093900000, 0x0000000093a00000, 0x0000000093a00000|100%| O|  |TAMS 0x0000000093a00000| PB 0x0000000093900000| Untracked 
| 314|0x0000000093a00000, 0x0000000093b00000, 0x0000000093b00000|100%| O|  |TAMS 0x0000000093b00000| PB 0x0000000093a00000| Updating 
| 315|0x0000000093b00000, 0x0000000093c00000, 0x0000000093c00000|100%| O|  |TAMS 0x0000000093c00000| PB 0x0000000093b00000| Updating 
| 316|0x0000000093c00000, 0x0000000093c00000, 0x0000000093d00000|  0%| F|  |TAMS 0x0000000093c00000| PB 0x0000000093c00000| Untracked 
| 317|0x0000000093d00000, 0x0000000093e00000, 0x0000000093e00000|100%| O|  |TAMS 0x0000000093e00000| PB 0x0000000093d00000| Untracked 
| 318|0x0000000093e00000, 0x0000000093f00000, 0x0000000093f00000|100%| O|  |TAMS 0x0000000093f00000| PB 0x0000000093e00000| Untracked 
| 319|0x0000000093f00000, 0x0000000093f48900, 0x0000000094000000| 28%| O|  |TAMS 0x0000000093f48900| PB 0x0000000093f00000| Updating 
| 320|0x0000000094000000, 0x0000000094100000, 0x0000000094100000|100%| O|  |TAMS 0x0000000094100000| PB 0x0000000094000000| Updating 
| 321|0x0000000094100000, 0x0000000094200000, 0x0000000094200000|100%| O|  |TAMS 0x0000000094200000| PB 0x0000000094200000| Untracked 
| 322|0x0000000094200000, 0x0000000094300000, 0x0000000094300000|100%| O|  |TAMS 0x0000000094300000| PB 0x0000000094200000| Untracked 
| 323|0x0000000094300000, 0x0000000094400000, 0x0000000094400000|100%| O|  |TAMS 0x0000000094400000| PB 0x0000000094300000| Updating 
| 324|0x0000000094400000, 0x0000000094500000, 0x0000000094500000|100%| O|  |TAMS 0x0000000094500000| PB 0x0000000094400000| Updating 
| 325|0x0000000094500000, 0x0000000094600000, 0x0000000094600000|100%| O|  |TAMS 0x0000000094600000| PB 0x0000000094500000| Untracked 
| 326|0x0000000094600000, 0x0000000094700000, 0x0000000094700000|100%| O|  |TAMS 0x0000000094700000| PB 0x0000000094600000| Untracked 
| 327|0x0000000094700000, 0x0000000094800000, 0x0000000094800000|100%| O|  |TAMS 0x0000000094800000| PB 0x0000000094700000| Untracked 
| 328|0x0000000094800000, 0x0000000094900000, 0x0000000094900000|100%| O|  |TAMS 0x0000000094900000| PB 0x0000000094800000| Updating 
| 329|0x0000000094900000, 0x0000000094a00000, 0x0000000094a00000|100%| O|  |TAMS 0x0000000094a00000| PB 0x0000000094900000| Untracked 
| 330|0x0000000094a00000, 0x0000000094b00000, 0x0000000094b00000|100%| O|  |TAMS 0x0000000094b00000| PB 0x0000000094a00000| Untracked 
| 331|0x0000000094b00000, 0x0000000094c00000, 0x0000000094c00000|100%| O|  |TAMS 0x0000000094c00000| PB 0x0000000094b00000| Updating 
| 332|0x0000000094c00000, 0x0000000094d00000, 0x0000000094d00000|100%| O|  |TAMS 0x0000000094d00000| PB 0x0000000094d00000| Updating 
| 333|0x0000000094d00000, 0x0000000094e00000, 0x0000000094e00000|100%| O|  |TAMS 0x0000000094e00000| PB 0x0000000094e00000| Updating 
| 334|0x0000000094e00000, 0x0000000094f00000, 0x0000000094f00000|100%| O|  |TAMS 0x0000000094f00000| PB 0x0000000094f00000| Untracked 
| 335|0x0000000094f00000, 0x0000000095000000, 0x0000000095000000|100%| O|  |TAMS 0x0000000095000000| PB 0x0000000095000000| Updating 
| 336|0x0000000095000000, 0x0000000095100000, 0x0000000095100000|100%| O|  |TAMS 0x0000000095100000| PB 0x0000000095100000| Untracked 
| 337|0x0000000095100000, 0x0000000095200000, 0x0000000095200000|100%| O|  |TAMS 0x0000000095200000| PB 0x0000000095200000| Untracked 
| 338|0x0000000095200000, 0x0000000095300000, 0x0000000095300000|100%| O|  |TAMS 0x0000000095300000| PB 0x0000000095300000| Untracked 
| 339|0x0000000095300000, 0x0000000095400000, 0x0000000095400000|100%| O|  |TAMS 0x0000000095400000| PB 0x0000000095400000| Untracked 
| 340|0x0000000095400000, 0x0000000095500000, 0x0000000095500000|100%| O|  |TAMS 0x0000000095500000| PB 0x0000000095500000| Untracked 
| 341|0x0000000095500000, 0x0000000095600000, 0x0000000095600000|100%| O|  |TAMS 0x0000000095600000| PB 0x0000000095600000| Untracked 
| 342|0x0000000095600000, 0x0000000095700000, 0x0000000095700000|100%| O|  |TAMS 0x0000000095700000| PB 0x0000000095700000| Untracked 
| 343|0x0000000095700000, 0x0000000095800000, 0x0000000095800000|100%| O|  |TAMS 0x0000000095800000| PB 0x0000000095800000| Untracked 
| 344|0x0000000095800000, 0x0000000095900000, 0x0000000095900000|100%| O|  |TAMS 0x0000000095900000| PB 0x0000000095900000| Untracked 
| 345|0x0000000095900000, 0x0000000095a00000, 0x0000000095a00000|100%| O|  |TAMS 0x0000000095a00000| PB 0x0000000095a00000| Untracked 
| 346|0x0000000095a00000, 0x0000000095b00000, 0x0000000095b00000|100%| O|  |TAMS 0x0000000095b00000| PB 0x0000000095b00000| Updating 
| 347|0x0000000095b00000, 0x0000000095c00000, 0x0000000095c00000|100%| O|  |TAMS 0x0000000095c00000| PB 0x0000000095c00000| Untracked 
| 348|0x0000000095c00000, 0x0000000095d00000, 0x0000000095d00000|100%| O|  |TAMS 0x0000000095d00000| PB 0x0000000095d00000| Untracked 
| 349|0x0000000095d00000, 0x0000000095e00000, 0x0000000095e00000|100%| O|  |TAMS 0x0000000095e00000| PB 0x0000000095e00000| Updating 
| 350|0x0000000095e00000, 0x0000000095e00000, 0x0000000095f00000|  0%| F|  |TAMS 0x0000000095e00000| PB 0x0000000095e00000| Untracked 
| 351|0x0000000095f00000, 0x0000000096000000, 0x0000000096000000|100%| O|  |TAMS 0x0000000096000000| PB 0x0000000096000000| Updating 
| 352|0x0000000096000000, 0x0000000096000000, 0x0000000096100000|  0%| F|  |TAMS 0x0000000096000000| PB 0x0000000096000000| Untracked 
| 353|0x0000000096100000, 0x0000000096100000, 0x0000000096200000|  0%| F|  |TAMS 0x0000000096100000| PB 0x0000000096100000| Untracked 
| 354|0x0000000096200000, 0x0000000096200000, 0x0000000096300000|  0%| F|  |TAMS 0x0000000096200000| PB 0x0000000096200000| Untracked 
| 355|0x0000000096300000, 0x0000000096400000, 0x0000000096400000|100%| O|  |TAMS 0x0000000096400000| PB 0x0000000096400000| Untracked 
| 356|0x0000000096400000, 0x0000000096500000, 0x0000000096500000|100%| O|  |TAMS 0x0000000096500000| PB 0x0000000096500000| Untracked 
| 357|0x0000000096500000, 0x0000000096600000, 0x0000000096600000|100%| O|  |TAMS 0x0000000096600000| PB 0x0000000096600000| Untracked 
| 358|0x0000000096600000, 0x0000000096700000, 0x0000000096700000|100%| O|  |TAMS 0x0000000096700000| PB 0x0000000096700000| Untracked 
| 359|0x0000000096700000, 0x0000000096800000, 0x0000000096800000|100%| O|  |TAMS 0x0000000096800000| PB 0x0000000096800000| Untracked 
| 360|0x0000000096800000, 0x0000000096900000, 0x0000000096900000|100%| O|  |TAMS 0x0000000096900000| PB 0x0000000096900000| Untracked 
| 361|0x0000000096900000, 0x0000000096a00000, 0x0000000096a00000|100%| O|  |TAMS 0x0000000096a00000| PB 0x0000000096a00000| Untracked 
| 362|0x0000000096a00000, 0x0000000096b00000, 0x0000000096b00000|100%| O|  |TAMS 0x0000000096b00000| PB 0x0000000096b00000| Untracked 
| 363|0x0000000096b00000, 0x0000000096c00000, 0x0000000096c00000|100%| O|  |TAMS 0x0000000096c00000| PB 0x0000000096c00000| Untracked 
| 364|0x0000000096c00000, 0x0000000096d00000, 0x0000000096d00000|100%| O|  |TAMS 0x0000000096d00000| PB 0x0000000096d00000| Untracked 
| 365|0x0000000096d00000, 0x0000000096e00000, 0x0000000096e00000|100%| O|  |TAMS 0x0000000096e00000| PB 0x0000000096e00000| Untracked 
| 366|0x0000000096e00000, 0x0000000096f00000, 0x0000000096f00000|100%| O|  |TAMS 0x0000000096f00000| PB 0x0000000096f00000| Untracked 
| 367|0x0000000096f00000, 0x0000000097000000, 0x0000000097000000|100%| O|  |TAMS 0x0000000097000000| PB 0x0000000097000000| Untracked 
| 368|0x0000000097000000, 0x0000000097100000, 0x0000000097100000|100%| O|  |TAMS 0x0000000097100000| PB 0x0000000097100000| Untracked 
| 369|0x0000000097100000, 0x0000000097200000, 0x0000000097200000|100%| O|  |TAMS 0x0000000097200000| PB 0x0000000097200000| Untracked 
| 370|0x0000000097200000, 0x0000000097300000, 0x0000000097300000|100%| O|  |TAMS 0x0000000097300000| PB 0x0000000097300000| Untracked 
| 371|0x0000000097300000, 0x0000000097400000, 0x0000000097400000|100%| O|  |TAMS 0x0000000097400000| PB 0x0000000097400000| Untracked 
| 372|0x0000000097400000, 0x0000000097500000, 0x0000000097500000|100%| O|  |TAMS 0x0000000097500000| PB 0x0000000097500000| Untracked 
| 373|0x0000000097500000, 0x0000000097600000, 0x0000000097600000|100%| O|  |TAMS 0x0000000097600000| PB 0x0000000097600000| Untracked 
| 374|0x0000000097600000, 0x0000000097700000, 0x0000000097700000|100%| O|  |TAMS 0x0000000097700000| PB 0x0000000097700000| Untracked 
| 375|0x0000000097700000, 0x0000000097800000, 0x0000000097800000|100%| O|  |TAMS 0x0000000097800000| PB 0x0000000097800000| Untracked 
| 376|0x0000000097800000, 0x0000000097900000, 0x0000000097900000|100%| O|  |TAMS 0x0000000097900000| PB 0x0000000097900000| Untracked 
| 377|0x0000000097900000, 0x0000000097a00000, 0x0000000097a00000|100%| O|  |TAMS 0x0000000097a00000| PB 0x0000000097a00000| Untracked 
| 378|0x0000000097a00000, 0x0000000097b00000, 0x0000000097b00000|100%| O|  |TAMS 0x0000000097b00000| PB 0x0000000097b00000| Untracked 
| 379|0x0000000097b00000, 0x0000000097c00000, 0x0000000097c00000|100%| O|  |TAMS 0x0000000097c00000| PB 0x0000000097c00000| Untracked 
| 380|0x0000000097c00000, 0x0000000097d00000, 0x0000000097d00000|100%| O|  |TAMS 0x0000000097d00000| PB 0x0000000097d00000| Untracked 
| 381|0x0000000097d00000, 0x0000000097e00000, 0x0000000097e00000|100%| O|  |TAMS 0x0000000097e00000| PB 0x0000000097e00000| Untracked 
| 382|0x0000000097e00000, 0x0000000097f00000, 0x0000000097f00000|100%| O|  |TAMS 0x0000000097f00000| PB 0x0000000097f00000| Untracked 
| 383|0x0000000097f00000, 0x0000000098000000, 0x0000000098000000|100%| O|  |TAMS 0x0000000098000000| PB 0x0000000098000000| Untracked 
| 384|0x0000000098000000, 0x0000000098000000, 0x0000000098100000|  0%| F|  |TAMS 0x0000000098000000| PB 0x0000000098000000| Untracked 
| 385|0x0000000098100000, 0x0000000098100000, 0x0000000098200000|  0%| F|  |TAMS 0x0000000098100000| PB 0x0000000098100000| Untracked 
| 386|0x0000000098200000, 0x0000000098200000, 0x0000000098300000|  0%| F|  |TAMS 0x0000000098200000| PB 0x0000000098200000| Untracked 
| 387|0x0000000098300000, 0x0000000098300000, 0x0000000098400000|  0%| F|  |TAMS 0x0000000098300000| PB 0x0000000098300000| Untracked 
| 388|0x0000000098400000, 0x0000000098400000, 0x0000000098500000|  0%| F|  |TAMS 0x0000000098400000| PB 0x0000000098400000| Untracked 
| 389|0x0000000098500000, 0x0000000098500000, 0x0000000098600000|  0%| F|  |TAMS 0x0000000098500000| PB 0x0000000098500000| Untracked 
| 390|0x0000000098600000, 0x0000000098700000, 0x0000000098700000|100%| O|  |TAMS 0x0000000098700000| PB 0x0000000098700000| Updating 
| 391|0x0000000098700000, 0x0000000098800000, 0x0000000098800000|100%| O|  |TAMS 0x0000000098800000| PB 0x0000000098800000| Updating 
| 392|0x0000000098800000, 0x0000000098900000, 0x0000000098900000|100%| O|  |TAMS 0x0000000098900000| PB 0x0000000098900000| Updating 
| 393|0x0000000098900000, 0x0000000098900000, 0x0000000098a00000|  0%| F|  |TAMS 0x0000000098900000| PB 0x0000000098900000| Untracked 
| 394|0x0000000098a00000, 0x0000000098a00000, 0x0000000098b00000|  0%| F|  |TAMS 0x0000000098a00000| PB 0x0000000098a00000| Untracked 
| 395|0x0000000098b00000, 0x0000000098b00000, 0x0000000098c00000|  0%| F|  |TAMS 0x0000000098b00000| PB 0x0000000098b00000| Untracked 
| 396|0x0000000098c00000, 0x0000000098c00000, 0x0000000098d00000|  0%| F|  |TAMS 0x0000000098c00000| PB 0x0000000098c00000| Untracked 
| 397|0x0000000098d00000, 0x0000000098dd0420, 0x0000000098e00000| 81%| S|CS|TAMS 0x0000000098d00000| PB 0x0000000098d00000| Complete 
| 398|0x0000000098e00000, 0x0000000098e00000, 0x0000000098f00000|  0%| F|  |TAMS 0x0000000098e00000| PB 0x0000000098e00000| Untracked 
| 399|0x0000000098f00000, 0x0000000098f00000, 0x0000000099000000|  0%| F|  |TAMS 0x0000000098f00000| PB 0x0000000098f00000| Untracked 
| 400|0x0000000099000000, 0x0000000099000000, 0x0000000099100000|  0%| F|  |TAMS 0x0000000099000000| PB 0x0000000099000000| Untracked 
| 401|0x0000000099100000, 0x0000000099100000, 0x0000000099200000|  0%| F|  |TAMS 0x0000000099100000| PB 0x0000000099100000| Untracked 
| 402|0x0000000099200000, 0x0000000099200000, 0x0000000099300000|  0%| F|  |TAMS 0x0000000099200000| PB 0x0000000099200000| Untracked 
| 403|0x0000000099300000, 0x0000000099300000, 0x0000000099400000|  0%| F|  |TAMS 0x0000000099300000| PB 0x0000000099300000| Untracked 
| 404|0x0000000099400000, 0x0000000099400000, 0x0000000099500000|  0%| F|  |TAMS 0x0000000099400000| PB 0x0000000099400000| Untracked 
| 405|0x0000000099500000, 0x0000000099500000, 0x0000000099600000|  0%| F|  |TAMS 0x0000000099500000| PB 0x0000000099500000| Untracked 
| 406|0x0000000099600000, 0x0000000099600000, 0x0000000099700000|  0%| F|  |TAMS 0x0000000099600000| PB 0x0000000099600000| Untracked 
| 407|0x0000000099700000, 0x0000000099700000, 0x0000000099800000|  0%| F|  |TAMS 0x0000000099700000| PB 0x0000000099700000| Untracked 
| 408|0x0000000099800000, 0x0000000099800000, 0x0000000099900000|  0%| F|  |TAMS 0x0000000099800000| PB 0x0000000099800000| Untracked 
| 409|0x0000000099900000, 0x0000000099900000, 0x0000000099a00000|  0%| F|  |TAMS 0x0000000099900000| PB 0x0000000099900000| Untracked 
| 410|0x0000000099a00000, 0x0000000099a00000, 0x0000000099b00000|  0%| F|  |TAMS 0x0000000099a00000| PB 0x0000000099a00000| Untracked 
| 411|0x0000000099b00000, 0x0000000099b00000, 0x0000000099c00000|  0%| F|  |TAMS 0x0000000099b00000| PB 0x0000000099b00000| Untracked 
| 412|0x0000000099c00000, 0x0000000099c00000, 0x0000000099d00000|  0%| F|  |TAMS 0x0000000099c00000| PB 0x0000000099c00000| Untracked 
| 413|0x0000000099d00000, 0x0000000099e00000, 0x0000000099e00000|100%| S|CS|TAMS 0x0000000099d00000| PB 0x0000000099d00000| Complete 
| 414|0x0000000099e00000, 0x0000000099f00000, 0x0000000099f00000|100%| S|CS|TAMS 0x0000000099e00000| PB 0x0000000099e00000| Complete 
| 415|0x0000000099f00000, 0x000000009a000000, 0x000000009a000000|100%| S|CS|TAMS 0x0000000099f00000| PB 0x0000000099f00000| Complete 
| 416|0x000000009a000000, 0x000000009a100000, 0x000000009a100000|100%| S|CS|TAMS 0x000000009a000000| PB 0x000000009a000000| Complete 
| 417|0x000000009a100000, 0x000000009a200000, 0x000000009a200000|100%| S|CS|TAMS 0x000000009a100000| PB 0x000000009a100000| Complete 
| 418|0x000000009a200000, 0x000000009a300000, 0x000000009a300000|100%| S|CS|TAMS 0x000000009a200000| PB 0x000000009a200000| Complete 
| 419|0x000000009a300000, 0x000000009a400000, 0x000000009a400000|100%| S|CS|TAMS 0x000000009a300000| PB 0x000000009a300000| Complete 
| 420|0x000000009a400000, 0x000000009a500000, 0x000000009a500000|100%| S|CS|TAMS 0x000000009a400000| PB 0x000000009a400000| Complete 
| 421|0x000000009a500000, 0x000000009a600000, 0x000000009a600000|100%| S|CS|TAMS 0x000000009a500000| PB 0x000000009a500000| Complete 
| 422|0x000000009a600000, 0x000000009a700000, 0x000000009a700000|100%| S|CS|TAMS 0x000000009a600000| PB 0x000000009a600000| Complete 
| 423|0x000000009a700000, 0x000000009a800000, 0x000000009a800000|100%| S|CS|TAMS 0x000000009a700000| PB 0x000000009a700000| Complete 
| 424|0x000000009a800000, 0x000000009a900000, 0x000000009a900000|100%| S|CS|TAMS 0x000000009a800000| PB 0x000000009a800000| Complete 
| 425|0x000000009a900000, 0x000000009aa00000, 0x000000009aa00000|100%| S|CS|TAMS 0x000000009a900000| PB 0x000000009a900000| Complete 
| 426|0x000000009aa00000, 0x000000009ab00000, 0x000000009ab00000|100%| S|CS|TAMS 0x000000009aa00000| PB 0x000000009aa00000| Complete 
| 427|0x000000009ab00000, 0x000000009ac00000, 0x000000009ac00000|100%| S|CS|TAMS 0x000000009ab00000| PB 0x000000009ab00000| Complete 
| 428|0x000000009ac00000, 0x000000009ac00000, 0x000000009ad00000|  0%| F|  |TAMS 0x000000009ac00000| PB 0x000000009ac00000| Untracked 
| 429|0x000000009ad00000, 0x000000009ad00000, 0x000000009ae00000|  0%| F|  |TAMS 0x000000009ad00000| PB 0x000000009ad00000| Untracked 
| 430|0x000000009ae00000, 0x000000009ae00000, 0x000000009af00000|  0%| F|  |TAMS 0x000000009ae00000| PB 0x000000009ae00000| Untracked 
| 431|0x000000009af00000, 0x000000009af00000, 0x000000009b000000|  0%| F|  |TAMS 0x000000009af00000| PB 0x000000009af00000| Untracked 
| 432|0x000000009b000000, 0x000000009b000000, 0x000000009b100000|  0%| F|  |TAMS 0x000000009b000000| PB 0x000000009b000000| Untracked 
| 433|0x000000009b100000, 0x000000009b100000, 0x000000009b200000|  0%| F|  |TAMS 0x000000009b100000| PB 0x000000009b100000| Untracked 
| 434|0x000000009b200000, 0x000000009b200000, 0x000000009b300000|  0%| F|  |TAMS 0x000000009b200000| PB 0x000000009b200000| Untracked 
| 435|0x000000009b300000, 0x000000009b300000, 0x000000009b400000|  0%| F|  |TAMS 0x000000009b300000| PB 0x000000009b300000| Untracked 
| 436|0x000000009b400000, 0x000000009b400000, 0x000000009b500000|  0%| F|  |TAMS 0x000000009b400000| PB 0x000000009b400000| Untracked 
| 437|0x000000009b500000, 0x000000009b500000, 0x000000009b600000|  0%| F|  |TAMS 0x000000009b500000| PB 0x000000009b500000| Untracked 
| 438|0x000000009b600000, 0x000000009b600000, 0x000000009b700000|  0%| F|  |TAMS 0x000000009b600000| PB 0x000000009b600000| Untracked 
| 439|0x000000009b700000, 0x000000009b700000, 0x000000009b800000|  0%| F|  |TAMS 0x000000009b700000| PB 0x000000009b700000| Untracked 
| 440|0x000000009b800000, 0x000000009b800000, 0x000000009b900000|  0%| F|  |TAMS 0x000000009b800000| PB 0x000000009b800000| Untracked 
| 441|0x000000009b900000, 0x000000009b900000, 0x000000009ba00000|  0%| F|  |TAMS 0x000000009b900000| PB 0x000000009b900000| Untracked 
| 442|0x000000009ba00000, 0x000000009ba00000, 0x000000009bb00000|  0%| F|  |TAMS 0x000000009ba00000| PB 0x000000009ba00000| Untracked 
| 443|0x000000009bb00000, 0x000000009bb00000, 0x000000009bc00000|  0%| F|  |TAMS 0x000000009bb00000| PB 0x000000009bb00000| Untracked 
| 444|0x000000009bc00000, 0x000000009bc00000, 0x000000009bd00000|  0%| F|  |TAMS 0x000000009bc00000| PB 0x000000009bc00000| Untracked 
| 445|0x000000009bd00000, 0x000000009bd00000, 0x000000009be00000|  0%| F|  |TAMS 0x000000009bd00000| PB 0x000000009bd00000| Untracked 
| 446|0x000000009be00000, 0x000000009be00000, 0x000000009bf00000|  0%| F|  |TAMS 0x000000009be00000| PB 0x000000009be00000| Untracked 
| 447|0x000000009bf00000, 0x000000009bf00000, 0x000000009c000000|  0%| F|  |TAMS 0x000000009bf00000| PB 0x000000009bf00000| Untracked 
| 448|0x000000009c000000, 0x000000009c000000, 0x000000009c100000|  0%| F|  |TAMS 0x000000009c000000| PB 0x000000009c000000| Untracked 
| 449|0x000000009c100000, 0x000000009c100000, 0x000000009c200000|  0%| F|  |TAMS 0x000000009c100000| PB 0x000000009c100000| Untracked 
| 450|0x000000009c200000, 0x000000009c200000, 0x000000009c300000|  0%| F|  |TAMS 0x000000009c200000| PB 0x000000009c200000| Untracked 
| 451|0x000000009c300000, 0x000000009c300000, 0x000000009c400000|  0%| F|  |TAMS 0x000000009c300000| PB 0x000000009c300000| Untracked 
| 452|0x000000009c400000, 0x000000009c400000, 0x000000009c500000|  0%| F|  |TAMS 0x000000009c400000| PB 0x000000009c400000| Untracked 
| 453|0x000000009c500000, 0x000000009c500000, 0x000000009c600000|  0%| F|  |TAMS 0x000000009c500000| PB 0x000000009c500000| Untracked 
| 454|0x000000009c600000, 0x000000009c600000, 0x000000009c700000|  0%| F|  |TAMS 0x000000009c600000| PB 0x000000009c600000| Untracked 
| 455|0x000000009c700000, 0x000000009c700000, 0x000000009c800000|  0%| F|  |TAMS 0x000000009c700000| PB 0x000000009c700000| Untracked 
| 456|0x000000009c800000, 0x000000009c800000, 0x000000009c900000|  0%| F|  |TAMS 0x000000009c800000| PB 0x000000009c800000| Untracked 
| 457|0x000000009c900000, 0x000000009c900000, 0x000000009ca00000|  0%| F|  |TAMS 0x000000009c900000| PB 0x000000009c900000| Untracked 
| 458|0x000000009ca00000, 0x000000009ca00000, 0x000000009cb00000|  0%| F|  |TAMS 0x000000009ca00000| PB 0x000000009ca00000| Untracked 
| 459|0x000000009cb00000, 0x000000009cb00000, 0x000000009cc00000|  0%| F|  |TAMS 0x000000009cb00000| PB 0x000000009cb00000| Untracked 
| 460|0x000000009cc00000, 0x000000009cc00000, 0x000000009cd00000|  0%| F|  |TAMS 0x000000009cc00000| PB 0x000000009cc00000| Untracked 
| 461|0x000000009cd00000, 0x000000009cd00000, 0x000000009ce00000|  0%| F|  |TAMS 0x000000009cd00000| PB 0x000000009cd00000| Untracked 
| 462|0x000000009ce00000, 0x000000009ce00000, 0x000000009cf00000|  0%| F|  |TAMS 0x000000009ce00000| PB 0x000000009ce00000| Untracked 
| 463|0x000000009cf00000, 0x000000009cf00000, 0x000000009d000000|  0%| F|  |TAMS 0x000000009cf00000| PB 0x000000009cf00000| Untracked 
| 464|0x000000009d000000, 0x000000009d000000, 0x000000009d100000|  0%| F|  |TAMS 0x000000009d000000| PB 0x000000009d000000| Untracked 
| 465|0x000000009d100000, 0x000000009d100000, 0x000000009d200000|  0%| F|  |TAMS 0x000000009d100000| PB 0x000000009d100000| Untracked 
| 466|0x000000009d200000, 0x000000009d200000, 0x000000009d300000|  0%| F|  |TAMS 0x000000009d200000| PB 0x000000009d200000| Untracked 
| 467|0x000000009d300000, 0x000000009d300000, 0x000000009d400000|  0%| F|  |TAMS 0x000000009d300000| PB 0x000000009d300000| Untracked 
| 468|0x000000009d400000, 0x000000009d400000, 0x000000009d500000|  0%| F|  |TAMS 0x000000009d400000| PB 0x000000009d400000| Untracked 
| 469|0x000000009d500000, 0x000000009d500000, 0x000000009d600000|  0%| F|  |TAMS 0x000000009d500000| PB 0x000000009d500000| Untracked 
| 470|0x000000009d600000, 0x000000009d600000, 0x000000009d700000|  0%| F|  |TAMS 0x000000009d600000| PB 0x000000009d600000| Untracked 
| 471|0x000000009d700000, 0x000000009d700000, 0x000000009d800000|  0%| F|  |TAMS 0x000000009d700000| PB 0x000000009d700000| Untracked 
| 472|0x000000009d800000, 0x000000009d800000, 0x000000009d900000|  0%| F|  |TAMS 0x000000009d800000| PB 0x000000009d800000| Untracked 
| 473|0x000000009d900000, 0x000000009d900000, 0x000000009da00000|  0%| F|  |TAMS 0x000000009d900000| PB 0x000000009d900000| Untracked 
| 474|0x000000009da00000, 0x000000009da00000, 0x000000009db00000|  0%| F|  |TAMS 0x000000009da00000| PB 0x000000009da00000| Untracked 
| 475|0x000000009db00000, 0x000000009db00000, 0x000000009dc00000|  0%| F|  |TAMS 0x000000009db00000| PB 0x000000009db00000| Untracked 
| 476|0x000000009dc00000, 0x000000009dc00000, 0x000000009dd00000|  0%| F|  |TAMS 0x000000009dc00000| PB 0x000000009dc00000| Untracked 
| 477|0x000000009dd00000, 0x000000009dd00000, 0x000000009de00000|  0%| F|  |TAMS 0x000000009dd00000| PB 0x000000009dd00000| Untracked 
| 478|0x000000009de00000, 0x000000009de00000, 0x000000009df00000|  0%| F|  |TAMS 0x000000009de00000| PB 0x000000009de00000| Untracked 
| 479|0x000000009df00000, 0x000000009df00000, 0x000000009e000000|  0%| F|  |TAMS 0x000000009df00000| PB 0x000000009df00000| Untracked 
| 480|0x000000009e000000, 0x000000009e000000, 0x000000009e100000|  0%| F|  |TAMS 0x000000009e000000| PB 0x000000009e000000| Untracked 
| 481|0x000000009e100000, 0x000000009e100000, 0x000000009e200000|  0%| F|  |TAMS 0x000000009e100000| PB 0x000000009e100000| Untracked 
| 482|0x000000009e200000, 0x000000009e200000, 0x000000009e300000|  0%| F|  |TAMS 0x000000009e200000| PB 0x000000009e200000| Untracked 
| 483|0x000000009e300000, 0x000000009e300000, 0x000000009e400000|  0%| F|  |TAMS 0x000000009e300000| PB 0x000000009e300000| Untracked 
| 484|0x000000009e400000, 0x000000009e400000, 0x000000009e500000|  0%| F|  |TAMS 0x000000009e400000| PB 0x000000009e400000| Untracked 
| 485|0x000000009e500000, 0x000000009e500000, 0x000000009e600000|  0%| F|  |TAMS 0x000000009e500000| PB 0x000000009e500000| Untracked 
| 486|0x000000009e600000, 0x000000009e600000, 0x000000009e700000|  0%| F|  |TAMS 0x000000009e600000| PB 0x000000009e600000| Untracked 
| 487|0x000000009e700000, 0x000000009e700000, 0x000000009e800000|  0%| F|  |TAMS 0x000000009e700000| PB 0x000000009e700000| Untracked 
| 488|0x000000009e800000, 0x000000009e800000, 0x000000009e900000|  0%| F|  |TAMS 0x000000009e800000| PB 0x000000009e800000| Untracked 
| 489|0x000000009e900000, 0x000000009e900000, 0x000000009ea00000|  0%| F|  |TAMS 0x000000009e900000| PB 0x000000009e900000| Untracked 
| 490|0x000000009ea00000, 0x000000009ea00000, 0x000000009eb00000|  0%| F|  |TAMS 0x000000009ea00000| PB 0x000000009ea00000| Untracked 
| 491|0x000000009eb00000, 0x000000009eb00000, 0x000000009ec00000|  0%| F|  |TAMS 0x000000009eb00000| PB 0x000000009eb00000| Untracked 
| 492|0x000000009ec00000, 0x000000009ec00000, 0x000000009ed00000|  0%| F|  |TAMS 0x000000009ec00000| PB 0x000000009ec00000| Untracked 
| 493|0x000000009ed00000, 0x000000009ed00000, 0x000000009ee00000|  0%| F|  |TAMS 0x000000009ed00000| PB 0x000000009ed00000| Untracked 
| 494|0x000000009ee00000, 0x000000009ee00000, 0x000000009ef00000|  0%| F|  |TAMS 0x000000009ee00000| PB 0x000000009ee00000| Untracked 
| 495|0x000000009ef00000, 0x000000009ef00000, 0x000000009f000000|  0%| F|  |TAMS 0x000000009ef00000| PB 0x000000009ef00000| Untracked 
| 496|0x000000009f000000, 0x000000009f000000, 0x000000009f100000|  0%| F|  |TAMS 0x000000009f000000| PB 0x000000009f000000| Untracked 
| 497|0x000000009f100000, 0x000000009f100000, 0x000000009f200000|  0%| F|  |TAMS 0x000000009f100000| PB 0x000000009f100000| Untracked 
| 498|0x000000009f200000, 0x000000009f200000, 0x000000009f300000|  0%| F|  |TAMS 0x000000009f200000| PB 0x000000009f200000| Untracked 
| 499|0x000000009f300000, 0x000000009f300000, 0x000000009f400000|  0%| F|  |TAMS 0x000000009f300000| PB 0x000000009f300000| Untracked 
| 500|0x000000009f400000, 0x000000009f400000, 0x000000009f500000|  0%| F|  |TAMS 0x000000009f400000| PB 0x000000009f400000| Untracked 
| 501|0x000000009f500000, 0x000000009f500000, 0x000000009f600000|  0%| F|  |TAMS 0x000000009f500000| PB 0x000000009f500000| Untracked 
| 502|0x000000009f600000, 0x000000009f600000, 0x000000009f700000|  0%| F|  |TAMS 0x000000009f600000| PB 0x000000009f600000| Untracked 
| 503|0x000000009f700000, 0x000000009f700000, 0x000000009f800000|  0%| F|  |TAMS 0x000000009f700000| PB 0x000000009f700000| Untracked 
| 504|0x000000009f800000, 0x000000009f800000, 0x000000009f900000|  0%| F|  |TAMS 0x000000009f800000| PB 0x000000009f800000| Untracked 
| 505|0x000000009f900000, 0x000000009f900000, 0x000000009fa00000|  0%| F|  |TAMS 0x000000009f900000| PB 0x000000009f900000| Untracked 
| 506|0x000000009fa00000, 0x000000009fa80000, 0x000000009fb00000| 50%| E|  |TAMS 0x000000009fa00000| PB 0x000000009fa00000| Complete 
| 507|0x000000009fb00000, 0x000000009fc00000, 0x000000009fc00000|100%| E|CS|TAMS 0x000000009fb00000| PB 0x000000009fb00000| Complete 
| 508|0x000000009fc00000, 0x000000009fd00000, 0x000000009fd00000|100%| E|CS|TAMS 0x000000009fc00000| PB 0x000000009fc00000| Complete 
| 509|0x000000009fd00000, 0x000000009fe00000, 0x000000009fe00000|100%| E|CS|TAMS 0x000000009fd00000| PB 0x000000009fd00000| Complete 
| 510|0x000000009fe00000, 0x000000009ff00000, 0x000000009ff00000|100%| E|CS|TAMS 0x000000009fe00000| PB 0x000000009fe00000| Complete 
| 511|0x000000009ff00000, 0x00000000a0000000, 0x00000000a0000000|100%| E|CS|TAMS 0x000000009ff00000| PB 0x000000009ff00000| Complete 
| 512|0x00000000a0000000, 0x00000000a0100000, 0x00000000a0100000|100%| E|CS|TAMS 0x00000000a0000000| PB 0x00000000a0000000| Complete 
| 513|0x00000000a0100000, 0x00000000a0200000, 0x00000000a0200000|100%| E|CS|TAMS 0x00000000a0100000| PB 0x00000000a0100000| Complete 
| 514|0x00000000a0200000, 0x00000000a0300000, 0x00000000a0300000|100%| E|CS|TAMS 0x00000000a0200000| PB 0x00000000a0200000| Complete 
| 515|0x00000000a0300000, 0x00000000a0400000, 0x00000000a0400000|100%| E|CS|TAMS 0x00000000a0300000| PB 0x00000000a0300000| Complete 
| 516|0x00000000a0400000, 0x00000000a0500000, 0x00000000a0500000|100%| E|CS|TAMS 0x00000000a0400000| PB 0x00000000a0400000| Complete 
| 517|0x00000000a0500000, 0x00000000a0600000, 0x00000000a0600000|100%| E|CS|TAMS 0x00000000a0500000| PB 0x00000000a0500000| Complete 
| 518|0x00000000a0600000, 0x00000000a0700000, 0x00000000a0700000|100%| E|CS|TAMS 0x00000000a0600000| PB 0x00000000a0600000| Complete 
| 519|0x00000000a0700000, 0x00000000a0800000, 0x00000000a0800000|100%| E|CS|TAMS 0x00000000a0700000| PB 0x00000000a0700000| Complete 
| 520|0x00000000a0800000, 0x00000000a0900000, 0x00000000a0900000|100%| E|CS|TAMS 0x00000000a0800000| PB 0x00000000a0800000| Complete 
| 521|0x00000000a0900000, 0x00000000a0a00000, 0x00000000a0a00000|100%| E|CS|TAMS 0x00000000a0900000| PB 0x00000000a0900000| Complete 
| 522|0x00000000a0a00000, 0x00000000a0b00000, 0x00000000a0b00000|100%| E|CS|TAMS 0x00000000a0a00000| PB 0x00000000a0a00000| Complete 
| 523|0x00000000a0b00000, 0x00000000a0c00000, 0x00000000a0c00000|100%| E|CS|TAMS 0x00000000a0b00000| PB 0x00000000a0b00000| Complete 
| 524|0x00000000a0c00000, 0x00000000a0d00000, 0x00000000a0d00000|100%| E|CS|TAMS 0x00000000a0c00000| PB 0x00000000a0c00000| Complete 
| 525|0x00000000a0d00000, 0x00000000a0e00000, 0x00000000a0e00000|100%| E|CS|TAMS 0x00000000a0d00000| PB 0x00000000a0d00000| Complete 
| 526|0x00000000a0e00000, 0x00000000a0f00000, 0x00000000a0f00000|100%| E|CS|TAMS 0x00000000a0e00000| PB 0x00000000a0e00000| Complete 
| 527|0x00000000a0f00000, 0x00000000a1000000, 0x00000000a1000000|100%| E|CS|TAMS 0x00000000a0f00000| PB 0x00000000a0f00000| Complete 
| 528|0x00000000a1000000, 0x00000000a1100000, 0x00000000a1100000|100%| E|CS|TAMS 0x00000000a1000000| PB 0x00000000a1000000| Complete 
| 529|0x00000000a1100000, 0x00000000a1200000, 0x00000000a1200000|100%| E|CS|TAMS 0x00000000a1100000| PB 0x00000000a1100000| Complete 
| 530|0x00000000a1200000, 0x00000000a1300000, 0x00000000a1300000|100%| E|CS|TAMS 0x00000000a1200000| PB 0x00000000a1200000| Complete 
| 531|0x00000000a1300000, 0x00000000a1400000, 0x00000000a1400000|100%| E|CS|TAMS 0x00000000a1300000| PB 0x00000000a1300000| Complete 
| 532|0x00000000a1400000, 0x00000000a1500000, 0x00000000a1500000|100%| E|CS|TAMS 0x00000000a1400000| PB 0x00000000a1400000| Complete 
| 533|0x00000000a1500000, 0x00000000a1600000, 0x00000000a1600000|100%| E|CS|TAMS 0x00000000a1500000| PB 0x00000000a1500000| Complete 
| 534|0x00000000a1600000, 0x00000000a1700000, 0x00000000a1700000|100%| E|CS|TAMS 0x00000000a1600000| PB 0x00000000a1600000| Complete 
| 535|0x00000000a1700000, 0x00000000a1800000, 0x00000000a1800000|100%| E|CS|TAMS 0x00000000a1700000| PB 0x00000000a1700000| Complete 
| 536|0x00000000a1800000, 0x00000000a1900000, 0x00000000a1900000|100%| E|CS|TAMS 0x00000000a1800000| PB 0x00000000a1800000| Complete 
| 537|0x00000000a1900000, 0x00000000a1a00000, 0x00000000a1a00000|100%| E|CS|TAMS 0x00000000a1900000| PB 0x00000000a1900000| Complete 
| 538|0x00000000a1a00000, 0x00000000a1b00000, 0x00000000a1b00000|100%| E|CS|TAMS 0x00000000a1a00000| PB 0x00000000a1a00000| Complete 
| 539|0x00000000a1b00000, 0x00000000a1c00000, 0x00000000a1c00000|100%| E|CS|TAMS 0x00000000a1b00000| PB 0x00000000a1b00000| Complete 
| 540|0x00000000a1c00000, 0x00000000a1d00000, 0x00000000a1d00000|100%| E|CS|TAMS 0x00000000a1c00000| PB 0x00000000a1c00000| Complete 
| 541|0x00000000a1d00000, 0x00000000a1e00000, 0x00000000a1e00000|100%| E|CS|TAMS 0x00000000a1d00000| PB 0x00000000a1d00000| Complete 
| 542|0x00000000a1e00000, 0x00000000a1f00000, 0x00000000a1f00000|100%| E|CS|TAMS 0x00000000a1e00000| PB 0x00000000a1e00000| Complete 
| 543|0x00000000a1f00000, 0x00000000a2000000, 0x00000000a2000000|100%| E|CS|TAMS 0x00000000a1f00000| PB 0x00000000a1f00000| Complete 
| 544|0x00000000a2000000, 0x00000000a2100000, 0x00000000a2100000|100%| E|CS|TAMS 0x00000000a2000000| PB 0x00000000a2000000| Complete 
| 545|0x00000000a2100000, 0x00000000a2200000, 0x00000000a2200000|100%| E|CS|TAMS 0x00000000a2100000| PB 0x00000000a2100000| Complete 
| 546|0x00000000a2200000, 0x00000000a2300000, 0x00000000a2300000|100%| E|CS|TAMS 0x00000000a2200000| PB 0x00000000a2200000| Complete 
| 547|0x00000000a2300000, 0x00000000a2400000, 0x00000000a2400000|100%| E|CS|TAMS 0x00000000a2300000| PB 0x00000000a2300000| Complete 
| 548|0x00000000a2400000, 0x00000000a2500000, 0x00000000a2500000|100%| E|CS|TAMS 0x00000000a2400000| PB 0x00000000a2400000| Complete 
| 549|0x00000000a2500000, 0x00000000a2600000, 0x00000000a2600000|100%| E|CS|TAMS 0x00000000a2500000| PB 0x00000000a2500000| Complete 
| 550|0x00000000a2600000, 0x00000000a2700000, 0x00000000a2700000|100%| E|CS|TAMS 0x00000000a2600000| PB 0x00000000a2600000| Complete 
| 551|0x00000000a2700000, 0x00000000a2800000, 0x00000000a2800000|100%| E|CS|TAMS 0x00000000a2700000| PB 0x00000000a2700000| Complete 
| 552|0x00000000a2800000, 0x00000000a2900000, 0x00000000a2900000|100%| E|CS|TAMS 0x00000000a2800000| PB 0x00000000a2800000| Complete 
| 553|0x00000000a2900000, 0x00000000a2a00000, 0x00000000a2a00000|100%| E|CS|TAMS 0x00000000a2900000| PB 0x00000000a2900000| Complete 
| 554|0x00000000a2a00000, 0x00000000a2b00000, 0x00000000a2b00000|100%| E|CS|TAMS 0x00000000a2a00000| PB 0x00000000a2a00000| Complete 
| 555|0x00000000a2b00000, 0x00000000a2c00000, 0x00000000a2c00000|100%| E|CS|TAMS 0x00000000a2b00000| PB 0x00000000a2b00000| Complete 
| 556|0x00000000a2c00000, 0x00000000a2d00000, 0x00000000a2d00000|100%| E|CS|TAMS 0x00000000a2c00000| PB 0x00000000a2c00000| Complete 
| 557|0x00000000a2d00000, 0x00000000a2e00000, 0x00000000a2e00000|100%| E|CS|TAMS 0x00000000a2d00000| PB 0x00000000a2d00000| Complete 
| 558|0x00000000a2e00000, 0x00000000a2f00000, 0x00000000a2f00000|100%| E|CS|TAMS 0x00000000a2e00000| PB 0x00000000a2e00000| Complete 
| 559|0x00000000a2f00000, 0x00000000a3000000, 0x00000000a3000000|100%| E|CS|TAMS 0x00000000a2f00000| PB 0x00000000a2f00000| Complete 
| 560|0x00000000a3000000, 0x00000000a3100000, 0x00000000a3100000|100%| E|CS|TAMS 0x00000000a3000000| PB 0x00000000a3000000| Complete 
| 561|0x00000000a3100000, 0x00000000a3200000, 0x00000000a3200000|100%| E|CS|TAMS 0x00000000a3100000| PB 0x00000000a3100000| Complete 
| 562|0x00000000a3200000, 0x00000000a3300000, 0x00000000a3300000|100%| E|CS|TAMS 0x00000000a3200000| PB 0x00000000a3200000| Complete 
| 563|0x00000000a3300000, 0x00000000a3400000, 0x00000000a3400000|100%| E|CS|TAMS 0x00000000a3300000| PB 0x00000000a3300000| Complete 
| 564|0x00000000a3400000, 0x00000000a3500000, 0x00000000a3500000|100%| E|CS|TAMS 0x00000000a3400000| PB 0x00000000a3400000| Complete 
| 565|0x00000000a3500000, 0x00000000a3600000, 0x00000000a3600000|100%| E|CS|TAMS 0x00000000a3500000| PB 0x00000000a3500000| Complete 
| 566|0x00000000a3600000, 0x00000000a3700000, 0x00000000a3700000|100%| E|CS|TAMS 0x00000000a3600000| PB 0x00000000a3600000| Complete 
| 567|0x00000000a3700000, 0x00000000a3800000, 0x00000000a3800000|100%| E|CS|TAMS 0x00000000a3700000| PB 0x00000000a3700000| Complete 
| 568|0x00000000a3800000, 0x00000000a3900000, 0x00000000a3900000|100%| E|CS|TAMS 0x00000000a3800000| PB 0x00000000a3800000| Complete 
| 569|0x00000000a3900000, 0x00000000a3a00000, 0x00000000a3a00000|100%| E|CS|TAMS 0x00000000a3900000| PB 0x00000000a3900000| Complete 
| 570|0x00000000a3a00000, 0x00000000a3b00000, 0x00000000a3b00000|100%| E|CS|TAMS 0x00000000a3a00000| PB 0x00000000a3a00000| Complete 
| 571|0x00000000a3b00000, 0x00000000a3c00000, 0x00000000a3c00000|100%| E|CS|TAMS 0x00000000a3b00000| PB 0x00000000a3b00000| Complete 
| 572|0x00000000a3c00000, 0x00000000a3d00000, 0x00000000a3d00000|100%| E|CS|TAMS 0x00000000a3c00000| PB 0x00000000a3c00000| Complete 
| 573|0x00000000a3d00000, 0x00000000a3e00000, 0x00000000a3e00000|100%| E|CS|TAMS 0x00000000a3d00000| PB 0x00000000a3d00000| Complete 
| 574|0x00000000a3e00000, 0x00000000a3f00000, 0x00000000a3f00000|100%| E|CS|TAMS 0x00000000a3e00000| PB 0x00000000a3e00000| Complete 
| 575|0x00000000a3f00000, 0x00000000a4000000, 0x00000000a4000000|100%| E|CS|TAMS 0x00000000a3f00000| PB 0x00000000a3f00000| Complete 
| 576|0x00000000a4000000, 0x00000000a4100000, 0x00000000a4100000|100%| E|CS|TAMS 0x00000000a4000000| PB 0x00000000a4000000| Complete 
| 577|0x00000000a4100000, 0x00000000a4200000, 0x00000000a4200000|100%| E|CS|TAMS 0x00000000a4100000| PB 0x00000000a4100000| Complete 
| 578|0x00000000a4200000, 0x00000000a4300000, 0x00000000a4300000|100%| E|CS|TAMS 0x00000000a4200000| PB 0x00000000a4200000| Complete 
| 579|0x00000000a4300000, 0x00000000a4400000, 0x00000000a4400000|100%| E|CS|TAMS 0x00000000a4300000| PB 0x00000000a4300000| Complete 
| 580|0x00000000a4400000, 0x00000000a4500000, 0x00000000a4500000|100%| E|CS|TAMS 0x00000000a4400000| PB 0x00000000a4400000| Complete 
| 581|0x00000000a4500000, 0x00000000a4600000, 0x00000000a4600000|100%| E|CS|TAMS 0x00000000a4500000| PB 0x00000000a4500000| Complete 
| 582|0x00000000a4600000, 0x00000000a4700000, 0x00000000a4700000|100%| E|CS|TAMS 0x00000000a4600000| PB 0x00000000a4600000| Complete 
| 583|0x00000000a4700000, 0x00000000a4800000, 0x00000000a4800000|100%| E|CS|TAMS 0x00000000a4700000| PB 0x00000000a4700000| Complete 
| 584|0x00000000a4800000, 0x00000000a4900000, 0x00000000a4900000|100%| E|CS|TAMS 0x00000000a4800000| PB 0x00000000a4800000| Complete 
| 585|0x00000000a4900000, 0x00000000a4a00000, 0x00000000a4a00000|100%| E|CS|TAMS 0x00000000a4900000| PB 0x00000000a4900000| Complete 
| 586|0x00000000a4a00000, 0x00000000a4b00000, 0x00000000a4b00000|100%| E|CS|TAMS 0x00000000a4a00000| PB 0x00000000a4a00000| Complete 
| 587|0x00000000a4b00000, 0x00000000a4c00000, 0x00000000a4c00000|100%| E|CS|TAMS 0x00000000a4b00000| PB 0x00000000a4b00000| Complete 
| 588|0x00000000a4c00000, 0x00000000a4d00000, 0x00000000a4d00000|100%| E|CS|TAMS 0x00000000a4c00000| PB 0x00000000a4c00000| Complete 
| 589|0x00000000a4d00000, 0x00000000a4e00000, 0x00000000a4e00000|100%| E|CS|TAMS 0x00000000a4d00000| PB 0x00000000a4d00000| Complete 
| 590|0x00000000a4e00000, 0x00000000a4f00000, 0x00000000a4f00000|100%| E|CS|TAMS 0x00000000a4e00000| PB 0x00000000a4e00000| Complete 
| 591|0x00000000a4f00000, 0x00000000a5000000, 0x00000000a5000000|100%| E|CS|TAMS 0x00000000a4f00000| PB 0x00000000a4f00000| Complete 
| 592|0x00000000a5000000, 0x00000000a5100000, 0x00000000a5100000|100%| E|CS|TAMS 0x00000000a5000000| PB 0x00000000a5000000| Complete 
| 593|0x00000000a5100000, 0x00000000a5200000, 0x00000000a5200000|100%| E|CS|TAMS 0x00000000a5100000| PB 0x00000000a5100000| Complete 
| 594|0x00000000a5200000, 0x00000000a5300000, 0x00000000a5300000|100%| E|CS|TAMS 0x00000000a5200000| PB 0x00000000a5200000| Complete 
| 595|0x00000000a5300000, 0x00000000a5400000, 0x00000000a5400000|100%| E|CS|TAMS 0x00000000a5300000| PB 0x00000000a5300000| Complete 
| 596|0x00000000a5400000, 0x00000000a5500000, 0x00000000a5500000|100%| E|CS|TAMS 0x00000000a5400000| PB 0x00000000a5400000| Complete 
| 597|0x00000000a5500000, 0x00000000a5600000, 0x00000000a5600000|100%| E|CS|TAMS 0x00000000a5500000| PB 0x00000000a5500000| Complete 
| 598|0x00000000a5600000, 0x00000000a5700000, 0x00000000a5700000|100%| E|CS|TAMS 0x00000000a5600000| PB 0x00000000a5600000| Complete 
| 599|0x00000000a5700000, 0x00000000a5800000, 0x00000000a5800000|100%| E|CS|TAMS 0x00000000a5700000| PB 0x00000000a5700000| Complete 
| 600|0x00000000a5800000, 0x00000000a5900000, 0x00000000a5900000|100%| E|CS|TAMS 0x00000000a5800000| PB 0x00000000a5800000| Complete 
| 601|0x00000000a5900000, 0x00000000a5a00000, 0x00000000a5a00000|100%| E|CS|TAMS 0x00000000a5900000| PB 0x00000000a5900000| Complete 
| 602|0x00000000a5a00000, 0x00000000a5b00000, 0x00000000a5b00000|100%| E|CS|TAMS 0x00000000a5a00000| PB 0x00000000a5a00000| Complete 
| 603|0x00000000a5b00000, 0x00000000a5c00000, 0x00000000a5c00000|100%| E|CS|TAMS 0x00000000a5b00000| PB 0x00000000a5b00000| Complete 
| 604|0x00000000a5c00000, 0x00000000a5d00000, 0x00000000a5d00000|100%| E|CS|TAMS 0x00000000a5c00000| PB 0x00000000a5c00000| Complete 
| 605|0x00000000a5d00000, 0x00000000a5e00000, 0x00000000a5e00000|100%| E|CS|TAMS 0x00000000a5d00000| PB 0x00000000a5d00000| Complete 
| 606|0x00000000a5e00000, 0x00000000a5f00000, 0x00000000a5f00000|100%| E|CS|TAMS 0x00000000a5e00000| PB 0x00000000a5e00000| Complete 
| 607|0x00000000a5f00000, 0x00000000a6000000, 0x00000000a6000000|100%| E|CS|TAMS 0x00000000a5f00000| PB 0x00000000a5f00000| Complete 
| 608|0x00000000a6000000, 0x00000000a6100000, 0x00000000a6100000|100%| E|CS|TAMS 0x00000000a6000000| PB 0x00000000a6000000| Complete 
| 609|0x00000000a6100000, 0x00000000a6200000, 0x00000000a6200000|100%| E|CS|TAMS 0x00000000a6100000| PB 0x00000000a6100000| Complete 
| 610|0x00000000a6200000, 0x00000000a6300000, 0x00000000a6300000|100%| E|CS|TAMS 0x00000000a6200000| PB 0x00000000a6200000| Complete 
| 611|0x00000000a6300000, 0x00000000a6400000, 0x00000000a6400000|100%| E|CS|TAMS 0x00000000a6300000| PB 0x00000000a6300000| Complete 
| 612|0x00000000a6400000, 0x00000000a6500000, 0x00000000a6500000|100%| E|CS|TAMS 0x00000000a6400000| PB 0x00000000a6400000| Complete 
| 613|0x00000000a6500000, 0x00000000a6600000, 0x00000000a6600000|100%| E|CS|TAMS 0x00000000a6500000| PB 0x00000000a6500000| Complete 
| 614|0x00000000a6600000, 0x00000000a6700000, 0x00000000a6700000|100%| E|CS|TAMS 0x00000000a6600000| PB 0x00000000a6600000| Complete 
| 615|0x00000000a6700000, 0x00000000a6800000, 0x00000000a6800000|100%| E|CS|TAMS 0x00000000a6700000| PB 0x00000000a6700000| Complete 
| 616|0x00000000a6800000, 0x00000000a6900000, 0x00000000a6900000|100%| E|CS|TAMS 0x00000000a6800000| PB 0x00000000a6800000| Complete 
| 617|0x00000000a6900000, 0x00000000a6a00000, 0x00000000a6a00000|100%| E|CS|TAMS 0x00000000a6900000| PB 0x00000000a6900000| Complete 
| 618|0x00000000a6a00000, 0x00000000a6b00000, 0x00000000a6b00000|100%| E|CS|TAMS 0x00000000a6a00000| PB 0x00000000a6a00000| Complete 
| 619|0x00000000a6b00000, 0x00000000a6c00000, 0x00000000a6c00000|100%| E|CS|TAMS 0x00000000a6b00000| PB 0x00000000a6b00000| Complete 
| 620|0x00000000a6c00000, 0x00000000a6d00000, 0x00000000a6d00000|100%| E|CS|TAMS 0x00000000a6c00000| PB 0x00000000a6c00000| Complete 
| 621|0x00000000a6d00000, 0x00000000a6e00000, 0x00000000a6e00000|100%| E|CS|TAMS 0x00000000a6d00000| PB 0x00000000a6d00000| Complete 
| 622|0x00000000a6e00000, 0x00000000a6f00000, 0x00000000a6f00000|100%| E|CS|TAMS 0x00000000a6e00000| PB 0x00000000a6e00000| Complete 
| 623|0x00000000a6f00000, 0x00000000a7000000, 0x00000000a7000000|100%| E|CS|TAMS 0x00000000a6f00000| PB 0x00000000a6f00000| Complete 
| 624|0x00000000a7000000, 0x00000000a7100000, 0x00000000a7100000|100%| E|CS|TAMS 0x00000000a7000000| PB 0x00000000a7000000| Complete 
| 625|0x00000000a7100000, 0x00000000a7200000, 0x00000000a7200000|100%| E|CS|TAMS 0x00000000a7100000| PB 0x00000000a7100000| Complete 
| 626|0x00000000a7200000, 0x00000000a7300000, 0x00000000a7300000|100%| E|CS|TAMS 0x00000000a7200000| PB 0x00000000a7200000| Complete 
| 627|0x00000000a7300000, 0x00000000a7400000, 0x00000000a7400000|100%| E|CS|TAMS 0x00000000a7300000| PB 0x00000000a7300000| Complete 
| 628|0x00000000a7400000, 0x00000000a7500000, 0x00000000a7500000|100%| E|CS|TAMS 0x00000000a7400000| PB 0x00000000a7400000| Complete 
| 629|0x00000000a7500000, 0x00000000a7600000, 0x00000000a7600000|100%| E|CS|TAMS 0x00000000a7500000| PB 0x00000000a7500000| Complete 
| 630|0x00000000a7600000, 0x00000000a7700000, 0x00000000a7700000|100%| E|CS|TAMS 0x00000000a7600000| PB 0x00000000a7600000| Complete 
| 631|0x00000000a7700000, 0x00000000a7800000, 0x00000000a7800000|100%| E|CS|TAMS 0x00000000a7700000| PB 0x00000000a7700000| Complete 
| 632|0x00000000a7800000, 0x00000000a7900000, 0x00000000a7900000|100%| E|CS|TAMS 0x00000000a7800000| PB 0x00000000a7800000| Complete 
| 633|0x00000000a7900000, 0x00000000a7a00000, 0x00000000a7a00000|100%| E|CS|TAMS 0x00000000a7900000| PB 0x00000000a7900000| Complete 
| 634|0x00000000a7a00000, 0x00000000a7b00000, 0x00000000a7b00000|100%| E|CS|TAMS 0x00000000a7a00000| PB 0x00000000a7a00000| Complete 
| 635|0x00000000a7b00000, 0x00000000a7c00000, 0x00000000a7c00000|100%| E|CS|TAMS 0x00000000a7b00000| PB 0x00000000a7b00000| Complete 
| 636|0x00000000a7c00000, 0x00000000a7d00000, 0x00000000a7d00000|100%| E|CS|TAMS 0x00000000a7c00000| PB 0x00000000a7c00000| Complete 
| 637|0x00000000a7d00000, 0x00000000a7e00000, 0x00000000a7e00000|100%| E|CS|TAMS 0x00000000a7d00000| PB 0x00000000a7d00000| Complete 
| 638|0x00000000a7e00000, 0x00000000a7f00000, 0x00000000a7f00000|100%| E|CS|TAMS 0x00000000a7e00000| PB 0x00000000a7e00000| Complete 
| 639|0x00000000a7f00000, 0x00000000a8000000, 0x00000000a8000000|100%| E|CS|TAMS 0x00000000a7f00000| PB 0x00000000a7f00000| Complete 
| 640|0x00000000a8000000, 0x00000000a8100000, 0x00000000a8100000|100%| E|CS|TAMS 0x00000000a8000000| PB 0x00000000a8000000| Complete 
| 641|0x00000000a8100000, 0x00000000a8200000, 0x00000000a8200000|100%| E|CS|TAMS 0x00000000a8100000| PB 0x00000000a8100000| Complete 
| 642|0x00000000a8200000, 0x00000000a8300000, 0x00000000a8300000|100%| E|CS|TAMS 0x00000000a8200000| PB 0x00000000a8200000| Complete 
| 643|0x00000000a8300000, 0x00000000a8400000, 0x00000000a8400000|100%| E|CS|TAMS 0x00000000a8300000| PB 0x00000000a8300000| Complete 
| 644|0x00000000a8400000, 0x00000000a8500000, 0x00000000a8500000|100%| E|CS|TAMS 0x00000000a8400000| PB 0x00000000a8400000| Complete 
| 645|0x00000000a8500000, 0x00000000a8600000, 0x00000000a8600000|100%| E|CS|TAMS 0x00000000a8500000| PB 0x00000000a8500000| Complete 
| 646|0x00000000a8600000, 0x00000000a8700000, 0x00000000a8700000|100%| E|CS|TAMS 0x00000000a8600000| PB 0x00000000a8600000| Complete 
| 647|0x00000000a8700000, 0x00000000a8800000, 0x00000000a8800000|100%| E|CS|TAMS 0x00000000a8700000| PB 0x00000000a8700000| Complete 
| 648|0x00000000a8800000, 0x00000000a8900000, 0x00000000a8900000|100%| E|CS|TAMS 0x00000000a8800000| PB 0x00000000a8800000| Complete 
| 649|0x00000000a8900000, 0x00000000a8a00000, 0x00000000a8a00000|100%| E|CS|TAMS 0x00000000a8900000| PB 0x00000000a8900000| Complete 
| 650|0x00000000a8a00000, 0x00000000a8b00000, 0x00000000a8b00000|100%| E|CS|TAMS 0x00000000a8a00000| PB 0x00000000a8a00000| Complete 
| 651|0x00000000a8b00000, 0x00000000a8c00000, 0x00000000a8c00000|100%| E|CS|TAMS 0x00000000a8b00000| PB 0x00000000a8b00000| Complete 
| 652|0x00000000a8c00000, 0x00000000a8d00000, 0x00000000a8d00000|100%| E|CS|TAMS 0x00000000a8c00000| PB 0x00000000a8c00000| Complete 
| 653|0x00000000a8d00000, 0x00000000a8e00000, 0x00000000a8e00000|100%| E|CS|TAMS 0x00000000a8d00000| PB 0x00000000a8d00000| Complete 
| 654|0x00000000a8e00000, 0x00000000a8f00000, 0x00000000a8f00000|100%| E|CS|TAMS 0x00000000a8e00000| PB 0x00000000a8e00000| Complete 
| 655|0x00000000a8f00000, 0x00000000a9000000, 0x00000000a9000000|100%| E|CS|TAMS 0x00000000a8f00000| PB 0x00000000a8f00000| Complete 
| 656|0x00000000a9000000, 0x00000000a9100000, 0x00000000a9100000|100%| E|CS|TAMS 0x00000000a9000000| PB 0x00000000a9000000| Complete 
| 657|0x00000000a9100000, 0x00000000a9200000, 0x00000000a9200000|100%| E|CS|TAMS 0x00000000a9100000| PB 0x00000000a9100000| Complete 
| 658|0x00000000a9200000, 0x00000000a9300000, 0x00000000a9300000|100%| E|CS|TAMS 0x00000000a9200000| PB 0x00000000a9200000| Complete 
| 659|0x00000000a9300000, 0x00000000a9400000, 0x00000000a9400000|100%| E|CS|TAMS 0x00000000a9300000| PB 0x00000000a9300000| Complete 
| 660|0x00000000a9400000, 0x00000000a9500000, 0x00000000a9500000|100%| E|CS|TAMS 0x00000000a9400000| PB 0x00000000a9400000| Complete 
| 661|0x00000000a9500000, 0x00000000a9600000, 0x00000000a9600000|100%| E|CS|TAMS 0x00000000a9500000| PB 0x00000000a9500000| Complete 
| 662|0x00000000a9600000, 0x00000000a9700000, 0x00000000a9700000|100%| E|CS|TAMS 0x00000000a9600000| PB 0x00000000a9600000| Complete 
| 663|0x00000000a9700000, 0x00000000a9800000, 0x00000000a9800000|100%| E|CS|TAMS 0x00000000a9700000| PB 0x00000000a9700000| Complete 
| 664|0x00000000a9800000, 0x00000000a9900000, 0x00000000a9900000|100%| E|CS|TAMS 0x00000000a9800000| PB 0x00000000a9800000| Complete 
| 665|0x00000000a9900000, 0x00000000a9a00000, 0x00000000a9a00000|100%| E|CS|TAMS 0x00000000a9900000| PB 0x00000000a9900000| Complete 
| 666|0x00000000a9a00000, 0x00000000a9b00000, 0x00000000a9b00000|100%| E|CS|TAMS 0x00000000a9a00000| PB 0x00000000a9a00000| Complete 
| 667|0x00000000a9b00000, 0x00000000a9c00000, 0x00000000a9c00000|100%| E|CS|TAMS 0x00000000a9b00000| PB 0x00000000a9b00000| Complete 
| 668|0x00000000a9c00000, 0x00000000a9d00000, 0x00000000a9d00000|100%| E|CS|TAMS 0x00000000a9c00000| PB 0x00000000a9c00000| Complete 
| 669|0x00000000a9d00000, 0x00000000a9e00000, 0x00000000a9e00000|100%| E|CS|TAMS 0x00000000a9d00000| PB 0x00000000a9d00000| Complete 
| 670|0x00000000a9e00000, 0x00000000a9f00000, 0x00000000a9f00000|100%| E|CS|TAMS 0x00000000a9e00000| PB 0x00000000a9e00000| Complete 
| 671|0x00000000a9f00000, 0x00000000aa000000, 0x00000000aa000000|100%| E|CS|TAMS 0x00000000a9f00000| PB 0x00000000a9f00000| Complete 
| 672|0x00000000aa000000, 0x00000000aa100000, 0x00000000aa100000|100%| E|CS|TAMS 0x00000000aa000000| PB 0x00000000aa000000| Complete 
| 673|0x00000000aa100000, 0x00000000aa200000, 0x00000000aa200000|100%| E|CS|TAMS 0x00000000aa100000| PB 0x00000000aa100000| Complete 
| 674|0x00000000aa200000, 0x00000000aa300000, 0x00000000aa300000|100%| E|CS|TAMS 0x00000000aa200000| PB 0x00000000aa200000| Complete 
| 675|0x00000000aa300000, 0x00000000aa400000, 0x00000000aa400000|100%| E|CS|TAMS 0x00000000aa300000| PB 0x00000000aa300000| Complete 
| 676|0x00000000aa400000, 0x00000000aa500000, 0x00000000aa500000|100%| E|CS|TAMS 0x00000000aa400000| PB 0x00000000aa400000| Complete 
| 677|0x00000000aa500000, 0x00000000aa600000, 0x00000000aa600000|100%| E|CS|TAMS 0x00000000aa500000| PB 0x00000000aa500000| Complete 
| 678|0x00000000aa600000, 0x00000000aa700000, 0x00000000aa700000|100%| E|CS|TAMS 0x00000000aa600000| PB 0x00000000aa600000| Complete 
| 679|0x00000000aa700000, 0x00000000aa800000, 0x00000000aa800000|100%| E|CS|TAMS 0x00000000aa700000| PB 0x00000000aa700000| Complete 
| 680|0x00000000aa800000, 0x00000000aa900000, 0x00000000aa900000|100%| E|CS|TAMS 0x00000000aa800000| PB 0x00000000aa800000| Complete 
| 681|0x00000000aa900000, 0x00000000aaa00000, 0x00000000aaa00000|100%| E|CS|TAMS 0x00000000aa900000| PB 0x00000000aa900000| Complete 
| 682|0x00000000aaa00000, 0x00000000aab00000, 0x00000000aab00000|100%| E|CS|TAMS 0x00000000aaa00000| PB 0x00000000aaa00000| Complete 
| 683|0x00000000aab00000, 0x00000000aac00000, 0x00000000aac00000|100%| E|CS|TAMS 0x00000000aab00000| PB 0x00000000aab00000| Complete 
| 684|0x00000000aac00000, 0x00000000aad00000, 0x00000000aad00000|100%| E|CS|TAMS 0x00000000aac00000| PB 0x00000000aac00000| Complete 
| 685|0x00000000aad00000, 0x00000000aae00000, 0x00000000aae00000|100%| E|CS|TAMS 0x00000000aad00000| PB 0x00000000aad00000| Complete 
| 686|0x00000000aae00000, 0x00000000aaf00000, 0x00000000aaf00000|100%| E|CS|TAMS 0x00000000aae00000| PB 0x00000000aae00000| Complete 
| 687|0x00000000aaf00000, 0x00000000ab000000, 0x00000000ab000000|100%| E|CS|TAMS 0x00000000aaf00000| PB 0x00000000aaf00000| Complete 
| 688|0x00000000ab000000, 0x00000000ab100000, 0x00000000ab100000|100%| E|CS|TAMS 0x00000000ab000000| PB 0x00000000ab000000| Complete 
| 689|0x00000000ab100000, 0x00000000ab200000, 0x00000000ab200000|100%| E|CS|TAMS 0x00000000ab100000| PB 0x00000000ab100000| Complete 
| 690|0x00000000ab200000, 0x00000000ab300000, 0x00000000ab300000|100%| E|CS|TAMS 0x00000000ab200000| PB 0x00000000ab200000| Complete 
| 691|0x00000000ab300000, 0x00000000ab400000, 0x00000000ab400000|100%| E|CS|TAMS 0x00000000ab300000| PB 0x00000000ab300000| Complete 
| 692|0x00000000ab400000, 0x00000000ab500000, 0x00000000ab500000|100%| E|CS|TAMS 0x00000000ab400000| PB 0x00000000ab400000| Complete 
| 693|0x00000000ab500000, 0x00000000ab600000, 0x00000000ab600000|100%| E|CS|TAMS 0x00000000ab500000| PB 0x00000000ab500000| Complete 
| 694|0x00000000ab600000, 0x00000000ab700000, 0x00000000ab700000|100%| E|CS|TAMS 0x00000000ab600000| PB 0x00000000ab600000| Complete 
| 695|0x00000000ab700000, 0x00000000ab800000, 0x00000000ab800000|100%| E|CS|TAMS 0x00000000ab700000| PB 0x00000000ab700000| Complete 
| 696|0x00000000ab800000, 0x00000000ab900000, 0x00000000ab900000|100%| E|CS|TAMS 0x00000000ab800000| PB 0x00000000ab800000| Complete 
| 697|0x00000000ab900000, 0x00000000aba00000, 0x00000000aba00000|100%| E|CS|TAMS 0x00000000ab900000| PB 0x00000000ab900000| Complete 
| 698|0x00000000aba00000, 0x00000000abb00000, 0x00000000abb00000|100%| E|CS|TAMS 0x00000000aba00000| PB 0x00000000aba00000| Complete 
| 699|0x00000000abb00000, 0x00000000abc00000, 0x00000000abc00000|100%| E|CS|TAMS 0x00000000abb00000| PB 0x00000000abb00000| Complete 
| 700|0x00000000abc00000, 0x00000000abd00000, 0x00000000abd00000|100%| E|CS|TAMS 0x00000000abc00000| PB 0x00000000abc00000| Complete 
| 701|0x00000000abd00000, 0x00000000abe00000, 0x00000000abe00000|100%| E|CS|TAMS 0x00000000abd00000| PB 0x00000000abd00000| Complete 
|2000|0x00000000fd000000, 0x00000000fd100000, 0x00000000fd100000|100%| O|  |TAMS 0x00000000fd100000| PB 0x00000000fd000000| Updating 
|2001|0x00000000fd100000, 0x00000000fd200000, 0x00000000fd200000|100%| E|CS|TAMS 0x00000000fd100000| PB 0x00000000fd100000| Complete 
|2002|0x00000000fd200000, 0x00000000fd300000, 0x00000000fd300000|100%| E|CS|TAMS 0x00000000fd200000| PB 0x00000000fd200000| Complete 
|2003|0x00000000fd300000, 0x00000000fd400000, 0x00000000fd400000|100%| O|  |TAMS 0x00000000fd400000| PB 0x00000000fd300000| Updating 
|2004|0x00000000fd400000, 0x00000000fd500000, 0x00000000fd500000|100%| E|CS|TAMS 0x00000000fd400000| PB 0x00000000fd400000| Complete 
|2005|0x00000000fd500000, 0x00000000fd600000, 0x00000000fd600000|100%| E|CS|TAMS 0x00000000fd500000| PB 0x00000000fd500000| Complete 
|2006|0x00000000fd600000, 0x00000000fd700000, 0x00000000fd700000|100%| E|CS|TAMS 0x00000000fd600000| PB 0x00000000fd600000| Complete 
|2007|0x00000000fd700000, 0x00000000fd800000, 0x00000000fd800000|100%| O|  |TAMS 0x00000000fd800000| PB 0x00000000fd700000| Untracked 
|2008|0x00000000fd800000, 0x00000000fd900000, 0x00000000fd900000|100%| O|  |TAMS 0x00000000fd900000| PB 0x00000000fd800000| Untracked 
|2009|0x00000000fd900000, 0x00000000fda00000, 0x00000000fda00000|100%| O|  |TAMS 0x00000000fda00000| PB 0x00000000fd900000| Untracked 
|2010|0x00000000fda00000, 0x00000000fdb00000, 0x00000000fdb00000|100%| O|  |TAMS 0x00000000fdb00000| PB 0x00000000fda00000| Untracked 
|2011|0x00000000fdb00000, 0x00000000fdc00000, 0x00000000fdc00000|100%| O|  |TAMS 0x00000000fdc00000| PB 0x00000000fdb00000| Untracked 
|2012|0x00000000fdc00000, 0x00000000fdd00000, 0x00000000fdd00000|100%| E|CS|TAMS 0x00000000fdc00000| PB 0x00000000fdc00000| Complete 
|2013|0x00000000fdd00000, 0x00000000fde00000, 0x00000000fde00000|100%| O|  |TAMS 0x00000000fde00000| PB 0x00000000fdd00000| Untracked 
|2014|0x00000000fde00000, 0x00000000fdf00000, 0x00000000fdf00000|100%| O|  |TAMS 0x00000000fdf00000| PB 0x00000000fde00000| Untracked 
|2015|0x00000000fdf00000, 0x00000000fe000000, 0x00000000fe000000|100%| O|  |TAMS 0x00000000fe000000| PB 0x00000000fdf00000| Untracked 
|2016|0x00000000fe000000, 0x00000000fe100000, 0x00000000fe100000|100%| O|  |TAMS 0x00000000fe100000| PB 0x00000000fe000000| Untracked 
|2017|0x00000000fe100000, 0x00000000fe200000, 0x00000000fe200000|100%| O|  |TAMS 0x00000000fe200000| PB 0x00000000fe100000| Untracked 
|2018|0x00000000fe200000, 0x00000000fe300000, 0x00000000fe300000|100%| O|  |TAMS 0x00000000fe300000| PB 0x00000000fe200000| Untracked 
|2019|0x00000000fe300000, 0x00000000fe400000, 0x00000000fe400000|100%| O|  |TAMS 0x00000000fe400000| PB 0x00000000fe300000| Untracked 
|2020|0x00000000fe400000, 0x00000000fe500000, 0x00000000fe500000|100%| O|  |TAMS 0x00000000fe500000| PB 0x00000000fe400000| Untracked 
|2021|0x00000000fe500000, 0x00000000fe600000, 0x00000000fe600000|100%| O|  |TAMS 0x00000000fe600000| PB 0x00000000fe500000| Untracked 
|2022|0x00000000fe600000, 0x00000000fe700000, 0x00000000fe700000|100%| O|  |TAMS 0x00000000fe700000| PB 0x00000000fe600000| Untracked 
|2023|0x00000000fe700000, 0x00000000fe800000, 0x00000000fe800000|100%| O|  |TAMS 0x00000000fe800000| PB 0x00000000fe700000| Untracked 
|2024|0x00000000fe800000, 0x00000000fe900000, 0x00000000fe900000|100%| O|  |TAMS 0x00000000fe900000| PB 0x00000000fe800000| Untracked 
|2025|0x00000000fe900000, 0x00000000fea00000, 0x00000000fea00000|100%| O|  |TAMS 0x00000000fea00000| PB 0x00000000fe900000| Untracked 
|2026|0x00000000fea00000, 0x00000000feb00000, 0x00000000feb00000|100%| O|  |TAMS 0x00000000feb00000| PB 0x00000000fea00000| Untracked 
|2027|0x00000000feb00000, 0x00000000fec00000, 0x00000000fec00000|100%| O|  |TAMS 0x00000000fec00000| PB 0x00000000feb00000| Untracked 
|2028|0x00000000fec00000, 0x00000000fed00000, 0x00000000fed00000|100%| O|  |TAMS 0x00000000fed00000| PB 0x00000000fec00000| Untracked 
|2029|0x00000000fed00000, 0x00000000fee00000, 0x00000000fee00000|100%| O|  |TAMS 0x00000000fee00000| PB 0x00000000fed00000| Untracked 
|2030|0x00000000fee00000, 0x00000000fef00000, 0x00000000fef00000|100%| O|  |TAMS 0x00000000fef00000| PB 0x00000000fee00000| Updating 
|2031|0x00000000fef00000, 0x00000000ff000000, 0x00000000ff000000|100%| O|  |TAMS 0x00000000ff000000| PB 0x00000000fef00000| Updating 
|2032|0x00000000ff000000, 0x00000000ff100000, 0x00000000ff100000|100%| O|  |TAMS 0x00000000ff100000| PB 0x00000000ff000000| Untracked 
|2033|0x00000000ff100000, 0x00000000ff200000, 0x00000000ff200000|100%| E|CS|TAMS 0x00000000ff100000| PB 0x00000000ff100000| Complete 
|2034|0x00000000ff200000, 0x00000000ff300000, 0x00000000ff300000|100%| E|CS|TAMS 0x00000000ff200000| PB 0x00000000ff200000| Complete 
|2035|0x00000000ff300000, 0x00000000ff400000, 0x00000000ff400000|100%| E|CS|TAMS 0x00000000ff300000| PB 0x00000000ff300000| Complete 
|2036|0x00000000ff400000, 0x00000000ff500000, 0x00000000ff500000|100%| E|CS|TAMS 0x00000000ff400000| PB 0x00000000ff400000| Complete 
|2037|0x00000000ff500000, 0x00000000ff600000, 0x00000000ff600000|100%| O|  |TAMS 0x00000000ff600000| PB 0x00000000ff500000| Untracked 
|2038|0x00000000ff600000, 0x00000000ff700000, 0x00000000ff700000|100%| O|  |TAMS 0x00000000ff700000| PB 0x00000000ff600000| Untracked 
|2039|0x00000000ff700000, 0x00000000ff800000, 0x00000000ff800000|100%| O|  |TAMS 0x00000000ff800000| PB 0x00000000ff700000| Untracked 
|2040|0x00000000ff800000, 0x00000000ff900000, 0x00000000ff900000|100%| O|  |TAMS 0x00000000ff900000| PB 0x00000000ff800000| Updating 
|2041|0x00000000ff900000, 0x00000000ffa00000, 0x00000000ffa00000|100%| O|  |TAMS 0x00000000ffa00000| PB 0x00000000ff900000| Untracked 
|2042|0x00000000ffa00000, 0x00000000ffb00000, 0x00000000ffb00000|100%| O|  |TAMS 0x00000000ffb00000| PB 0x00000000ffa00000| Untracked 
|2043|0x00000000ffb00000, 0x00000000ffc00000, 0x00000000ffc00000|100%| O|  |TAMS 0x00000000ffc00000| PB 0x00000000ffb00000| Untracked 
|2044|0x00000000ffc00000, 0x00000000ffd00000, 0x00000000ffd00000|100%| O|  |TAMS 0x00000000ffd00000| PB 0x00000000ffc00000| Untracked 
|2045|0x00000000ffd00000, 0x00000000ffe00000, 0x00000000ffe00000|100%| O|  |TAMS 0x00000000ffe00000| PB 0x00000000ffd00000| Updating 
|2046|0x00000000ffe00000, 0x00000000fff00000, 0x00000000fff00000|100%| O|  |TAMS 0x00000000fff00000| PB 0x00000000ffe00000| Untracked 
|2047|0x00000000fff00000, 0x0000000100000000, 0x0000000100000000|100%| O|  |TAMS 0x0000000100000000| PB 0x00000000fff00000| Untracked 

Card table byte_map: [0x000001fee5240000,0x000001fee5640000] _byte_map_base: 0x000001fee4e40000

Marking Bits: (CMBitMap*) 0x000001fed24b3320
 Bits: [0x000001fee5640000, 0x000001fee7640000)

Polling page: 0x000001fed0490000

Metaspace:

Usage:
  Non-class:    120.45 MB used.
      Class:     19.83 MB used.
       Both:    140.28 MB used.

Virtual space:
  Non-class space:      128.00 MB reserved,     121.69 MB ( 95%) committed,  2 nodes.
      Class space:        1.00 GB reserved,      21.00 MB (  2%) committed,  1 nodes.
             Both:        1.12 GB reserved,     142.69 MB ( 12%) committed. 

Chunk freelists:
   Non-Class:  5.91 MB
       Class:  10.92 MB
        Both:  16.83 MB

MaxMetaspaceSize: unlimited
CompressedClassSpaceSize: 1.00 GB
Initial GC threshold: 21.00 MB
Current GC threshold: 237.81 MB
CDS: off
 - commit_granule_bytes: 65536.
 - commit_granule_words: 8192.
 - virtual_space_node_default_size: 8388608.
 - enlarge_chunks_in_place: 1.
 - use_allocation_guard: 0.


Internal statistics:

num_allocs_failed_limit: 9.
num_arena_births: 4932.
num_arena_deaths: 12.
num_vsnodes_births: 3.
num_vsnodes_deaths: 0.
num_space_committed: 2282.
num_space_uncommitted: 0.
num_chunks_returned_to_freelist: 26.
num_chunks_taken_from_freelist: 11143.
num_chunk_merges: 8.
num_chunk_splits: 7290.
num_chunks_enlarged: 4676.
num_inconsistent_stats: 0.

CodeHeap 'non-profiled nmethods': size=119168Kb used=14250Kb max_used=14628Kb free=104917Kb
 bounds [0x000001fedd160000, 0x000001fede060000, 0x000001fee45c0000]
CodeHeap 'profiled nmethods': size=119104Kb used=33940Kb max_used=37144Kb free=85163Kb
 bounds [0x000001fed55c0000, 0x000001fed7a50000, 0x000001fedca10000]
CodeHeap 'non-nmethods': size=7488Kb used=3777Kb max_used=3872Kb free=3710Kb
 bounds [0x000001fedca10000, 0x000001fedcdf0000, 0x000001fedd160000]
CodeCache: size=245760Kb, used=51967Kb, max_used=55644Kb, free=193790Kb
 total_blobs=17483, nmethods=16520, adapters=861, full_count=0
Compilation: enabled, stopped_count=0, restarted_count=0

Compilation events (20 events):
Event: 22.208 Thread 0x000001feef1f5200 nmethod 23374 0x000001fed62e2590 code [0x000001fed62e2740, 0x000001fed62e2898]
Event: 22.208 Thread 0x000001feea8467f0 nmethod 23375 0x000001fed5ce0e10 code [0x000001fed5ce0fc0, 0x000001fed5ce1210]
Event: 22.215 Thread 0x000001fef655aae0 23376       3       com.android.tools.r8.internal.w4::a (16 bytes)
Event: 22.215 Thread 0x000001feef1f7410 23377       3       com.android.tools.r8.internal.w4::<init> (10 bytes)
Event: 22.215 Thread 0x000001fef655aae0 nmethod 23376 0x000001fed5d1be10 code [0x000001fed5d1bfc0, 0x000001fed5d1c1a0]
Event: 22.215 Thread 0x000001feef1f7410 nmethod 23377 0x000001fed678f210 code [0x000001fed678f3c0, 0x000001fed678f4f8]
Event: 22.223 Thread 0x000001fef655aae0 23378       2       com.android.tools.r8.internal.vj1::l (136 bytes)
Event: 22.223 Thread 0x000001fef655aae0 nmethod 23378 0x000001fed5cc0490 code [0x000001fed5cc0660, 0x000001fed5cc0980]
Event: 22.237 Thread 0x000001feef1f7410 23383       3       com.android.tools.r8.internal.eh3::<init> (49 bytes)
Event: 22.237 Thread 0x000001feef1f7410 nmethod 23383 0x000001fed608ce10 code [0x000001fed608cfc0, 0x000001fed608d200]
Event: 22.247 Thread 0x000001fef655aae0 23385 %     3       com.android.tools.r8.internal.vj1::k @ 51 (145 bytes)
Event: 22.247 Thread 0x000001fef655aae0 nmethod 23385% 0x000001fed6264490 code [0x000001fed62646a0, 0x000001fed6264f08]
Event: 22.247 Thread 0x000001feef1f7410 23386       3       com.android.tools.r8.internal.yy3::c (190 bytes)
Event: 22.248 Thread 0x000001fef655aae0 23387       3       com.android.tools.r8.internal.yy3::b (81 bytes)
Event: 22.249 Thread 0x000001fef655aae0 nmethod 23387 0x000001fed5719c90 code [0x000001fed5719fa0, 0x000001fed571b020]
Event: 22.249 Thread 0x000001feef1f7410 nmethod 23386 0x000001fed6d7ec90 code [0x000001fed6d7f120, 0x000001fed6d81aa8]
Event: 22.253 Thread 0x000001feea8467f0 23388       3       com.android.tools.r8.internal.t52::a (3042 bytes)
Event: 22.289 Thread 0x000001feef1f7410 23391       3       java.util.concurrent.ConcurrentHashMap::comparableClassFor (115 bytes)
Event: 22.290 Thread 0x000001feef1f7410 nmethod 23391 0x000001fed57e4010 code [0x000001fed57e42a0, 0x000001fed57e4fb8]
Event: 22.301 Thread 0x000001feef1f5200 23392 %     3       com.android.tools.r8.internal.qp0::<init> @ 544 (687 bytes)

GC Heap History (20 events):
Event: 19.925 GC heap before
{Heap before GC invocations=63 (full 0):
 garbage-first heap   total 768000K, used 694126K [0x0000000080000000, 0x0000000100000000)
  region size 1024K, 257 young (263168K), 7 survivors (7168K)
 Metaspace       used 143267K, committed 145664K, reserved 1179648K
  class space    used 20285K, committed 21440K, reserved 1048576K
}
Event: 19.928 GC heap after
{Heap after GC invocations=64 (full 0):
 garbage-first heap   total 768000K, used 439383K [0x0000000080000000, 0x0000000100000000)
  region size 1024K, 7 young (7168K), 7 survivors (7168K)
 Metaspace       used 143267K, committed 145664K, reserved 1179648K
  class space    used 20285K, committed 21440K, reserved 1048576K
}
Event: 20.196 GC heap before
{Heap before GC invocations=64 (full 0):
 garbage-first heap   total 768000K, used 705623K [0x0000000080000000, 0x0000000100000000)
  region size 1024K, 267 young (273408K), 7 survivors (7168K)
 Metaspace       used 143317K, committed 145728K, reserved 1179648K
  class space    used 20286K, committed 21440K, reserved 1048576K
}
Event: 20.200 GC heap after
{Heap after GC invocations=65 (full 0):
 garbage-first heap   total 768000K, used 439321K [0x0000000080000000, 0x0000000100000000)
  region size 1024K, 7 young (7168K), 7 survivors (7168K)
 Metaspace       used 143317K, committed 145728K, reserved 1179648K
  class space    used 20286K, committed 21440K, reserved 1048576K
}
Event: 20.406 GC heap before
{Heap before GC invocations=66 (full 0):
 garbage-first heap   total 768000K, used 714777K [0x0000000080000000, 0x0000000100000000)
  region size 1024K, 276 young (282624K), 7 survivors (7168K)
 Metaspace       used 143394K, committed 145792K, reserved 1179648K
  class space    used 20287K, committed 21440K, reserved 1048576K
}
Event: 20.410 GC heap after
{Heap after GC invocations=67 (full 0):
 garbage-first heap   total 768000K, used 440704K [0x0000000080000000, 0x0000000100000000)
  region size 1024K, 8 young (8192K), 8 survivors (8192K)
 Metaspace       used 143394K, committed 145792K, reserved 1179648K
  class space    used 20287K, committed 21440K, reserved 1048576K
}
Event: 20.641 GC heap before
{Heap before GC invocations=67 (full 0):
 garbage-first heap   total 768000K, used 723328K [0x0000000080000000, 0x0000000100000000)
  region size 1024K, 284 young (290816K), 8 survivors (8192K)
 Metaspace       used 143483K, committed 145920K, reserved 1179648K
  class space    used 20287K, committed 21440K, reserved 1048576K
}
Event: 20.648 GC heap after
{Heap after GC invocations=68 (full 0):
 garbage-first heap   total 768000K, used 436818K [0x0000000080000000, 0x0000000100000000)
  region size 1024K, 10 young (10240K), 10 survivors (10240K)
 Metaspace       used 143483K, committed 145920K, reserved 1179648K
  class space    used 20287K, committed 21440K, reserved 1048576K
}
Event: 20.843 GC heap before
{Heap before GC invocations=68 (full 0):
 garbage-first heap   total 768000K, used 727634K [0x0000000080000000, 0x0000000100000000)
  region size 1024K, 295 young (302080K), 10 survivors (10240K)
 Metaspace       used 143499K, committed 145920K, reserved 1179648K
  class space    used 20287K, committed 21440K, reserved 1048576K
}
Event: 20.849 GC heap after
{Heap after GC invocations=69 (full 0):
 garbage-first heap   total 768000K, used 437729K [0x0000000080000000, 0x0000000100000000)
  region size 1024K, 11 young (11264K), 11 survivors (11264K)
 Metaspace       used 143499K, committed 145920K, reserved 1179648K
  class space    used 20287K, committed 21440K, reserved 1048576K
}
Event: 21.186 GC heap before
{Heap before GC invocations=69 (full 0):
 garbage-first heap   total 768000K, used 727521K [0x0000000080000000, 0x0000000100000000)
  region size 1024K, 295 young (302080K), 11 survivors (11264K)
 Metaspace       used 143509K, committed 145920K, reserved 1179648K
  class space    used 20288K, committed 21440K, reserved 1048576K
}
Event: 21.191 GC heap after
{Heap after GC invocations=70 (full 0):
 garbage-first heap   total 768000K, used 437965K [0x0000000080000000, 0x0000000100000000)
  region size 1024K, 11 young (11264K), 11 survivors (11264K)
 Metaspace       used 143509K, committed 145920K, reserved 1179648K
  class space    used 20288K, committed 21440K, reserved 1048576K
}
Event: 21.416 GC heap before
{Heap before GC invocations=71 (full 0):
 garbage-first heap   total 768000K, used 728781K [0x0000000080000000, 0x0000000100000000)
  region size 1024K, 295 young (302080K), 11 survivors (11264K)
 Metaspace       used 143539K, committed 145920K, reserved 1179648K
  class space    used 20290K, committed 21440K, reserved 1048576K
}
Event: 21.422 GC heap after
{Heap after GC invocations=72 (full 0):
 garbage-first heap   total 768000K, used 441178K [0x0000000080000000, 0x0000000100000000)
  region size 1024K, 14 young (14336K), 14 survivors (14336K)
 Metaspace       used 143539K, committed 145920K, reserved 1179648K
  class space    used 20290K, committed 21440K, reserved 1048576K
}
Event: 21.632 GC heap before
{Heap before GC invocations=72 (full 0):
 garbage-first heap   total 768000K, used 728922K [0x0000000080000000, 0x0000000100000000)
  region size 1024K, 295 young (302080K), 14 survivors (14336K)
 Metaspace       used 143621K, committed 146112K, reserved 1179648K
  class space    used 20307K, committed 21504K, reserved 1048576K
}
Event: 21.638 GC heap after
{Heap after GC invocations=73 (full 0):
 garbage-first heap   total 768000K, used 435627K [0x0000000080000000, 0x0000000100000000)
  region size 1024K, 14 young (14336K), 14 survivors (14336K)
 Metaspace       used 143621K, committed 146112K, reserved 1179648K
  class space    used 20307K, committed 21504K, reserved 1048576K
}
Event: 21.850 GC heap before
{Heap before GC invocations=73 (full 0):
 garbage-first heap   total 768000K, used 727467K [0x0000000080000000, 0x0000000100000000)
  region size 1024K, 299 young (306176K), 14 survivors (14336K)
 Metaspace       used 143631K, committed 146112K, reserved 1179648K
  class space    used 20308K, committed 21504K, reserved 1048576K
}
Event: 21.855 GC heap after
{Heap after GC invocations=74 (full 0):
 garbage-first heap   total 768000K, used 437398K [0x0000000080000000, 0x0000000100000000)
  region size 1024K, 15 young (15360K), 15 survivors (15360K)
 Metaspace       used 143631K, committed 146112K, reserved 1179648K
  class space    used 20308K, committed 21504K, reserved 1048576K
}
Event: 22.197 GC heap before
{Heap before GC invocations=74 (full 0):
 garbage-first heap   total 768000K, used 728214K [0x0000000080000000, 0x0000000100000000)
  region size 1024K, 299 young (306176K), 15 survivors (15360K)
 Metaspace       used 143643K, committed 146112K, reserved 1179648K
  class space    used 20308K, committed 21504K, reserved 1048576K
}
Event: 22.203 GC heap after
{Heap after GC invocations=75 (full 0):
 garbage-first heap   total 768000K, used 438323K [0x0000000080000000, 0x0000000100000000)
  region size 1024K, 16 young (16384K), 16 survivors (16384K)
 Metaspace       used 143643K, committed 146112K, reserved 1179648K
  class space    used 20308K, committed 21504K, reserved 1048576K
}

Dll operation events (3 events):
Event: 0.004 Loaded shared library C:\Program Files\Android\Android Studio\jbr\bin\java.dll
Event: 0.007 Loaded shared library C:\Program Files\Android\Android Studio\jbr\bin\zip.dll
Event: 0.406 Loaded shared library C:\Program Files\Android\Android Studio\jbr\bin\verify.dll

Deoptimization events (20 events):
Event: 22.268 Thread 0x000001fefd6ef850 DEOPT PACKING pc=0x000001fed7491fb3 sp=0x00000067990f93b0
Event: 22.268 Thread 0x000001fefd6ef850 DEOPT UNPACKING pc=0x000001fedca64b42 sp=0x00000067990f8988 mode 0
Event: 22.282 Thread 0x000001fefd6ec3d0 DEOPT PACKING pc=0x000001fed7571b50 sp=0x00000067991f9260
Event: 22.282 Thread 0x000001fefd6ec3d0 DEOPT UNPACKING pc=0x000001fedca64b42 sp=0x00000067991f8948 mode 0
Event: 22.283 Thread 0x000001fef797f6f0 Uncommon trap: trap_request=0xffffff45 fr.pc=0x000001fedddacf14 relative=0x0000000000005cf4
Event: 22.283 Thread 0x000001fef797f6f0 Uncommon trap: reason=unstable_if action=reinterpret pc=0x000001fedddacf14 method=com.android.tools.r8.internal.t52.a(Lcom/android/tools/r8/internal/r52;Z)Lcom/android/tools/r8/internal/r52; @ 1404 c2
Event: 22.283 Thread 0x000001fef797f6f0 DEOPT PACKING pc=0x000001fedddacf14 sp=0x0000006798af92b0
Event: 22.283 Thread 0x000001fef797f6f0 DEOPT UNPACKING pc=0x000001fedca643a2 sp=0x0000006798af92a0 mode 2
Event: 22.294 Thread 0x000001fefd6ebd40 DEOPT PACKING pc=0x000001fed7571b50 sp=0x0000006798ff97f0
Event: 22.294 Thread 0x000001fefd6ebd40 DEOPT UNPACKING pc=0x000001fedca64b42 sp=0x0000006798ff8ed8 mode 0
Event: 22.296 Thread 0x000001fef3122bc0 DEOPT PACKING pc=0x000001fed76dda3d sp=0x000000678ccf9090
Event: 22.296 Thread 0x000001fef3122bc0 DEOPT UNPACKING pc=0x000001fedca64b42 sp=0x000000678ccf8948 mode 0
Event: 22.301 Thread 0x000001fefd6ef850 Uncommon trap: trap_request=0xffffff45 fr.pc=0x000001feddd86b58 relative=0x0000000000002638
Event: 22.301 Thread 0x000001fefd6ef850 Uncommon trap: reason=unstable_if action=reinterpret pc=0x000001feddd86b58 method=com.android.tools.r8.internal.qp0.<init>(Lcom/android/tools/r8/internal/z51;I)V @ 462 c2
Event: 22.301 Thread 0x000001fefd6ef850 DEOPT PACKING pc=0x000001feddd86b58 sp=0x00000067990f9a20
Event: 22.301 Thread 0x000001fefd6ef850 DEOPT UNPACKING pc=0x000001fedca643a2 sp=0x00000067990f9a48 mode 2
Event: 22.303 Thread 0x000001fefd6ef850 Uncommon trap: trap_request=0xffffff45 fr.pc=0x000001fedde660e8 relative=0x0000000000002b08
Event: 22.303 Thread 0x000001fefd6ef850 Uncommon trap: reason=unstable_if action=reinterpret pc=0x000001fedde660e8 method=com.android.tools.r8.internal.gi4.a(Lcom/android/tools/r8/internal/ai4;)Ljava/util/Set; @ 135 c2
Event: 22.303 Thread 0x000001fefd6ef850 DEOPT PACKING pc=0x000001fedde660e8 sp=0x00000067990f9af0
Event: 22.303 Thread 0x000001fefd6ef850 DEOPT UNPACKING pc=0x000001fedca643a2 sp=0x00000067990f9a68 mode 2

Classes loaded (20 events):
Event: 17.956 Loading class sun/rmi/transport/DGCImpl$LeaseInfo
Event: 17.956 Loading class sun/rmi/transport/DGCImpl$LeaseInfo done
Event: 17.956 Loading class sun/rmi/transport/DGCImpl$1
Event: 17.956 Loading class sun/rmi/transport/DGCImpl$1 done
Event: 17.956 Loading class sun/rmi/transport/SequenceEntry
Event: 17.956 Loading class sun/rmi/transport/SequenceEntry done
Event: 18.639 Loading class java/util/IdentityHashMap$EntrySpliterator
Event: 18.639 Loading class java/util/IdentityHashMap$IdentityHashMapSpliterator
Event: 18.639 Loading class java/util/IdentityHashMap$IdentityHashMapSpliterator done
Event: 18.640 Loading class java/util/IdentityHashMap$EntrySpliterator done
Event: 18.653 Loading class java/util/SortedSet$1
Event: 18.653 Loading class java/util/SortedSet$1 done
Event: 18.662 Loading class java/util/PriorityQueue
Event: 18.662 Loading class java/util/PriorityQueue done
Event: 18.722 Loading class java/util/IdentityHashMap$ValueIterator
Event: 18.722 Loading class java/util/IdentityHashMap$ValueIterator done
Event: 18.773 Loading class java/util/concurrent/ConcurrentHashMap$TreeNode
Event: 18.774 Loading class java/util/concurrent/ConcurrentHashMap$TreeNode done
Event: 18.774 Loading class java/util/concurrent/ConcurrentHashMap$TreeBin
Event: 18.774 Loading class java/util/concurrent/ConcurrentHashMap$TreeBin done

Classes unloaded (6 events):
Event: 16.262 Thread 0x000001feea7ab820 Unloading class 0x0000000100ecdc00 'java/lang/invoke/LambdaForm$MH+0x0000000100ecdc00'
Event: 18.302 Thread 0x000001feea7ab820 Unloading class 0x00000001012e8c00 'java/lang/invoke/LambdaForm$DMH+0x00000001012e8c00'
Event: 18.302 Thread 0x000001feea7ab820 Unloading class 0x00000001012e8800 'java/lang/invoke/LambdaForm$DMH+0x00000001012e8800'
Event: 18.302 Thread 0x000001feea7ab820 Unloading class 0x00000001012e8400 'java/lang/invoke/LambdaForm$DMH+0x00000001012e8400'
Event: 20.160 Thread 0x000001feea7ab820 Unloading class 0x00000001014a8400 'java/lang/invoke/LambdaForm$DMH+0x00000001014a8400'
Event: 20.160 Thread 0x000001feea7ab820 Unloading class 0x00000001014a8800 'java/lang/invoke/LambdaForm$DMH+0x00000001014a8800'

Classes redefined (0 events):
No events

Internal exceptions (20 events):
Event: 19.248 Thread 0x000001fefd6ebd40 Exception <a 'sun/nio/fs/WindowsException'{0x00000000a81c9410}> (0x00000000a81c9410) 
thrown [s\src\hotspot\share\prims\jni.cpp, line 537]
Event: 19.272 Thread 0x000001fefd6ec3d0 Exception <a 'sun/nio/fs/WindowsException'{0x00000000a7595418}> (0x00000000a7595418) 
thrown [s\src\hotspot\share\prims\jni.cpp, line 537]
Event: 19.296 Thread 0x000001fefd6ebd40 Exception <a 'sun/nio/fs/WindowsException'{0x00000000a648a818}> (0x00000000a648a818) 
thrown [s\src\hotspot\share\prims\jni.cpp, line 537]
Event: 19.297 Thread 0x000001fefd6ebd40 Exception <a 'sun/nio/fs/WindowsException'{0x00000000a6495960}> (0x00000000a6495960) 
thrown [s\src\hotspot\share\prims\jni.cpp, line 537]
Event: 19.297 Thread 0x000001fefd6ebd40 Exception <a 'sun/nio/fs/WindowsException'{0x00000000a64a0088}> (0x00000000a64a0088) 
thrown [s\src\hotspot\share\prims\jni.cpp, line 537]
Event: 19.298 Thread 0x000001fefd6ebd40 Exception <a 'sun/nio/fs/WindowsException'{0x00000000a64aa688}> (0x00000000a64aa688) 
thrown [s\src\hotspot\share\prims\jni.cpp, line 537]
Event: 19.298 Thread 0x000001fefd6ebd40 Exception <a 'sun/nio/fs/WindowsException'{0x00000000a64b56f8}> (0x00000000a64b56f8) 
thrown [s\src\hotspot\share\prims\jni.cpp, line 537]
Event: 19.299 Thread 0x000001fefd6ebd40 Exception <a 'sun/nio/fs/WindowsException'{0x00000000a64bfdf8}> (0x00000000a64bfdf8) 
thrown [s\src\hotspot\share\prims\jni.cpp, line 537]
Event: 19.299 Thread 0x000001fefd6ebd40 Exception <a 'sun/nio/fs/WindowsException'{0x00000000a64cae50}> (0x00000000a64cae50) 
thrown [s\src\hotspot\share\prims\jni.cpp, line 537]
Event: 19.300 Thread 0x000001fefd6ebd40 Exception <a 'sun/nio/fs/WindowsException'{0x00000000a64d5540}> (0x00000000a64d5540) 
thrown [s\src\hotspot\share\prims\jni.cpp, line 537]
Event: 19.300 Thread 0x000001fefd6ebd40 Exception <a 'sun/nio/fs/WindowsException'{0x00000000a64dfba8}> (0x00000000a64dfba8) 
thrown [s\src\hotspot\share\prims\jni.cpp, line 537]
Event: 19.301 Thread 0x000001fefd6ebd40 Exception <a 'sun/nio/fs/WindowsException'{0x00000000a64eacf8}> (0x00000000a64eacf8) 
thrown [s\src\hotspot\share\prims\jni.cpp, line 537]
Event: 19.357 Thread 0x000001fefd6ebd40 Exception <a 'sun/nio/fs/WindowsException'{0x00000000a397e658}> (0x00000000a397e658) 
thrown [s\src\hotspot\share\prims\jni.cpp, line 537]
Event: 19.389 Thread 0x000001fefd6ebd40 Exception <a 'sun/nio/fs/WindowsException'{0x00000000a2325ee8}> (0x00000000a2325ee8) 
thrown [s\src\hotspot\share\prims\jni.cpp, line 537]
Event: 20.032 Thread 0x000001fefd6ec3d0 Implicit null exception at 0x000001fedde08143 to 0x000001fedde0c314
Event: 21.306 Thread 0x000001fef14effa0 Exception <a 'sun/nio/fs/WindowsException'{0x00000000a2c461d8}> (0x00000000a2c461d8) 
thrown [s\src\hotspot\share\prims\jni.cpp, line 537]
Event: 21.325 Thread 0x000001fef14effa0 Exception <a 'sun/nio/fs/WindowsException'{0x00000000a16139f8}> (0x00000000a16139f8) 
thrown [s\src\hotspot\share\prims\jni.cpp, line 537]
Event: 21.453 Thread 0x000001fefd6ebd40 Exception <a 'java/lang/NoSuchMethodError'{0x00000000a8e51988}: 'void java.lang.invoke.DirectMethodHandle$Holder.invokeSpecial(java.lang.Object, java.lang.Object, java.lang.Object, java.lang.Object, java.lang.Object, java.lang.Object, java.lang.Object, java.lang.Object, java.lang.Object)'> (0x00000000a8e51988) 
thrown [s\src\hotspot\share\interpreter\linkResolver.cpp, line 784]
Event: 21.455 Thread 0x000001fefd6ebd40 Exception <a 'sun/nio/fs/WindowsException'{0x00000000a8e666a0}> (0x00000000a8e666a0) 
thrown [s\src\hotspot\share\prims\jni.cpp, line 537]
Event: 21.458 Thread 0x000001fefd6ebd40 Exception <a 'sun/nio/fs/WindowsException'{0x00000000a86082f0}> (0x00000000a86082f0) 
thrown [s\src\hotspot\share\prims\jni.cpp, line 537]

ZGC Phase Switch (0 events):
No events

VM Operations (20 events):
Event: 20.843 Executing VM operation: G1CollectForAllocation (G1 Evacuation Pause)
Event: 20.849 Executing VM operation: G1CollectForAllocation (G1 Evacuation Pause) done
Event: 21.088 Executing VM operation: G1PauseRemark
Event: 21.094 Executing VM operation: G1PauseRemark done
Event: 21.186 Executing VM operation: G1CollectForAllocation (G1 Evacuation Pause)
Event: 21.191 Executing VM operation: G1CollectForAllocation (G1 Evacuation Pause) done
Event: 21.215 Executing VM operation: G1PauseCleanup
Event: 21.216 Executing VM operation: G1PauseCleanup done
Event: 21.413 Executing VM operation: G1CollectForAllocation (G1 Evacuation Pause)
Event: 21.422 Executing VM operation: G1CollectForAllocation (G1 Evacuation Pause) done
Event: 21.584 Executing VM operation: HandshakeAllThreads (Deoptimize)
Event: 21.587 Executing VM operation: HandshakeAllThreads (Deoptimize) done
Event: 21.631 Executing VM operation: G1CollectForAllocation (G1 Evacuation Pause)
Event: 21.638 Executing VM operation: G1CollectForAllocation (G1 Evacuation Pause) done
Event: 21.849 Executing VM operation: G1CollectForAllocation (G1 Evacuation Pause)
Event: 21.855 Executing VM operation: G1CollectForAllocation (G1 Evacuation Pause) done
Event: 22.117 Executing VM operation: G1PauseRemark
Event: 22.124 Executing VM operation: G1PauseRemark done
Event: 22.196 Executing VM operation: G1CollectForAllocation (G1 Evacuation Pause)
Event: 22.203 Executing VM operation: G1CollectForAllocation (G1 Evacuation Pause) done

Memory protections (0 events):
No events

Nmethod flushes (20 events):
Event: 22.123 Thread 0x000001feea7ab820 flushing  nmethod 0x000001fed72d7e90
Event: 22.123 Thread 0x000001feea7ab820 flushing  nmethod 0x000001fed736a910
Event: 22.123 Thread 0x000001feea7ab820 flushing  nmethod 0x000001fed795cb90
Event: 22.123 Thread 0x000001feea7ab820 flushing  nmethod 0x000001fed795cf10
Event: 22.123 Thread 0x000001feea7ab820 flushing  nmethod 0x000001fed795d690
Event: 22.123 Thread 0x000001feea7ab820 flushing  nmethod 0x000001fed795de10
Event: 22.123 Thread 0x000001feea7ab820 flushing  nmethod 0x000001fed795f110
Event: 22.123 Thread 0x000001feea7ab820 flushing  nmethod 0x000001fed795f610
Event: 22.123 Thread 0x000001feea7ab820 flushing  nmethod 0x000001fed79bee90
Event: 22.123 Thread 0x000001feea7ab820 flushing  nmethod 0x000001fed79bf390
Event: 22.123 Thread 0x000001feea7ab820 flushing  nmethod 0x000001fed79bff10
Event: 22.123 Thread 0x000001feea7ab820 flushing  nmethod 0x000001fed7351090
Event: 22.123 Thread 0x000001feea7ab820 flushing  nmethod 0x000001fed79a6110
Event: 22.123 Thread 0x000001feea7ab820 flushing  nmethod 0x000001fed79a6610
Event: 22.123 Thread 0x000001feea7ab820 flushing  nmethod 0x000001fed6d49610
Event: 22.123 Thread 0x000001feea7ab820 flushing  nmethod 0x000001fed72e2010
Event: 22.123 Thread 0x000001feea7ab820 flushing  nmethod 0x000001fed746a710
Event: 22.123 Thread 0x000001feea7ab820 flushing  nmethod 0x000001fed79b8710
Event: 22.123 Thread 0x000001feea7ab820 flushing  nmethod 0x000001fed79b8f90
Event: 22.123 Thread 0x000001feea7ab820 flushing  nmethod 0x000001fed79b9390

Events (20 events):
Event: 17.042 Thread 0x000001fef7cf0570 Thread added: 0x000001fef797e9d0
Event: 17.042 Thread 0x000001fef7cf0570 Thread added: 0x000001fef797f6f0
Event: 17.043 Thread 0x000001fef7cf0570 Thread added: 0x000001fef797fd80
Event: 17.043 Thread 0x000001fef7cf0570 Thread added: 0x000001fefd6ed0f0
Event: 17.043 Thread 0x000001fef7cf0570 Thread added: 0x000001fefd6ebd40
Event: 17.043 Thread 0x000001fef7cf0570 Thread added: 0x000001fefd6ef850
Event: 17.043 Thread 0x000001fef7cf0570 Thread added: 0x000001fefd6ec3d0
Event: 17.217 Thread 0x000001fefd01f6c0 Thread added: 0x000001fefd6f0c00
Event: 17.556 Thread 0x000001feea8467f0 Thread added: 0x000001fef655bf50
Event: 17.573 Thread 0x000001feef1f7410 Thread added: 0x000001feffdd6200
Event: 17.580 Thread 0x000001feea828f10 Thread added: 0x000001feffdd5460
Event: 17.581 Thread 0x000001feef1f58d0 Thread added: 0x000001feffdd68d0
Event: 17.747 Thread 0x000001fefd6f0c00 Thread exited: 0x000001fefd6f0c00
Event: 17.866 Thread 0x000001fefd01f6c0 Thread added: 0x000001fefeadfaf0
Event: 17.870 Thread 0x000001fefd01f6c0 Thread added: 0x000001fefeade0b0
Event: 17.871 Loaded shared library C:\Program Files\Android\Android Studio\jbr\bin\rmi.dll
Event: 17.871 Thread 0x000001fefd01f6c0 Thread added: 0x000001fefeae0810
Event: 17.923 Thread 0x000001fefd01f6c0 Thread added: 0x000001fef797bbe0
Event: 17.923 Thread 0x000001fefd01f6c0 Thread added: 0x000001fef7979480
Event: 17.952 Thread 0x000001fef797bbe0 Thread added: 0x000001fef7980410


Dynamic libraries:
0x00007ff7991a0000 - 0x00007ff7991aa000 	C:\Program Files\Android\Android Studio\jbr\bin\java.exe
0x00007ffcc0260000 - 0x00007ffcc04c7000 	C:\windows\SYSTEM32\ntdll.dll
0x00007ffcbf550000 - 0x00007ffcbf619000 	C:\windows\System32\KERNEL32.DLL
0x00007ffcbcb40000 - 0x00007ffcbcf31000 	C:\windows\System32\KERNELBASE.dll
0x00007ffcbdeb0000 - 0x00007ffcbdffb000 	C:\windows\System32\ucrtbase.dll
0x00007ffcadac0000 - 0x00007ffcadadb000 	C:\Program Files\Android\Android Studio\jbr\bin\VCRUNTIME140.dll
0x00007ffcba480000 - 0x00007ffcba498000 	C:\Program Files\Android\Android Studio\jbr\bin\jli.dll
0x00007ffcbf310000 - 0x00007ffcbf4d5000 	C:\windows\System32\USER32.dll
0x00007ffcbd2c0000 - 0x00007ffcbd2e7000 	C:\windows\System32\win32u.dll
0x00007ffc9aeb0000 - 0x00007ffc9b143000 	C:\windows\WinSxS\amd64_microsoft.windows.common-controls_6595b64144ccf1df_6.0.26100.7922_none_3e089e1ee3342171\COMCTL32.dll
0x00007ffcbf520000 - 0x00007ffcbf54b000 	C:\windows\System32\GDI32.dll
0x00007ffcc0170000 - 0x00007ffcc0219000 	C:\windows\System32\msvcrt.dll
0x00007ffcbdb60000 - 0x00007ffcbdc8a000 	C:\windows\System32\gdi32full.dll
0x00007ffcbd090000 - 0x00007ffcbd133000 	C:\windows\System32\msvcp_win.dll
0x00007ffcbf250000 - 0x00007ffcbf281000 	C:\windows\System32\IMM32.DLL
0x00007ffcb8250000 - 0x00007ffcb825c000 	C:\Program Files\Android\Android Studio\jbr\bin\vcruntime140_1.dll
0x00007ffc92870000 - 0x00007ffc928fd000 	C:\Program Files\Android\Android Studio\jbr\bin\msvcp140.dll
0x00007ffc1e040000 - 0x00007ffc1ecd6000 	C:\Program Files\Android\Android Studio\jbr\bin\server\jvm.dll
0x00007ffcbf6d0000 - 0x00007ffcbf78b000 	C:\windows\System32\ADVAPI32.dll
0x00007ffcbf620000 - 0x00007ffcbf6c7000 	C:\windows\System32\sechost.dll
0x00007ffcbfec0000 - 0x00007ffcbffd8000 	C:\windows\System32\RPCRT4.dll
0x00007ffcbef60000 - 0x00007ffcbefd4000 	C:\windows\System32\WS2_32.dll
0x00007ffca9080000 - 0x00007ffca90b5000 	C:\windows\SYSTEM32\WINMM.dll
0x00007ffcb6790000 - 0x00007ffcb679b000 	C:\windows\SYSTEM32\VERSION.dll
0x00007ffcbc9c0000 - 0x00007ffcbca1e000 	C:\windows\SYSTEM32\POWRPROF.dll
0x00007ffcbc9a0000 - 0x00007ffcbc9b4000 	C:\windows\SYSTEM32\UMPDC.dll
0x00007ffcbb890000 - 0x00007ffcbb8ab000 	C:\windows\SYSTEM32\kernel.appcore.dll
0x00007ffcadab0000 - 0x00007ffcadaba000 	C:\Program Files\Android\Android Studio\jbr\bin\jimage.dll
0x00007ffcb4050000 - 0x00007ffcb4292000 	C:\windows\SYSTEM32\DBGHELP.DLL
0x00007ffcbf9f0000 - 0x00007ffcbfd72000 	C:\windows\System32\combase.dll
0x00007ffcbf100000 - 0x00007ffcbf1d7000 	C:\windows\System32\OLEAUT32.dll
0x00007ffca6460000 - 0x00007ffca649b000 	C:\windows\SYSTEM32\dbgcore.DLL
0x00007ffcbde00000 - 0x00007ffcbdea5000 	C:\windows\System32\bcryptPrimitives.dll
0x00007ffcaef70000 - 0x00007ffcaef7e000 	C:\Program Files\Android\Android Studio\jbr\bin\instrument.dll
0x00007ffcacdb0000 - 0x00007ffcacdd0000 	C:\Program Files\Android\Android Studio\jbr\bin\java.dll
0x00007ffcacd90000 - 0x00007ffcacda8000 	C:\Program Files\Android\Android Studio\jbr\bin\zip.dll
0x00007ffcbe650000 - 0x00007ffcbedaf000 	C:\windows\System32\SHELL32.dll
0x00007ffcbdc90000 - 0x00007ffcbddfa000 	C:\windows\System32\wintypes.dll
0x00007ffcbd2f0000 - 0x00007ffcbdb54000 	C:\windows\System32\windows.storage.dll
0x00007ffcbffe0000 - 0x00007ffcc00d7000 	C:\windows\System32\SHCORE.dll
0x00007ffcbf1e0000 - 0x00007ffcbf247000 	C:\windows\System32\shlwapi.dll
0x00007ffcbca60000 - 0x00007ffcbca89000 	C:\windows\SYSTEM32\profapi.dll
0x00007ffcadaa0000 - 0x00007ffcadab0000 	C:\Program Files\Android\Android Studio\jbr\bin\net.dll
0x00007ffcb6610000 - 0x00007ffcb6737000 	C:\windows\SYSTEM32\WINHTTP.dll
0x00007ffcbbde0000 - 0x00007ffcbbe4b000 	C:\windows\system32\mswsock.dll
0x00007ffcacd70000 - 0x00007ffcacd86000 	C:\Program Files\Android\Android Studio\jbr\bin\nio.dll
0x00007ffcacd60000 - 0x00007ffcacd70000 	C:\Program Files\Android\Android Studio\jbr\bin\verify.dll
0x00007ffc38140000 - 0x00007ffc38167000 	C:\Users\umesh\.gradle\native\660c5614fbf4a5f2a75b1949f50a0caf5cd603558e7d8a26e50b933a0cfb79d1\windows-amd64\native-platform.dll
0x00007ffca7110000 - 0x00007ffca7187000 	C:\Users\umesh\.gradle\native\0.2.8\x86_64-windows-gnu\gradle-fileevents.dll
0x00007ffcacce0000 - 0x00007ffcacce9000 	C:\Program Files\Android\Android Studio\jbr\bin\management.dll
0x00007ffca64d0000 - 0x00007ffca64db000 	C:\Program Files\Android\Android Studio\jbr\bin\management_ext.dll
0x00007ffcbefe0000 - 0x00007ffcbefe8000 	C:\windows\System32\PSAPI.DLL
0x00007ffcbb1a0000 - 0x00007ffcbb1d3000 	C:\windows\SYSTEM32\IPHLPAPI.DLL
0x00007ffcbfeb0000 - 0x00007ffcbfeba000 	C:\windows\System32\NSI.dll
0x00007ffcaccf0000 - 0x00007ffcaccf9000 	C:\Program Files\Android\Android Studio\jbr\bin\extnet.dll
0x00007ffcbc1e0000 - 0x00007ffcbc1fb000 	C:\windows\SYSTEM32\CRYPTSP.dll
0x00007ffcbb7f0000 - 0x00007ffcbb829000 	C:\windows\system32\rsaenh.dll
0x00007ffcbbe90000 - 0x00007ffcbbec2000 	C:\windows\SYSTEM32\USERENV.dll
0x00007ffcbca30000 - 0x00007ffcbca5a000 	C:\windows\SYSTEM32\bcrypt.dll
0x00007ffcbc040000 - 0x00007ffcbc04c000 	C:\windows\SYSTEM32\CRYPTBASE.dll
0x00007ffc6d700000 - 0x00007ffc6d708000 	C:\windows\system32\wshunix.dll
0x00007ffcbb9b0000 - 0x00007ffcbb9e6000 	C:\windows\SYSTEM32\ntmarta.dll
0x00007ffcaef60000 - 0x00007ffcaef67000 	C:\Program Files\Android\Android Studio\jbr\bin\rmi.dll

JVMTI agents:
C:\Users\umesh\.gradle\wrapper\dists\gradle-9.2.1-bin\2t0n5ozlw9xmuyvbp7dnzaxug\gradle-9.2.1\lib\agents\gradle-instrumentation-agent-9.2.1.jar path:C:\Program Files\Android\Android Studio\jbr\bin\instrument.dll, loaded, initialized, instrumentlib options:none

dbghelp: loaded successfully - version: 4.0.5 - missing functions: none
symbol engine: initialized successfully - sym options: 0x614 - pdb path: .;C:\Program Files\Android\Android Studio\jbr\bin;C:\windows\SYSTEM32;C:\windows\WinSxS\amd64_microsoft.windows.common-controls_6595b64144ccf1df_6.0.26100.7922_none_3e089e1ee3342171;C:\Program Files\Android\Android Studio\jbr\bin\server;C:\Users\umesh\.gradle\native\660c5614fbf4a5f2a75b1949f50a0caf5cd603558e7d8a26e50b933a0cfb79d1\windows-amd64;C:\Users\umesh\.gradle\native\0.2.8\x86_64-windows-gnu

VM Arguments:
jvm_args: --add-opens=java.base/java.lang=ALL-UNNAMED --add-opens=java.base/java.lang.invoke=ALL-UNNAMED --add-opens=java.base/java.util=ALL-UNNAMED --add-opens=java.prefs/java.util.prefs=ALL-UNNAMED --add-exports=jdk.compiler/com.sun.tools.javac.api=ALL-UNNAMED --add-exports=jdk.compiler/com.sun.tools.javac.util=ALL-UNNAMED --add-opens=java.base/java.util=ALL-UNNAMED --add-opens=java.prefs/java.util.prefs=ALL-UNNAMED --add-opens=java.base/java.nio.charset=ALL-UNNAMED --add-opens=java.base/java.net=ALL-UNNAMED --add-opens=java.base/java.util.concurrent=ALL-UNNAMED --add-opens=java.base/java.util.concurrent.atomic=ALL-UNNAMED --add-opens=java.xml/javax.xml.namespace=ALL-UNNAMED --add-opens=java.base/java.time=ALL-UNNAMED -Xmx2048m -Dfile.encoding=UTF-8 -Duser.country=IN -Duser.language=en -Duser.variant -javaagent:C:\Users\umesh\.gradle\wrapper\dists\gradle-9.2.1-bin\2t0n5ozlw9xmuyvbp7dnzaxug\gradle-9.2.1\lib\agents\gradle-instrumentation-agent-9.2.1.jar 
java_command: org.gradle.launcher.daemon.bootstrap.GradleDaemon 9.2.1
java_class_path (initial): C:\Users\umesh\.gradle\wrapper\dists\gradle-9.2.1-bin\2t0n5ozlw9xmuyvbp7dnzaxug\gradle-9.2.1\lib\gradle-daemon-main-9.2.1.jar
Launcher Type: SUN_STANDARD

[Global flags]
     intx CICompilerCount                          = 12                                        {product} {ergonomic}
     uint ConcGCThreads                            = 3                                         {product} {ergonomic}
     uint G1ConcRefinementThreads                  = 13                                        {product} {ergonomic}
   size_t G1HeapRegionSize                         = 1048576                                   {product} {ergonomic}
    uintx GCDrainStackTargetSize                   = 64                                        {product} {ergonomic}
   size_t InitialHeapSize                          = 266338304                                 {product} {ergonomic}
   size_t MarkStackSize                            = 4194304                                   {product} {ergonomic}
   size_t MaxHeapSize                              = 2147483648                                {product} {command line}
   size_t MaxNewSize                               = 1287651328                                {product} {ergonomic}
   size_t MinHeapDeltaBytes                        = 1048576                                   {product} {ergonomic}
   size_t MinHeapSize                              = 8388608                                   {product} {ergonomic}
    uintx NonNMethodCodeHeapSize                   = 7602480                                {pd product} {ergonomic}
    uintx NonProfiledCodeHeapSize                  = 122027880                              {pd product} {ergonomic}
    uintx ProfiledCodeHeapSize                     = 122027880                              {pd product} {ergonomic}
    uintx ReservedCodeCacheSize                    = 251658240                              {pd product} {ergonomic}
     bool SegmentedCodeCache                       = true                                      {product} {ergonomic}
   size_t SoftMaxHeapSize                          = 2147483648                             {manageable} {ergonomic}
     bool UseCompressedOops                        = true                           {product lp64_product} {ergonomic}
     bool UseG1GC                                  = true                                      {product} {ergonomic}
     bool UseLargePagesIndividualAllocation        = false                                  {pd product} {ergonomic}

Logging:
Log output configuration:
 #0: stdout all=warning uptime,level,tags foldmultilines=false
 #1: stderr all=off uptime,level,tags foldmultilines=false

Release file:
JAVA_VERSION="21.0.9" 
MODULES="java.base java.compiler java.datatransfer java.xml java.prefs java.desktop java.instrument java.logging java.management java.security.sasl java.naming java.rmi java.management.rmi java.net.http java.scripting java.security.jgss java.transaction.xa java.sql java.sql.rowset java.xml.crypto java.se java.smartcardio jdk.accessibility jdk.internal.jvmstat jdk.attach jdk.charsets jdk.internal.opt jdk.zipfs jdk.compiler jdk.crypto.ec jdk.crypto.cryptoki jdk.dynalink jdk.hotspot.agent jdk.httpserver jdk.internal.ed jdk.internal.le jdk.internal.vm.ci jdk.jartool jdk.javadoc jdk.jcmd jdk.jdeps jdk.jdwp.agent jdk.jdi jdk.jfr jdk.jlink jdk.jsobject jdk.localedata jdk.management jdk.management.agent jdk.management.jfr jdk.naming.dns jdk.naming.rmi jdk.net jdk.sctp jdk.security.auth jdk.security.jgss jdk.unsupported jdk.unsupported.desktop jdk.xml.dom" 
IMPLEMENTOR="JetBrains s.r.o." 
JAVA_RUNTIME_VERSION="21.0.9+-14649483-b1163.86" 
LIBC="default" 
OS_ARCH="x86_64" 
OS_NAME="Windows" 
SOURCE=".:git:554d0c326095" 

Environment Variables:
JAVA_HOME=C:\Program Files\Eclipse Adoptium\jdk-21.0.10.7-hotspot\
PATH=C:\Program Files\Eclipse Adoptium\jdk-21.0.10.7-hotspot\bin;C:\Program Files\ImageMagick-7.1.2-Q16-HDRI;C:\Program Files\Common Files\Oracle\Java\javapath;C:\windows\system32;C:\windows;C:\windows\System32\Wbem;C:\windows\System32\WindowsPowerShell\v1.0\;C:\windows\System32\OpenSSH\;C:\Program Files\dotnet\;C:\Program Files\Git\cmd;C:\Program Files\Docker\Docker\resources\bin;C:\Users\umesh\.cargo\bin;C:\Users\umesh\AppData\Local\Microsoft\WindowsApps;C:\Users\umesh\AppData\Local\Programs\Microsoft VS Code\bin;C:\Program Files\Git\bin;C:\msys64\mingw64\bin;C:\kotlinc\bin;C:\Users\umesh\AppData\Local\Programs\Ollama;C:\Android;C:\Program Files\Java;;C:\Users\umesh\.lmstudio\bin;C:\Users\umesh\AppData\Local\Python\bin
USERNAME=umesh
OS=Windows_NT
PROCESSOR_IDENTIFIER=Intel64 Family 6 Model 191 Stepping 2, GenuineIntel
TMP=C:\Users\umesh\AppData\Local\Temp
TEMP=C:\Users\umesh\AppData\Local\Temp




Periodic native trim disabled

JNI global refs:
JNI global refs: 43, weak refs: 320

JNI global refs memory usage: 835, weak refs: 3993

Process memory usage:
Resident Set Size: 1366464K (8% of 16585936K total physical memory with 1390628K free physical memory)

OOME stack traces (most recent first):
Classloader memory used:
Loader org.gradle.internal.classloader.VisitableURLClassLoader$InstrumentingVisitableURLClassLoader: 50838K
Loader org.gradle.internal.classloader.VisitableURLClassLoader                         : 47051K
Loader bootstrap                                                                       : 31006K
Loader org.gradle.initialization.MixInLegacyTypesClassLoader                           : 13466K
Loader jdk.internal.reflect.DelegatingClassLoader                                      : 536K
Loader jdk.internal.loader.ClassLoaders$AppClassLoader                                 : 233K
Loader org.gradle.internal.classloader.VisitableURLClassLoader                         : 213K
Loader jdk.internal.loader.ClassLoaders$PlatformClassLoader                            : 168K
Loader org.gradle.groovy.scripts.internal.DefaultScriptCompilationHandler$ScriptClassLoader: 127K
Loader sun.reflect.misc.MethodUtil                                                     : 2984B

Classes loaded by more than one classloader:
Class Program                                                                         : loaded 5 times (x 72B)
Class Build_gradle                                                                    : loaded 3 times (x 126B)
Class com.google.common.collect.RegularImmutableMap$KeySet                            : loaded 2 times (x 152B)
Class org.gradle.internal.classloader.FilteringClassLoader                            : loaded 2 times (x 105B)
Class [Lcom.google.common.collect.MapMakerInternalMap$Segment;                        : loaded 2 times (x 69B)
Class com.google.common.io.FileWriteMode                                              : loaded 2 times (x 79B)
Class [Lcom.google.common.base.AbstractIterator$State;                                : loaded 2 times (x 69B)
Class com.google.common.base.CharMatcher$IsEither                                     : loaded 2 times (x 111B)
Class org.gradle.internal.classloader.ClassLoaderHierarchy                            : loaded 2 times (x 70B)
Class com.google.common.collect.AbstractMapBasedMultimap$WrappedCollection            : loaded 2 times (x 124B)
Class com.google.common.collect.ImmutableEnumSet                                      : loaded 2 times (x 146B)
Class com.google.common.util.concurrent.ExecutionError                                : loaded 2 times (x 82B)
Class com.google.common.collect.ImmutableList$1                                       : loaded 2 times (x 97B)
Class org.gradle.api.internal.classpath.ManifestUtil                                  : loaded 2 times (x 71B)
Class com.google.common.io.ByteArrayDataOutput                                        : loaded 2 times (x 70B)
Class com.google.common.collect.RegularImmutableMap                                   : loaded 2 times (x 121B)
Class com.google.common.collect.ImmutableMap$MapViewOfValuesAsSingletonSets           : loaded 2 times (x 126B)
Class com.google.common.collect.TransformedListIterator                               : loaded 2 times (x 93B)
Class com.google.common.reflect.TypeCapture                                           : loaded 2 times (x 71B)
Class [Lorg.objectweb.asm.Symbol;                                                     : loaded 2 times (x 69B)
Class org.objectweb.asm.ClassVisitor                                                  : loaded 2 times (x 88B)
Class com.google.common.collect.UnmodifiableListIterator                              : loaded 2 times (x 95B)
Class com.google.common.collect.MapMakerInternalMap$StrongKeyDummyValueEntry$LinkedStrongKeyDummyValueEntry: loaded 2 times (x 82B)
Class com.google.common.collect.MapMakerInternalMap$Strength                          : loaded 2 times (x 80B)
Class com.google.common.base.Platform$JdkPatternCompiler                              : loaded 2 times (x 75B)
Class org.objectweb.asm.MethodTooLargeException                                       : loaded 2 times (x 83B)
Class [Lcom.google.common.cache.CacheBuilder$OneWeigher;                              : loaded 2 times (x 69B)
Class com.google.common.base.Suppliers                                                : loaded 2 times (x 71B)
Class org.gradle.internal.classloader.DefaultClassLoaderFactory                       : loaded 2 times (x 82B)
Class com.google.common.base.CharMatcher$None                                         : loaded 2 times (x 112B)
Class org.gradle.internal.classloader.ClassLoaderVisitor                              : loaded 2 times (x 76B)
Class [Lcom.google.common.collect.ImmutableMapEntry;                                  : loaded 2 times (x 69B)
Class org.gradle.api.internal.classpath.EffectiveClassPath                            : loaded 2 times (x 90B)
Class com.google.common.collect.ListMultimap                                          : loaded 2 times (x 70B)
Class com.google.common.collect.ImmutableEnumMap                                      : loaded 2 times (x 126B)
Class com.google.common.collect.ImmutableSet$SerializedForm                           : loaded 2 times (x 73B)
Class com.google.common.collect.Iterators$EmptyModifiableIterator                     : loaded 2 times (x 86B)
Class com.google.common.base.Splitter                                                 : loaded 2 times (x 72B)
Class com.google.common.collect.Sets$1                                                : loaded 2 times (x 139B)
Class org.objectweb.asm.AnnotationVisitor                                             : loaded 2 times (x 78B)
Class org.gradle.api.internal.DefaultClassPathProvider                                : loaded 2 times (x 76B)
Class com.google.common.collect.MapMakerInternalMap$Strength$1                        : loaded 2 times (x 80B)
Class com.google.common.collect.Maps$ViewCachingAbstractMap                           : loaded 2 times (x 125B)
Class com.google.common.collect.Sets$2                                                : loaded 2 times (x 139B)
Class [Lorg.gradle.api.internal.ClassPathProvider;                                    : loaded 2 times (x 69B)
Class org.gradle.api.internal.ClassPathProvider                                       : loaded 2 times (x 70B)
Class com.google.common.collect.MapMakerInternalMap$Strength$2                        : loaded 2 times (x 80B)
Class com.google.common.base.AbstractIterator$State                                   : loaded 2 times (x 79B)
Class com.google.common.reflect.Types$ClassOwnership$1                                : loaded 2 times (x 80B)
Class [Lorg.objectweb.asm.AnnotationVisitor;                                          : loaded 2 times (x 69B)
Class com.google.common.collect.Sets$3                                                : loaded 2 times (x 139B)
Class com.google.common.cache.LocalCache$LocalLoadingCache                            : loaded 2 times (x 134B)
Class org.gradle.internal.service.UnknownServiceException                             : loaded 2 times (x 83B)
Class com.google.common.io.ByteArrayDataInput                                         : loaded 2 times (x 70B)
Class com.google.common.collect.MapMakerInternalMap$StrongValueEntry                  : loaded 2 times (x 70B)
Class com.google.common.reflect.Types$ClassOwnership$2                                : loaded 2 times (x 80B)
Class com.google.common.reflect.TypeResolver                                          : loaded 2 times (x 72B)
Class com.google.common.collect.Sets$4                                                : loaded 2 times (x 139B)
Class org.objectweb.asm.ModuleVisitor                                                 : loaded 2 times (x 81B)
Class com.google.common.cache.LocalCache$Strength$1                                   : loaded 2 times (x 81B)
Class com.google.common.reflect.Types$ClassOwnership$3                                : loaded 2 times (x 71B)
Class com.google.common.util.concurrent.SettableFuture                                : loaded 2 times (x 114B)
Class com.google.common.cache.LocalCache$Strength$2                                   : loaded 2 times (x 81B)
Class com.google.common.io.ByteStreams                                                : loaded 2 times (x 71B)
Class com.google.common.collect.Interners$InternerImpl                                : loaded 2 times (x 75B)
Class com.google.common.collect.Interner                                              : loaded 2 times (x 70B)
Class com.google.common.collect.TransformedIterator                                   : loaded 2 times (x 80B)
Class com.google.common.base.Splitter$1                                               : loaded 2 times (x 77B)
Class com.google.common.cache.LocalCache$Strength$3                                   : loaded 2 times (x 81B)
Class com.google.common.collect.MapDifference                                         : loaded 2 times (x 70B)
Class com.google.common.collect.MapMaker$Dummy                                        : loaded 2 times (x 79B)
Class com.google.common.reflect.Invokable                                             : loaded 2 times (x 103B)
Class org.objectweb.asm.FieldWriter                                                   : loaded 2 times (x 78B)
Class com.google.common.base.Equivalence$Identity                                     : loaded 2 times (x 82B)
Class org.gradle.internal.classpath.TransformedClassPath                              : loaded 2 times (x 96B)
Class org.gradle.internal.classloader.InstrumentingClassLoader                        : loaded 2 times (x 70B)
Class com.google.common.reflect.Types$ParameterizedTypeImpl                           : loaded 2 times (x 81B)
Class com.google.common.cache.CacheLoader$FunctionToCacheLoader                       : loaded 2 times (x 75B)
Class com.google.common.collect.Iterators$ArrayItr                                    : loaded 2 times (x 97B)
Class com.google.common.collect.ImmutableCollection$Builder                           : loaded 2 times (x 76B)
Class com.google.common.reflect.TypeResolver$TypeVariableKey                          : loaded 2 times (x 72B)
Class com.google.common.base.Joiner                                                   : loaded 2 times (x 79B)
Class com.google.common.base.MoreObjects                                              : loaded 2 times (x 71B)
Class com.google.common.collect.Platform                                              : loaded 2 times (x 71B)
Class [Lorg.objectweb.asm.Type;                                                       : loaded 2 times (x 69B)
Class com.google.common.collect.UnmodifiableIterator                                  : loaded 2 times (x 80B)
Class org.gradle.internal.service.ServiceLocator                                      : loaded 2 times (x 70B)
Class com.google.common.base.Ascii                                                    : loaded 2 times (x 71B)
Class com.google.common.cache.LocalCache$1                                            : loaded 2 times (x 89B)
Class com.google.common.collect.SingletonImmutableBiMap                               : loaded 2 times (x 143B)
Class com.google.common.collect.Iterators$SingletonIterator                           : loaded 2 times (x 81B)
Class com.google.common.collect.AbstractMapEntry                                      : loaded 2 times (x 81B)
Class com.google.common.collect.AbstractSetMultimap                                   : loaded 2 times (x 174B)
Class com.google.common.collect.MapMakerInternalMap$AbstractStrongKeyEntry            : loaded 2 times (x 80B)
Class com.google.common.reflect.TypeToken$SimpleTypeToken                             : loaded 2 times (x 73B)
Class com.google.common.collect.Sets$ImprovedAbstractSet                              : loaded 2 times (x 135B)
Class com.google.common.collect.ImmutableList$Builder                                 : loaded 2 times (x 77B)
Class com.google.common.collect.AbstractMultimap                                      : loaded 2 times (x 123B)
Class com.google.common.cache.LocalCache$2                                            : loaded 2 times (x 142B)
Class com.google.common.collect.RegularImmutableAsList                                : loaded 2 times (x 217B)
Class com.google.common.util.concurrent.AbstractFuture$Trusted                        : loaded 2 times (x 70B)
Class com.google.common.collect.Iterators                                             : loaded 2 times (x 71B)
Class com.google.common.io.ByteSink$AsCharSink                                        : loaded 2 times (x 80B)
Class com.google.common.collect.Lists$StringAsImmutableList                           : loaded 2 times (x 207B)
Class com.google.common.util.concurrent.UncheckedExecutionException                   : loaded 2 times (x 82B)
Class org.gradle.kotlin.dsl.VersionCatalogAccessorsKt                                 : loaded 2 times (x 71B)
Class com.google.common.collect.HashMultimapGwtSerializationDependencies              : loaded 2 times (x 174B)
Class com.google.common.collect.AbstractMapBasedMultimap$KeySet$1                     : loaded 2 times (x 82B)
Class org.objectweb.asm.ClassWriter                                                   : loaded 2 times (x 106B)
Class com.google.common.cache.CacheLoader$UnsupportedLoadingOperationException        : loaded 2 times (x 82B)
Class com.google.common.base.CharMatcher$And                                          : loaded 2 times (x 112B)
Class org.gradle.internal.classloader.ClasspathUtil$1                                 : loaded 2 times (x 76B)
Class org.objectweb.asm.FieldVisitor                                                  : loaded 2 times (x 77B)
Class com.google.common.collect.IndexedImmutableSet                                   : loaded 2 times (x 152B)
Class com.google.common.collect.ImmutableMap$1                                        : loaded 2 times (x 81B)
Class com.google.common.collect.BiMap                                                 : loaded 2 times (x 70B)
Class org.gradle.api.internal.classpath.DefaultModuleRegistry$DefaultModule           : loaded 2 times (x 86B)
Class com.google.common.reflect.Reflection                                            : loaded 2 times (x 71B)
Class com.google.common.primitives.Ints                                               : loaded 2 times (x 71B)
Class com.google.common.collect.AbstractIterator                                      : loaded 2 times (x 82B)
Class com.google.common.collect.ObjectArrays                                          : loaded 2 times (x 71B)
Class com.google.common.math.MathPreconditions                                        : loaded 2 times (x 71B)
Class com.google.common.collect.Multiset                                              : loaded 2 times (x 70B)
Class com.google.common.collect.ArrayListMultimapGwtSerializationDependencies         : loaded 2 times (x 172B)
Class com.google.common.collect.AbstractIndexedListIterator                           : loaded 2 times (x 96B)
Class com.google.common.collect.ImmutableMapEntrySet                                  : loaded 2 times (x 152B)
Class org.gradle.api.internal.classpath.Module                                        : loaded 2 times (x 70B)
Class com.google.common.cache.Weigher                                                 : loaded 2 times (x 70B)
Class org.gradle.api.internal.classpath.UnknownModuleException                        : loaded 2 times (x 82B)
Class com.google.common.base.Stopwatch                                                : loaded 2 times (x 72B)
Class com.google.common.cache.LocalCache$Strength                                     : loaded 2 times (x 81B)
Class com.google.common.cache.Cache                                                   : loaded 2 times (x 70B)
Class ijJvmDebugger1_bej5ftx5rf2zgugw4x08v2ezz                                        : loaded 2 times (x 171B)
Class com.google.common.base.NullnessCasts                                            : loaded 2 times (x 71B)
Class com.google.common.util.concurrent.AbstractFuture$Cancellation                   : loaded 2 times (x 72B)
Class com.google.common.collect.ImmutableMap$Builder                                  : loaded 2 times (x 82B)
Class com.google.common.collect.AbstractMapBasedMultimap$WrappedCollection$WrappedIterator: loaded 2 times (x 84B)
Class com.google.common.cache.RemovalListener                                         : loaded 2 times (x 70B)
Class org.gradle.api.internal.DefaultClassPathRegistry                                : loaded 2 times (x 76B)
Class com.google.common.reflect.Invokable$ConstructorInvokable                        : loaded 2 times (x 107B)
Class com.google.common.primitives.IntsMethodsForWeb                                  : loaded 2 times (x 71B)
Class com.google.common.collect.Multimap                                              : loaded 2 times (x 70B)
Class org.gradle.api.internal.ClassPathRegistry                                       : loaded 2 times (x 70B)
Class org.gradle.internal.classpath.DefaultClassPath$ImmutableUniqueList              : loaded 2 times (x 199B)
Class com.google.common.collect.MapMakerInternalMap$Segment                           : loaded 2 times (x 142B)
Class com.google.common.reflect.TypeToken                                             : loaded 2 times (x 73B)
Class com.google.common.cache.CacheBuilder$NullListener                               : loaded 2 times (x 82B)
Class com.google.common.io.ByteSink                                                   : loaded 2 times (x 76B)
Class com.google.common.cache.CacheBuilder                                            : loaded 2 times (x 72B)
Class com.google.common.collect.SingletonImmutableList                                : loaded 2 times (x 207B)
Class Settings_gradle$1                                                               : loaded 2 times (x 74B)
Class org.gradle.internal.classpath.ClassPath                                         : loaded 2 times (x 70B)
Class com.google.common.collect.Interners$InternerBuilder                             : loaded 2 times (x 76B)
Class com.google.common.io.Files$FileByteSource                                       : loaded 2 times (x 85B)
Class [Lcom.google.common.reflect.Types$JavaVersion;                                  : loaded 2 times (x 69B)
Class com.google.common.base.JdkPattern                                               : loaded 2 times (x 75B)
Class com.google.common.collect.ImmutableList$ReverseImmutableList                    : loaded 2 times (x 209B)
Class org.objectweb.asm.SymbolTable$Entry                                             : loaded 2 times (x 74B)
Class org.objectweb.asm.Edge                                                          : loaded 2 times (x 72B)
Class com.google.common.base.Suppliers$SupplierOfInstance                             : loaded 2 times (x 79B)
Class com.google.common.collect.Iterators$1                                           : loaded 2 times (x 81B)
Class com.google.common.reflect.TypeToken$1                                           : loaded 2 times (x 110B)
Class com.google.common.cache.LocalCache$ComputingValueReference                      : loaded 2 times (x 96B)
Class com.google.common.collect.SingletonImmutableSet                                 : loaded 2 times (x 146B)
Class com.google.common.collect.ImmutableMap$IteratorBasedImmutableMap                : loaded 2 times (x 126B)
Class com.google.common.reflect.TypeToken$2                                           : loaded 2 times (x 110B)
Class com.google.common.cache.LocalCache$Segment                                      : loaded 2 times (x 154B)
Class com.google.common.collect.AbstractListMultimap                                  : loaded 2 times (x 172B)
Class [Lorg.objectweb.asm.SymbolTable$Entry;                                          : loaded 2 times (x 69B)
Class com.google.common.cache.CacheLoader                                             : loaded 2 times (x 74B)
Class com.google.common.collect.Iterators$4                                           : loaded 2 times (x 82B)
Class com.google.common.collect.ImmutableBiMap                                        : loaded 2 times (x 143B)
Class org.gradle.api.internal.classpath.ModuleRegistry                                : loaded 2 times (x 70B)
Class org.gradle.internal.installation.GradleInstallation$1                           : loaded 2 times (x 75B)
Class com.google.common.base.Splitter$SplittingIterator                               : loaded 2 times (x 84B)
Class com.google.common.collect.ImmutableSet$JdkBackedSetBuilderImpl                  : loaded 2 times (x 76B)
Class com.google.common.util.concurrent.internal.InternalFutureFailureAccess          : loaded 2 times (x 72B)
Class com.google.common.collect.Iterators$5                                           : loaded 2 times (x 82B)
Class ijKotlinCoroutineJvmDebugInit1_awr2tlt2dwlre26l6md11ylqu$_run_closure1          : loaded 2 times (x 139B)
Class com.google.common.cache.LocalCache$LocalManualCache$1                           : loaded 2 times (x 75B)
Class com.google.common.base.CharMatcher$ForPredicate                                 : loaded 2 times (x 112B)
Class com.google.common.base.CharMatcher$AnyOf                                        : loaded 2 times (x 112B)
Class com.google.common.collect.ImmutableCollection                                   : loaded 2 times (x 125B)
Class org.gradle.api.internal.classpath.DefaultModuleRegistry                         : loaded 2 times (x 86B)
Class com.google.common.collect.Lists                                                 : loaded 2 times (x 71B)
Class com.google.common.util.concurrent.ListenableFuture                              : loaded 2 times (x 70B)
Class com.google.common.cache.ReferenceEntry                                          : loaded 2 times (x 70B)
Class com.google.common.base.Converter                                                : loaded 2 times (x 90B)
Class com.google.common.collect.ImmutableSet$CachingAsList                            : loaded 2 times (x 148B)
Class com.google.common.collect.AbstractMapBasedMultimap                              : loaded 2 times (x 139B)
Class com.google.common.util.concurrent.AbstractFuture                                : loaded 2 times (x 106B)
Class com.google.common.base.FunctionalEquivalence                                    : loaded 2 times (x 83B)
Class com.google.common.collect.Iterators$9                                           : loaded 2 times (x 81B)
Class com.google.common.collect.ImmutableAsList                                       : loaded 2 times (x 209B)
Class com.google.common.reflect.TypeResolver$TypeTable                                : loaded 2 times (x 73B)
Class org.objectweb.asm.RecordComponentVisitor                                        : loaded 2 times (x 77B)
Class com.google.common.cache.CacheLoader$SupplierToCacheLoader                       : loaded 2 times (x 75B)
Class ijJvmDebugger1_bej5ftx5rf2zgugw4x08v2ezz$_run_closure1                          : loaded 2 times (x 139B)
Class com.google.common.reflect.TypeResolver$TypeTable$1                              : loaded 2 times (x 73B)
Class com.google.common.collect.Maps$EntryTransformer                                 : loaded 2 times (x 70B)
Class org.gradle.internal.service.ServiceLookupException                              : loaded 2 times (x 82B)
Class [Lcom.google.common.cache.LocalCache$EntryFactory;                              : loaded 2 times (x 69B)
Class org.gradle.internal.classloader.ClassLoaderFactory                              : loaded 2 times (x 70B)
Class com.google.common.base.CommonPattern                                            : loaded 2 times (x 74B)
Class com.google.common.cache.LocalCache$LocalManualCache                             : loaded 2 times (x 99B)
Class com.google.common.base.CharMatcher$IsNot                                        : loaded 2 times (x 111B)
Class org.gradle.internal.service.CachingServiceLocator                               : loaded 2 times (x 82B)
Class com.google.common.collect.AbstractMapBasedMultimap$KeySet                       : loaded 2 times (x 137B)
Class com.google.common.math.IntMath                                                  : loaded 2 times (x 71B)
Class com.google.common.collect.MapMakerInternalMap$InternalEntry                     : loaded 2 times (x 70B)
Class com.google.common.reflect.Types$TypeVariableInvocationHandler                   : loaded 2 times (x 75B)
Class com.google.common.collect.ImmutableMapEntry                                     : loaded 2 times (x 85B)
Class com.google.common.base.Equivalence                                              : loaded 2 times (x 82B)
Class com.google.common.base.Function                                                 : loaded 2 times (x 70B)
Class com.google.common.collect.ImmutableMapEntry$NonTerminalImmutableMapEntry        : loaded 2 times (x 85B)
Class ijKotlinCoroutineJvmDebugInit1_awr2tlt2dwlre26l6md11ylqu                        : loaded 2 times (x 171B)
Class com.google.common.collect.IndexedImmutableSet$1                                 : loaded 2 times (x 213B)
Class com.google.common.cache.CacheBuilder$OneWeigher                                 : loaded 2 times (x 82B)
Class com.google.common.collect.RegularImmutableList                                  : loaded 2 times (x 213B)
Class com.google.common.reflect.Types$ClassOwnership$1LocalClass                      : loaded 2 times (x 71B)
Class org.gradle.internal.classloader.ClasspathUtil                                   : loaded 2 times (x 71B)
Class com.google.common.util.concurrent.Uninterruptibles                              : loaded 2 times (x 71B)
Class com.google.common.collect.AbstractMapBasedMultimap$WrappedSet                   : loaded 2 times (x 142B)
Class com.google.common.util.concurrent.LazyLogger                                    : loaded 2 times (x 72B)
Class com.google.common.collect.Maps                                                  : loaded 2 times (x 71B)
Class org.gradle.api.specs.Spec                                                       : loaded 2 times (x 70B)
Class com.google.common.collect.MapMaker                                              : loaded 2 times (x 72B)
Class com.google.common.reflect.Types$JavaVersion                                     : loaded 2 times (x 83B)
Class [Lcom.google.common.collect.ImmutableEntry;                                     : loaded 2 times (x 69B)
Class com.google.common.cache.LocalCache$LoadingValueReference                        : loaded 2 times (x 96B)
Class com.google.common.collect.MapMakerInternalMap$StrongKeyDummyValueEntry          : loaded 2 times (x 82B)
Class com.google.common.reflect.Invokable$MethodInvokable                             : loaded 2 times (x 107B)
Class com.google.common.base.Platform                                                 : loaded 2 times (x 71B)
Class com.google.common.collect.AbstractMapBasedMultimap$WrappedList                  : loaded 2 times (x 205B)
Class [Lorg.objectweb.asm.AnnotationWriter;                                           : loaded 2 times (x 69B)
Class com.google.common.collect.Maps$8                                                : loaded 2 times (x 82B)
Class [Lcom.google.common.collect.Iterators$EmptyModifiableIterator;                  : loaded 2 times (x 69B)
Class com.google.common.collect.Sets$SetView                                          : loaded 2 times (x 138B)
Class com.google.common.cache.LocalCache$StrongValueReference                         : loaded 2 times (x 90B)
Class com.google.common.graph.SuccessorsFunction                                      : loaded 2 times (x 70B)
Class org.objectweb.asm.Type                                                          : loaded 2 times (x 72B)
Class org.gradle.internal.classloader.VisitableURLClassLoader$InstrumentingVisitableURLClassLoader: loaded 2 times (x 123B)
Class com.google.common.collect.MapMakerInternalMap$StrongKeyDummyValueEntry$Helper   : loaded 2 times (x 79B)
Class com.google.common.io.Files$FileByteSink                                         : loaded 2 times (x 77B)
Class com.google.common.math.IntMath$1                                                : loaded 2 times (x 71B)
Class org.objectweb.asm.ByteVector                                                    : loaded 2 times (x 79B)
Class [Lcom.google.common.cache.CacheBuilder$NullListener;                            : loaded 2 times (x 69B)
Class org.gradle.internal.classloader.VisitableURLClassLoader$Spec                    : loaded 2 times (x 74B)
Class org.gradle.internal.classpath.DefaultClassPath                                  : loaded 2 times (x 90B)
Class com.google.common.base.AbstractIterator                                         : loaded 2 times (x 80B)
Class com.google.common.reflect.Types$ClassOwnership                                  : loaded 2 times (x 80B)
Class org.objectweb.asm.Symbol                                                        : loaded 2 times (x 73B)
Class com.google.common.io.Closer                                                     : loaded 2 times (x 78B)
Class com.google.common.base.CharMatcher$BitSetMatcher                                : loaded 2 times (x 112B)
Class com.google.common.collect.RegularImmutableMap$Values                            : loaded 2 times (x 207B)
Class com.google.common.collect.ImmutableSet                                          : loaded 2 times (x 145B)
Class org.gradle.internal.classloader.ClassLoaderSpec                                 : loaded 2 times (x 71B)
Class org.objectweb.asm.AnnotationWriter                                              : loaded 2 times (x 79B)
Class com.google.common.cache.CacheStats                                              : loaded 2 times (x 71B)
Class com.google.common.collect.Interners                                             : loaded 2 times (x 71B)
Class com.google.common.io.Closer$Suppressor                                          : loaded 2 times (x 70B)
Class com.google.common.io.LineProcessor                                              : loaded 2 times (x 70B)
Class org.objectweb.asm.RecordComponentWriter                                         : loaded 2 times (x 78B)
Class com.google.common.util.concurrent.AbstractFuture$Listener                       : loaded 2 times (x 72B)
Class com.google.common.base.CharMatcher$Or                                           : loaded 2 times (x 112B)
Class Settings_gradle$1$1                                                             : loaded 2 times (x 74B)
Class org.objectweb.asm.Attribute                                                     : loaded 2 times (x 77B)
Class com.google.common.base.Supplier                                                 : loaded 2 times (x 70B)
Class org.gradle.internal.classloader.VisitableURLClassLoader                         : loaded 2 times (x 117B)
Class Settings_gradle                                                                 : loaded 2 times (x 124B)
Class org.gradle.internal.Cast                                                        : loaded 2 times (x 71B)
Class org.gradle.api.Action                                                           : loaded 2 times (x 70B)
Class com.google.common.collect.MapMakerInternalMap                                   : loaded 2 times (x 161B)
Class com.google.common.base.Strings                                                  : loaded 2 times (x 71B)
Class com.google.common.collect.Sets                                                  : loaded 2 times (x 71B)
Class org.objectweb.asm.Handler                                                       : loaded 2 times (x 72B)
Class com.google.common.base.Ticker                                                   : loaded 2 times (x 72B)
Class com.google.common.base.CharMatcher$FastMatcher                                  : loaded 2 times (x 111B)
Class [Lcom.google.common.cache.LocalCache$Segment;                                   : loaded 2 times (x 69B)
Class [Lcom.google.common.cache.LocalCache$Strength;                                  : loaded 2 times (x 69B)
Class com.google.common.cache.CacheBuilder$1                                          : loaded 2 times (x 85B)
Class com.google.common.base.Predicate                                                : loaded 2 times (x 70B)
Class com.google.common.collect.ImmutableMap                                          : loaded 2 times (x 120B)
Class org.gradle.internal.classpath.DefaultClassPath$ImmutableUniqueList$Builder      : loaded 2 times (x 75B)
Class com.google.common.collect.MapMakerInternalMap$WeakValueReference                : loaded 2 times (x 70B)
Class com.google.common.cache.LocalCache                                              : loaded 2 times (x 187B)
Class com.google.common.cache.CacheBuilder$2                                          : loaded 2 times (x 79B)
Class com.google.common.base.CharMatcher$NegatedFastMatcher                           : loaded 2 times (x 113B)
Class com.google.common.collect.ArrayListMultimap                                     : loaded 2 times (x 172B)
Class com.google.common.cache.CacheBuilder$3                                          : loaded 2 times (x 72B)
Class [Lcom.google.common.collect.AbstractMapEntry;                                   : loaded 2 times (x 69B)
Class com.google.common.collect.ImmutableEntry                                        : loaded 2 times (x 82B)
Class org.gradle.api.GradleException                                                  : loaded 2 times (x 82B)
Class com.google.common.base.Suppliers$MemoizingSupplier                              : loaded 2 times (x 79B)
Class com.google.common.collect.CollectPreconditions                                  : loaded 2 times (x 71B)
Class [Lcom.google.common.collect.MapMakerInternalMap$Strength;                       : loaded 2 times (x 69B)
Class [Lcom.google.common.io.FileWriteMode;                                           : loaded 2 times (x 69B)
Class com.google.common.collect.SortedMapDifference                                   : loaded 2 times (x 70B)
Class com.google.common.collect.MapMakerInternalMap$StrongKeyDummyValueSegment        : loaded 2 times (x 142B)
Class com.google.common.io.Files                                                      : loaded 2 times (x 71B)
Class com.google.common.cache.LocalCache$EntryFactory                                 : loaded 2 times (x 83B)
Class [Lcom.google.common.collect.MapMaker$Dummy;                                     : loaded 2 times (x 69B)
Class com.google.common.base.CharMatcher$Whitespace                                   : loaded 2 times (x 112B)
Class com.google.common.reflect.Types$NativeTypeVariableEquals                        : loaded 2 times (x 71B)
Class com.google.common.reflect.TypeParameter                                         : loaded 2 times (x 72B)
Class com.google.common.cache.LocalCache$AbstractReferenceEntry                       : loaded 2 times (x 107B)
Class org.gradle.internal.IoActions                                                   : loaded 2 times (x 71B)
Class com.google.common.collect.ImmutableMapKeySet                                    : loaded 2 times (x 152B)
Class org.objectweb.asm.SymbolTable                                                   : loaded 2 times (x 72B)
Class com.google.common.cache.CacheLoader$InvalidCacheLoadException                   : loaded 2 times (x 82B)
Class com.google.common.collect.ImmutableSet$RegularSetBuilderImpl                    : loaded 2 times (x 77B)
Class org.gradle.internal.classloader.SystemClassLoaderSpec                           : loaded 2 times (x 71B)
Class com.google.common.cache.LocalCache$StrongEntry                                  : loaded 2 times (x 108B)
Class com.google.common.util.concurrent.AbstractFuture$TrustedFuture                  : loaded 2 times (x 114B)
Class com.google.common.cache.LoadingCache                                            : loaded 2 times (x 70B)
Class com.google.common.io.ByteStreams$LimitedInputStream                             : loaded 2 times (x 92B)
Class com.google.common.base.Suppliers$NonSerializableMemoizingSupplier               : loaded 2 times (x 79B)
Class org.objectweb.asm.MethodWriter                                                  : loaded 2 times (x 106B)
Class [Lcom.google.common.cache.Weigher;                                              : loaded 2 times (x 69B)
Class com.google.common.collect.RegularImmutableMap$BucketOverflowException           : loaded 2 times (x 82B)
Class com.google.common.collect.AbstractMapBasedMultimap$RandomAccessWrappedList      : loaded 2 times (x 205B)
Class com.google.common.reflect.Types$JavaVersion$1                                   : loaded 2 times (x 83B)
Class com.google.common.cache.LocalCache$ValueReference                               : loaded 2 times (x 70B)
Class com.google.common.base.CharMatcher$Negated                                      : loaded 2 times (x 113B)
Class com.google.common.base.CharMatcher$Is                                           : loaded 2 times (x 111B)
Class com.google.common.collect.RegularImmutableBiMap                                 : loaded 2 times (x 149B)
Class com.google.common.reflect.Types$JavaVersion$2                                   : loaded 2 times (x 83B)
Class com.google.common.reflect.Types                                                 : loaded 2 times (x 71B)
Class com.google.common.base.PatternCompiler                                          : loaded 2 times (x 70B)
Class com.google.common.util.concurrent.AbstractFuture$Failure                        : loaded 2 times (x 72B)
Class com.google.common.base.Equivalence$Equals                                       : loaded 2 times (x 82B)
Class com.google.common.collect.Hashing                                               : loaded 2 times (x 71B)
Class com.google.common.base.Preconditions                                            : loaded 2 times (x 71B)
Class com.google.common.io.CharSink                                                   : loaded 2 times (x 79B)
Class com.google.common.reflect.Types$JavaVersion$3                                   : loaded 2 times (x 83B)
Class com.google.common.base.Joiner$1                                                 : loaded 2 times (x 80B)
Class org.objectweb.asm.Label                                                         : loaded 2 times (x 73B)
Class org.objectweb.asm.CurrentFrame                                                  : loaded 2 times (x 73B)
Class org.objectweb.asm.ClassTooLargeException                                        : loaded 2 times (x 83B)
Class com.google.common.base.CharMatcher                                              : loaded 2 times (x 111B)
Class com.google.common.collect.PeekingIterator                                       : loaded 2 times (x 70B)
Class com.google.common.collect.MapMakerInternalMap$InternalEntryHelper               : loaded 2 times (x 70B)
Class com.google.common.collect.Maps$IteratorBasedAbstractMap                         : loaded 2 times (x 125B)
Class com.google.common.collect.Table                                                 : loaded 2 times (x 70B)
Class com.google.common.reflect.Types$JavaVersion$4                                   : loaded 2 times (x 83B)
Class com.google.common.base.Joiner$2                                                 : loaded 2 times (x 79B)
Class org.objectweb.asm.Frame                                                         : loaded 2 times (x 73B)
Class org.objectweb.asm.MethodVisitor                                                 : loaded 2 times (x 105B)
Class com.google.common.cache.LocalCache$EntryFactory$1                               : loaded 2 times (x 83B)
Class [Lcom.google.common.cache.RemovalListener;                                      : loaded 2 times (x 69B)
Class com.google.common.base.CharMatcher$NamedFastMatcher                             : loaded 2 times (x 112B)
Class com.google.common.base.CharMatcher$1                                            : loaded 2 times (x 113B)
Class com.google.common.reflect.Types$JavaVersion$5                                   : loaded 2 times (x 71B)
Class [Lcom.google.common.reflect.Types$ClassOwnership;                               : loaded 2 times (x 69B)
Class com.google.common.cache.LocalCache$EntryFactory$2                               : loaded 2 times (x 83B)
Class org.gradle.api.internal.classpath.GlobalCacheRootsProvider                      : loaded 2 times (x 70B)
Class org.objectweb.asm.ModuleWriter                                                  : loaded 2 times (x 82B)
Class com.google.common.cache.LocalCache$EntryFactory$3                               : loaded 2 times (x 83B)
Class com.google.common.base.Ticker$1                                                 : loaded 2 times (x 72B)
Class com.google.common.collect.Maps$BiMapConverter                                   : loaded 2 times (x 90B)
Class com.google.common.collect.ImmutableMapEntrySet$RegularEntrySet                  : loaded 2 times (x 152B)
Class com.google.common.collect.SetMultimap                                           : loaded 2 times (x 70B)
Class com.google.common.collect.ImmutableSet$Builder                                  : loaded 2 times (x 85B)
Class com.google.common.cache.LocalCache$EntryFactory$4                               : loaded 2 times (x 83B)
Class com.google.common.base.CharMatcher$InRange                                      : loaded 2 times (x 111B)
Class com.google.common.io.ByteStreams$1                                              : loaded 2 times (x 85B)
Class com.google.common.cache.LocalCache$EntryFactory$5                               : loaded 2 times (x 83B)
Class com.google.common.base.PairwiseEquivalence                                      : loaded 2 times (x 83B)
Class com.google.common.collect.HashMultimap                                          : loaded 2 times (x 174B)
Class com.google.common.cache.LocalCache$EntryFactory$6                               : loaded 2 times (x 83B)
Class org.gradle.internal.installation.CurrentGradleInstallationLocator               : loaded 2 times (x 71B)
Class com.google.common.collect.Maps$KeySet                                           : loaded 2 times (x 137B)
Class com.google.common.collect.ImmutableSet$EmptySetBuilderImpl                      : loaded 2 times (x 76B)
Class com.google.common.cache.LocalCache$EntryFactory$7                               : loaded 2 times (x 83B)
Class com.google.common.collect.ImmutableList                                         : loaded 2 times (x 206B)
Class ijKotlinCoroutineJvmDebugInit1_awr2tlt2dwlre26l6md11ylqu$_run_closure1$_closure2: loaded 2 times (x 139B)
Class org.gradle.internal.service.DefaultServiceLocator                               : loaded 2 times (x 83B)
Class com.google.common.collect.Maps$EntrySet                                         : loaded 2 times (x 136B)
Class com.google.common.cache.LocalCache$EntryFactory$8                               : loaded 2 times (x 83B)
Class com.google.common.collect.ImmutableSet$SetBuilderImpl                           : loaded 2 times (x 76B)
Class ijJvmDebugger1_bej5ftx5rf2zgugw4x08v2ezz$_run_closure1$_closure2                : loaded 2 times (x 140B)
Class org.gradle.internal.installation.CurrentGradleInstallation                      : loaded 2 times (x 73B)
Class com.google.common.cache.CacheLoader$1                                           : loaded 2 times (x 75B)
Class com.google.common.collect.ForwardingObject                                      : loaded 2 times (x 72B)
Class com.google.common.collect.ImmutableList$SubList                                 : loaded 2 times (x 209B)
Class org.gradle.util.internal.GUtil                                                  : loaded 2 times (x 71B)
Class com.google.common.io.ByteSource                                                 : loaded 2 times (x 84B)
Class com.google.common.cache.AbstractCache$StatsCounter                              : loaded 2 times (x 70B)
Class com.google.common.collect.MapMakerInternalMap$1                                 : loaded 2 times (x 83B)
Class com.google.common.reflect.Types$TypeVariableImpl                                : loaded 2 times (x 72B)
Class com.google.common.collect.Iterators$MergingIterator                             : loaded 2 times (x 81B)
Class com.google.common.collect.RegularImmutableSet                                   : loaded 2 times (x 149B)
Class org.gradle.internal.installation.GradleInstallation                             : loaded 2 times (x 75B)
Class com.google.common.base.Splitter$Strategy                                        : loaded 2 times (x 70B)
Class com.google.common.collect.Iterables                                             : loaded 2 times (x 71B)

---------------  S Y S T E M  ---------------

OS:
 Windows 11 , 64 bit Build 26100 (10.0.26100.7920)
OS uptime: 0 days 15:14 hours
Hyper-V role detected

CPU: total 16 (initial active 16) (8 cores per cpu, 2 threads per core) family 6 model 191 stepping 2 microcode 0x26, cx8, cmov, fxsr, ht, mmx, 3dnowpref, sse, sse2, sse3, ssse3, sse4.1, sse4.2, popcnt, lzcnt, tsc, tscinvbit, avx, avx2, aes, erms, clmul, bmi1, bmi2, adx, sha, fma, vzeroupper, clflush, clflushopt, clwb, hv, serialize, rdtscp, rdpid, fsrm, f16c, cet_ibt, cet_ss
Processor Information for the first 16 processors :
  Max Mhz: 2500, Current Mhz: 2500, Mhz Limit: 2500

Memory: 4k page, system-wide physical 16197M (1274M free)
TotalPageFile size 32581M (AvailPageFile size 261M)
current process WorkingSet (physical memory assigned to process): 1331M, peak: 1345M
current process commit charge ("private bytes"): 1392M, peak: 1408M

vm_info: OpenJDK 64-Bit Server VM (21.0.9+-14649483-b1163.86) for windows-amd64 JRE (21.0.9+-14649483-b1163.86), built on 2025-12-30T22:08:35Z by "builder" with MS VC++ 16.10 / 16.11 (VS2019)

END.
