#
# There is insufficient memory for the Java Runtime Environment to continue.
# Native memory allocation (mmap) failed to map 309329920 bytes. Error detail: G1 virtual space
# Possible reasons:
#   The system is out of physical RAM or swap space
#   This process is running with CompressedOops enabled, and the Java Heap may be blocking the growth of the native heap
# Possible solutions:
#   Reduce memory load on the system
#   Increase physical memory or swap space
#   Check if swap backing store is full
#   Decrease Java heap size (-Xmx/-Xms)
#   Decrease number of Java threads
#   Decrease Java thread stack sizes (-Xss)
#   Set larger code cache with -XX:ReservedCodeCacheSize=
#   JVM is running with Unscaled Compressed Oops mode in which the Java heap is
#     placed in the first 4GB address space. The Java Heap base address is the
#     maximum limit for the native heap growth. Please use -XX:HeapBaseMinAddress
#     to set the Java Heap base and to place the Java Heap above 4GB virtual address.
# This output file may be truncated or incomplete.
#
#  Out of Memory Error (os_windows.cpp:3925), pid=21396, tid=19464
#
# JRE version: OpenJDK Runtime Environment (21.0.9) (build 21.0.9+-14649483-b1163.86)
# Java VM: OpenJDK 64-Bit Server VM (21.0.9+-14649483-b1163.86, mixed mode, tiered, compressed oops, compressed class ptrs, g1 gc, windows-amd64)
# No core dump will be written. Minidumps are not enabled by default on client versions of Windows
#

---------------  S U M M A R Y ------------

Command Line: --add-opens=java.base/java.lang=ALL-UNNAMED --add-opens=java.base/java.lang.invoke=ALL-UNNAMED --add-opens=java.base/java.util=ALL-UNNAMED --add-opens=java.prefs/java.util.prefs=ALL-UNNAMED --add-exports=jdk.compiler/com.sun.tools.javac.api=ALL-UNNAMED --add-exports=jdk.compiler/com.sun.tools.javac.util=ALL-UNNAMED --add-opens=java.base/java.util=ALL-UNNAMED --add-opens=java.prefs/java.util.prefs=ALL-UNNAMED --add-opens=java.base/java.nio.charset=ALL-UNNAMED --add-opens=java.base/java.net=ALL-UNNAMED --add-opens=java.base/java.util.concurrent=ALL-UNNAMED --add-opens=java.base/java.util.concurrent.atomic=ALL-UNNAMED --add-opens=java.xml/javax.xml.namespace=ALL-UNNAMED --add-opens=java.base/java.time=ALL-UNNAMED -Xmx2048m -Dfile.encoding=UTF-8 -Duser.country=IN -Duser.language=en -Duser.variant -javaagent:C:\Users\umesh\.gradle\wrapper\dists\gradle-9.2.1-bin\2t0n5ozlw9xmuyvbp7dnzaxug\gradle-9.2.1\lib\agents\gradle-instrumentation-agent-9.2.1.jar org.gradle.launcher.daemon.bootstrap.GradleDaemon 9.2.1

Host: 13th Gen Intel(R) Core(TM) i5-13400F, 16 cores, 15G,  Windows 11 , 64 bit Build 26100 (10.0.26100.7920)
Time: Tue Mar 10 23:35:53 2026 India Standard Time elapsed time: 19.709724 seconds (0d 0h 0m 19s)

---------------  T H R E A D  ---------------

Current thread (0x000002d2ec4de4e0):  VMThread "VM Thread"          [id=19464, stack(0x000000d458500000,0x000000d458600000) (1024K)]

Stack: [0x000000d458500000,0x000000d458600000]
Native frames: (J=compiled Java code, j=interpreted, Vv=VM code, C=native code)
V  [jvm.dll+0x6d6c99]
V  [jvm.dll+0x866b83]
V  [jvm.dll+0x86919e]
V  [jvm.dll+0x869883]
V  [jvm.dll+0x280776]
V  [jvm.dll+0x6d3555]
V  [jvm.dll+0x6c6bea]
V  [jvm.dll+0x3587fb]
V  [jvm.dll+0x360476]
V  [jvm.dll+0x3b2646]
V  [jvm.dll+0x3b2918]
V  [jvm.dll+0x32af0c]
V  [jvm.dll+0x32af97]
V  [jvm.dll+0x370e7c]
V  [jvm.dll+0x36f62e]
V  [jvm.dll+0x32a661]
V  [jvm.dll+0x36ed30]
V  [jvm.dll+0x86f608]
V  [jvm.dll+0x870984]
V  [jvm.dll+0x870ec0]
V  [jvm.dll+0x871153]
V  [jvm.dll+0x80f118]
V  [jvm.dll+0x6d54ed]
C  [ucrtbase.dll+0x37b0]
C  [KERNEL32.DLL+0x2e8d7]
C  [ntdll.dll+0x8c48c]

VM_Operation (0x000000d45c3f9700): G1CollectForAllocation, mode: safepoint, requested by thread 0x000002d2f7022060


---------------  P R O C E S S  ---------------

Threads class SMR info:
_java_thread_list=0x000002d2ff9e6870, length=237, elements={
0x000002d2d1e14ac0, 0x000002d2ec61b980, 0x000002d2ec622160, 0x000002d2ec620080,
0x000002d2ec64ec40, 0x000002d2ec64f6a0, 0x000002d2ec62bb70, 0x000002d2ec62def0,
0x000002d2ec657d20, 0x000002d2ec67e560, 0x000002d2ec67ca20, 0x000002d2ec67de90,
0x000002d2f113ff80, 0x000002d2ec67bc80, 0x000002d2ec67d7c0, 0x000002d2f333d140,
0x000002d2f3c7ce70, 0x000002d2f3932020, 0x000002d2f392eea0, 0x000002d2f24b3550,
0x000002d2f36cc6d0, 0x000002d2f20c1640, 0x000002d2f20c1cd0, 0x000002d2f20c3710,
0x000002d2f20c2360, 0x000002d2f20c0fb0, 0x000002d2f20c3080, 0x000002d2f20c3da0,
0x000002d2f4eb59b0, 0x000002d2f4eb66d0, 0x000002d2f4eb6d60, 0x000002d2f4eb3f70,
0x000002d2f4eb8110, 0x000002d2f4eb73f0, 0x000002d2f4eb4c90, 0x000002d2f4eb87a0,
0x000002d2f4eba1e0, 0x000002d2f4ebaf00, 0x000002d2f7eca4f0, 0x000002d2f7ec9e60,
0x000002d2f7ecab80, 0x000002d2f7ec97d0, 0x000002d2f7ecb210, 0x000002d2f7ecbf30,
0x000002d2f7ecc5c0, 0x000002d2f7ec9140, 0x000002d2f7022060, 0x000002d2f7024e50,
0x000002d2f70226f0, 0x000002d2f7025b70, 0x000002d2f7026200, 0x000002d2f7022d80,
0x000002d2f7023aa0, 0x000002d2f7026890, 0x000002d2f70254e0, 0x000002d2f7024130,
0x000002d2f7023410, 0x000002d2f7026f20, 0x000002d2f7027c40, 0x000002d2f70275b0,
0x000002d2f70247c0, 0x000002d2f70282d0, 0x000002d2f7028960, 0x000002d2f7028ff0,
0x000002d2f7029680, 0x000002d2f7cd1120, 0x000002d2f7ccf050, 0x000002d2f7ccf6e0,
0x000002d2f7cd2b60, 0x000002d2f7cd24d0, 0x000002d2f7ccfd70, 0x000002d2f7cd3880,
0x000002d2f7cd31f0, 0x000002d2f7cd17b0, 0x000002d2f7cd45a0, 0x000002d2f7cd4c30,
0x000002d2f7cd52c0, 0x000002d2f8057320, 0x000002d2f80579b0, 0x000002d2f8054bc0,
0x000002d2f8054530, 0x000002d2f8058040, 0x000002d2f80558e0, 0x000002d2f80586d0,
0x000002d2f8058d60, 0x000002d2f80593f0, 0x000002d2f8055f70, 0x000002d2f805bb50,
0x000002d2f8059a80, 0x000002d2f805a110, 0x000002d2f805a7a0, 0x000002d2f805ae30,
0x000002d2f805b4c0, 0x000002d2f7ac4680, 0x000002d2f7ac32d0, 0x000002d2f7ac2c40,
0x000002d2f7ac3960, 0x000002d2f7ac3ff0, 0x000002d2f7ac4d10, 0x000002d2f7ac25b0,
0x000002d2f7ac53a0, 0x000002d2f7ac1f20, 0x000002d2f7ac5a30, 0x000002d2f7ac6de0,
0x000002d2f7ac9540, 0x000002d2f7ac7b00, 0x000002d2f7ac60c0, 0x000002d2f7ac8190,
0x000002d2f7ac7470, 0x000002d2f7ac8820, 0x000002d2f7ac6750, 0x000002d2f7ac8eb0,
0x000002d2f7511f80, 0x000002d2f7514050, 0x000002d2f75118f0, 0x000002d2f7512610,
0x000002d2f7514d70, 0x000002d2f7513330, 0x000002d2f7512ca0, 0x000002d2f75139c0,
0x000002d2f75146e0, 0x000002d2f81a5e20, 0x000002d2f81a71d0, 0x000002d2f81a7ef0,
0x000002d2f81aa650, 0x000002d2f81d8820, 0x000002d2f81aba00, 0x000002d2f6ab4d80,
0x000002d2f6ab5450, 0x000002d2f6ab68c0, 0x000002d2f6ab61f0, 0x000002d2f6daf020,
0x000002d2f6daf6b0, 0x000002d2f6dafd40, 0x000002d2f6db0a60, 0x000002d2f6db03d0,
0x000002d2f6dad5e0, 0x000002d2f6db10f0, 0x000002d2f6dadc70, 0x000002d2f6dae300,
0x000002d2f8ecaee0, 0x000002d2f8ecb570, 0x000002d2f8ecbc00, 0x000002d2fed51f00,
0x000002d2fed4fe30, 0x000002d2fed50b50, 0x000002d2fed53940, 0x000002d2fed511e0,
0x000002d2fed52c20, 0x000002d2fed51870, 0x000002d2fed532b0, 0x000002d2fed504c0,
0x000002d2fed53fd0, 0x000002d2fed56730, 0x000002d2fed56dc0, 0x000002d2fed57450,
0x000002d2fed55a10, 0x000002d2fed57ae0, 0x000002d2fed54660, 0x000002d2fed55380,
0x000002d2fed58170, 0x000002d2fed560a0, 0x000002d2fed54cf0, 0x000002d2fed5b5f0,
0x000002d2fed5a8d0, 0x000002d2fed5bc80, 0x000002d2fed5a240, 0x000002d2fed5c9a0,
0x000002d2fed5c310, 0x000002d2fed59520, 0x000002d2fed5d030, 0x000002d2fed5d6c0,
0x000002d2fed5dd50, 0x000002d2fed5e3e0, 0x000002d2fed5ea70, 0x000002d2fed5f100,
0x000002d2f8056600, 0x000002d2f4eb7a80, 0x000002d2f81a6b40, 0x000002d2f54a0aa0,
0x000002d2f549dcb0, 0x000002d2f54a1130, 0x000002d2f54a0410, 0x000002d2f549f060,
0x000002d2f549e9d0, 0x000002d2f549f6f0, 0x000002d2f54a17c0, 0x000002d2f549e340,
0x000002d2f54a4c40, 0x000002d2f54a3200, 0x000002d2f54a3890, 0x000002d2f54a3f20,
0x000002d2f54a52d0, 0x000002d2f54a1e50, 0x000002d2f54a5960, 0x000002d2f54a45b0,
0x000002d2f54a24e0, 0x000002d2f54a2b70, 0x000002d2f54a8750, 0x000002d2f54a80c0,
0x000002d2f54a6d10, 0x000002d2f54a73a0, 0x000002d2f72d2090, 0x000002d2f72cec10,
0x000002d2f72cf930, 0x000002d2f72cf2a0, 0x000002d2f72d2db0, 0x000002d2f72d4e80,
0x000002d2f72d2720, 0x000002d2f72d3440, 0x000002d2f72cffc0, 0x000002d2f72d6230,
0x000002d2f72d4160, 0x000002d2f72d5510, 0x000002d2f72d68c0, 0x000002d2f72d6f50,
0x000002d2f72d5ba0, 0x000002d2f72d3ad0, 0x000002d2f72c9d50, 0x000002d2f72cc4b0,
0x000002d2f72c9030, 0x000002d2f72ca3e0, 0x000002d2f72ccb40, 0x000002d2f72caa70,
0x000002d2f72cb100, 0x000002d2f72cb790, 0x000002d2f72c96c0, 0x000002d2f72ce580,
0x000002d2f72cd1d0, 0x000002d2f72cdef0, 0x000002d2f72cbe20, 0x000002d2ffbe8710,
0x000002d2ffbe9430, 0x000002d2ffbe6cd0, 0x000002d2ffbe8da0, 0x000002d2ffbea7e0,
0x000002d2ffbeae70
}

Java Threads: ( => current thread )
  0x000002d2d1e14ac0 JavaThread "main"                              [_thread_blocked, id=19520, stack(0x000000d457e00000,0x000000d457f00000) (1024K)]
  0x000002d2ec61b980 JavaThread "Common-Cleaner"             daemon [_thread_blocked, id=7740, stack(0x000000d458600000,0x000000d458700000) (1024K)]
  0x000002d2ec622160 JavaThread "Reference Handler"          daemon [_thread_blocked, id=22460, stack(0x000000d458700000,0x000000d458800000) (1024K)]
  0x000002d2ec620080 JavaThread "Finalizer"                  daemon [_thread_blocked, id=2868, stack(0x000000d458800000,0x000000d458900000) (1024K)]
  0x000002d2ec64ec40 JavaThread "Signal Dispatcher"          daemon [_thread_blocked, id=23032, stack(0x000000d458900000,0x000000d458a00000) (1024K)]
  0x000002d2ec64f6a0 JavaThread "Attach Listener"            daemon [_thread_blocked, id=5456, stack(0x000000d458a00000,0x000000d458b00000) (1024K)]
  0x000002d2ec62bb70 JavaThread "Service Thread"             daemon [_thread_blocked, id=19664, stack(0x000000d458b00000,0x000000d458c00000) (1024K)]
  0x000002d2ec62def0 JavaThread "Monitor Deflation Thread"   daemon [_thread_blocked, id=21720, stack(0x000000d458c00000,0x000000d458d00000) (1024K)]
  0x000002d2ec657d20 JavaThread "C2 CompilerThread0"         daemon [_thread_blocked, id=9732, stack(0x000000d458d00000,0x000000d458e00000) (1024K)]
  0x000002d2ec67e560 JavaThread "C1 CompilerThread0"         daemon [_thread_blocked, id=15480, stack(0x000000d458e00000,0x000000d458f00000) (1024K)]
  0x000002d2ec67ca20 JavaThread "C1 CompilerThread1"         daemon [_thread_blocked, id=18092, stack(0x000000d458f00000,0x000000d459000000) (1024K)]
  0x000002d2ec67de90 JavaThread "C1 CompilerThread2"         daemon [_thread_blocked, id=5976, stack(0x000000d459000000,0x000000d459100000) (1024K)]
  0x000002d2f113ff80 JavaThread "Notification Thread"        daemon [_thread_blocked, id=20924, stack(0x000000d459100000,0x000000d459200000) (1024K)]
  0x000002d2ec67bc80 JavaThread "C2 CompilerThread1"         daemon [_thread_blocked, id=11536, stack(0x000000d459200000,0x000000d459300000) (1024K)]
  0x000002d2ec67d7c0 JavaThread "C1 CompilerThread3"         daemon [_thread_blocked, id=5652, stack(0x000000d459a00000,0x000000d459b00000) (1024K)]
  0x000002d2f333d140 JavaThread "Daemon health stats"               [_thread_blocked, id=2144, stack(0x000000d459b00000,0x000000d459c00000) (1024K)]
  0x000002d2f3c7ce70 JavaThread "Incoming local TCP Connector on port 57204"        [_thread_in_native, id=18932, stack(0x000000d459c00000,0x000000d459d00000) (1024K)]
  0x000002d2f3932020 JavaThread "Daemon periodic checks"            [_thread_blocked, id=21864, stack(0x000000d459d00000,0x000000d459e00000) (1024K)]
  0x000002d2f392eea0 JavaThread "Daemon"                            [_thread_blocked, id=13692, stack(0x000000d459e00000,0x000000d459f00000) (1024K)]
  0x000002d2f24b3550 JavaThread "Handler for socket connection from /127.0.0.1:57204 to /127.0.0.1:57205"        [_thread_in_native, id=21848, stack(0x000000d459f00000,0x000000d45a000000) (1024K)]
  0x000002d2f36cc6d0 JavaThread "Cancel handler"                    [_thread_blocked, id=21872, stack(0x000000d45a000000,0x000000d45a100000) (1024K)]
  0x000002d2f20c1640 JavaThread "Daemon worker"                     [_thread_blocked, id=21444, stack(0x000000d45aa00000,0x000000d45ab00000) (1024K)]
  0x000002d2f20c1cd0 JavaThread "Asynchronous log dispatcher for DefaultDaemonConnection: socket connection from /127.0.0.1:57204 to /127.0.0.1:57205"        [_thread_blocked, id=20108, stack(0x000000d45ab00000,0x000000d45ac00000) (1024K)]
  0x000002d2f20c3710 JavaThread "Stdin handler"                     [_thread_blocked, id=21548, stack(0x000000d45ac00000,0x000000d45ad00000) (1024K)]
  0x000002d2f20c2360 JavaThread "Daemon client event forwarder"        [_thread_blocked, id=10156, stack(0x000000d45ad00000,0x000000d45ae00000) (1024K)]
  0x000002d2f20c0fb0 JavaThread "Cache worker for journal cache (C:\Users\umesh\.gradle\caches\journal-1)"        [_thread_blocked, id=20708, stack(0x000000d45ae00000,0x000000d45af00000) (1024K)]
  0x000002d2f20c3080 JavaThread "File lock request listener"        [_thread_in_native, id=22608, stack(0x000000d45af00000,0x000000d45b000000) (1024K)]
  0x000002d2f20c3da0 JavaThread "Cache worker for file hash cache (C:\Users\umesh\.gradle\caches\9.2.1\fileHashes)"        [_thread_blocked, id=8564, stack(0x000000d45b000000,0x000000d45b100000) (1024K)]
  0x000002d2f4eb59b0 JavaThread "Cache worker for file hash cache (E:\MyPersonalProjects\CafeHaze\.gradle\9.2.1\fileHashes)"        [_thread_blocked, id=23120, stack(0x000000d45b100000,0x000000d45b200000) (1024K)]
  0x000002d2f4eb66d0 JavaThread "Cache worker for Build Output Cleanup Cache (E:\MyPersonalProjects\CafeHaze\.gradle\buildOutputCleanup)"        [_thread_blocked, id=23416, stack(0x000000d45b200000,0x000000d45b300000) (1024K)]
  0x000002d2f4eb6d60 JavaThread "File watcher server"        daemon [_thread_blocked, id=14036, stack(0x000000d45b300000,0x000000d45b400000) (1024K)]
  0x000002d2f4eb3f70 JavaThread "File watcher consumer"      daemon [_thread_blocked, id=6720, stack(0x000000d45b400000,0x000000d45b500000) (1024K)]
  0x000002d2f4eb8110 JavaThread "Cache worker for checksums cache (E:\MyPersonalProjects\CafeHaze\.gradle\9.2.1\checksums)"        [_thread_blocked, id=23180, stack(0x000000d45b500000,0x000000d45b600000) (1024K)]
  0x000002d2f4eb73f0 JavaThread "Cache worker for file content cache (C:\Users\umesh\.gradle\caches\9.2.1\fileContent)"        [_thread_blocked, id=6080, stack(0x000000d45b600000,0x000000d45b700000) (1024K)]
  0x000002d2f4eb4c90 JavaThread "Cache worker for cache directory md-supplier (C:\Users\umesh\.gradle\caches\9.2.1\md-supplier)"        [_thread_blocked, id=1780, stack(0x000000d45b700000,0x000000d45b800000) (1024K)]
  0x000002d2f4eb87a0 JavaThread "Cache worker for cache directory md-rule (C:\Users\umesh\.gradle\caches\9.2.1\md-rule)"        [_thread_blocked, id=17124, stack(0x000000d45b800000,0x000000d45b900000) (1024K)]
  0x000002d2f4eba1e0 JavaThread "jar transforms"                    [_thread_blocked, id=15172, stack(0x000000d45b900000,0x000000d45ba00000) (1024K)]
  0x000002d2f4ebaf00 JavaThread "jar transforms Thread 2"           [_thread_blocked, id=15056, stack(0x000000d45ba00000,0x000000d45bb00000) (1024K)]
  0x000002d2f7eca4f0 JavaThread "jar transforms Thread 3"           [_thread_blocked, id=7352, stack(0x000000d45bb00000,0x000000d45bc00000) (1024K)]
  0x000002d2f7ec9e60 JavaThread "Unconstrained build operations"        [_thread_blocked, id=7112, stack(0x000000d45bc00000,0x000000d45bd00000) (1024K)]
  0x000002d2f7ecab80 JavaThread "Unconstrained build operations Thread 2"        [_thread_blocked, id=21984, stack(0x000000d45bd00000,0x000000d45be00000) (1024K)]
  0x000002d2f7ec97d0 JavaThread "Unconstrained build operations Thread 3"        [_thread_blocked, id=18036, stack(0x000000d45be00000,0x000000d45bf00000) (1024K)]
  0x000002d2f7ecb210 JavaThread "Unconstrained build operations Thread 4"        [_thread_blocked, id=13728, stack(0x000000d45bf00000,0x000000d45c000000) (1024K)]
  0x000002d2f7ecbf30 JavaThread "Unconstrained build operations Thread 5"        [_thread_blocked, id=9084, stack(0x000000d45c000000,0x000000d45c100000) (1024K)]
  0x000002d2f7ecc5c0 JavaThread "Unconstrained build operations Thread 6"        [_thread_blocked, id=10520, stack(0x000000d45c100000,0x000000d45c200000) (1024K)]
  0x000002d2f7ec9140 JavaThread "Unconstrained build operations Thread 7"        [_thread_blocked, id=9884, stack(0x000000d45c200000,0x000000d45c300000) (1024K)]
  0x000002d2f7022060 JavaThread "Unconstrained build operations Thread 8"        [_thread_blocked, id=9076, stack(0x000000d45c300000,0x000000d45c400000) (1024K)]
  0x000002d2f7024e50 JavaThread "Unconstrained build operations Thread 9"        [_thread_blocked, id=17744, stack(0x000000d45c400000,0x000000d45c500000) (1024K)]
  0x000002d2f70226f0 JavaThread "Unconstrained build operations Thread 10"        [_thread_blocked, id=21644, stack(0x000000d45c500000,0x000000d45c600000) (1024K)]
  0x000002d2f7025b70 JavaThread "Unconstrained build operations Thread 11"        [_thread_blocked, id=6916, stack(0x000000d45c600000,0x000000d45c700000) (1024K)]
  0x000002d2f7026200 JavaThread "Unconstrained build operations Thread 12"        [_thread_blocked, id=8280, stack(0x000000d45c700000,0x000000d45c800000) (1024K)]
  0x000002d2f7022d80 JavaThread "Unconstrained build operations Thread 13"        [_thread_blocked, id=7312, stack(0x000000d45c800000,0x000000d45c900000) (1024K)]
  0x000002d2f7023aa0 JavaThread "Unconstrained build operations Thread 14"        [_thread_blocked, id=16228, stack(0x000000d45c900000,0x000000d45ca00000) (1024K)]
  0x000002d2f7026890 JavaThread "Unconstrained build operations Thread 15"        [_thread_blocked, id=16404, stack(0x000000d45ca00000,0x000000d45cb00000) (1024K)]
  0x000002d2f70254e0 JavaThread "Unconstrained build operations Thread 16"        [_thread_blocked, id=2480, stack(0x000000d45cb00000,0x000000d45cc00000) (1024K)]
  0x000002d2f7024130 JavaThread "Unconstrained build operations Thread 17"        [_thread_blocked, id=21600, stack(0x000000d45cc00000,0x000000d45cd00000) (1024K)]
  0x000002d2f7023410 JavaThread "Unconstrained build operations Thread 18"        [_thread_blocked, id=13632, stack(0x000000d45cd00000,0x000000d45ce00000) (1024K)]
  0x000002d2f7026f20 JavaThread "Unconstrained build operations Thread 19"        [_thread_blocked, id=20696, stack(0x000000d45ce00000,0x000000d45cf00000) (1024K)]
  0x000002d2f7027c40 JavaThread "Unconstrained build operations Thread 20"        [_thread_blocked, id=22960, stack(0x000000d45cf00000,0x000000d45d000000) (1024K)]
  0x000002d2f70275b0 JavaThread "jar transforms Thread 4"           [_thread_blocked, id=22136, stack(0x000000d45d000000,0x000000d45d100000) (1024K)]
  0x000002d2f70247c0 JavaThread "jar transforms Thread 5"           [_thread_blocked, id=2300, stack(0x000000d45d100000,0x000000d45d200000) (1024K)]
  0x000002d2f70282d0 JavaThread "Unconstrained build operations Thread 21"        [_thread_blocked, id=14792, stack(0x000000d45d200000,0x000000d45d300000) (1024K)]
  0x000002d2f7028960 JavaThread "Unconstrained build operations Thread 22"        [_thread_blocked, id=22924, stack(0x000000d45d300000,0x000000d45d400000) (1024K)]
  0x000002d2f7028ff0 JavaThread "Unconstrained build operations Thread 23"        [_thread_blocked, id=18000, stack(0x000000d45d400000,0x000000d45d500000) (1024K)]
  0x000002d2f7029680 JavaThread "Unconstrained build operations Thread 24"        [_thread_blocked, id=19348, stack(0x000000d45d500000,0x000000d45d600000) (1024K)]
  0x000002d2f7cd1120 JavaThread "Unconstrained build operations Thread 25"        [_thread_blocked, id=22636, stack(0x000000d45d600000,0x000000d45d700000) (1024K)]
  0x000002d2f7ccf050 JavaThread "Unconstrained build operations Thread 26"        [_thread_blocked, id=15608, stack(0x000000d45d700000,0x000000d45d800000) (1024K)]
  0x000002d2f7ccf6e0 JavaThread "Unconstrained build operations Thread 27"        [_thread_blocked, id=15732, stack(0x000000d45d800000,0x000000d45d900000) (1024K)]
  0x000002d2f7cd2b60 JavaThread "Unconstrained build operations Thread 28"        [_thread_blocked, id=18516, stack(0x000000d45d900000,0x000000d45da00000) (1024K)]
  0x000002d2f7cd24d0 JavaThread "Unconstrained build operations Thread 29"        [_thread_blocked, id=16164, stack(0x000000d45da00000,0x000000d45db00000) (1024K)]
  0x000002d2f7ccfd70 JavaThread "Unconstrained build operations Thread 30"        [_thread_blocked, id=16356, stack(0x000000d45db00000,0x000000d45dc00000) (1024K)]
  0x000002d2f7cd3880 JavaThread "jar transforms Thread 6"           [_thread_blocked, id=7320, stack(0x000000d45dc00000,0x000000d45dd00000) (1024K)]
  0x000002d2f7cd31f0 JavaThread "jar transforms Thread 7"           [_thread_blocked, id=11980, stack(0x000000d45dd00000,0x000000d45de00000) (1024K)]
  0x000002d2f7cd17b0 JavaThread "jar transforms Thread 8"           [_thread_blocked, id=21784, stack(0x000000d45de00000,0x000000d45df00000) (1024K)]
  0x000002d2f7cd45a0 JavaThread "Unconstrained build operations Thread 31"        [_thread_blocked, id=18004, stack(0x000000d45df00000,0x000000d45e000000) (1024K)]
  0x000002d2f7cd4c30 JavaThread "Unconstrained build operations Thread 32"        [_thread_blocked, id=23392, stack(0x000000d45e000000,0x000000d45e100000) (1024K)]
  0x000002d2f7cd52c0 JavaThread "Unconstrained build operations Thread 33"        [_thread_blocked, id=22336, stack(0x000000d45e100000,0x000000d45e200000) (1024K)]
  0x000002d2f8057320 JavaThread "Unconstrained build operations Thread 34"        [_thread_blocked, id=15224, stack(0x000000d45e200000,0x000000d45e300000) (1024K)]
  0x000002d2f80579b0 JavaThread "Unconstrained build operations Thread 35"        [_thread_blocked, id=22096, stack(0x000000d45e300000,0x000000d45e400000) (1024K)]
  0x000002d2f8054bc0 JavaThread "Unconstrained build operations Thread 36"        [_thread_blocked, id=6868, stack(0x000000d45e400000,0x000000d45e500000) (1024K)]
  0x000002d2f8054530 JavaThread "Unconstrained build operations Thread 37"        [_thread_blocked, id=21104, stack(0x000000d45e500000,0x000000d45e600000) (1024K)]
  0x000002d2f8058040 JavaThread "Unconstrained build operations Thread 38"        [_thread_blocked, id=22128, stack(0x000000d45e600000,0x000000d45e700000) (1024K)]
  0x000002d2f80558e0 JavaThread "Unconstrained build operations Thread 39"        [_thread_blocked, id=18252, stack(0x000000d45e700000,0x000000d45e800000) (1024K)]
  0x000002d2f80586d0 JavaThread "Unconstrained build operations Thread 40"        [_thread_blocked, id=4760, stack(0x000000d45e800000,0x000000d45e900000) (1024K)]
  0x000002d2f8058d60 JavaThread "Unconstrained build operations Thread 41"        [_thread_blocked, id=10908, stack(0x000000d45e900000,0x000000d45ea00000) (1024K)]
  0x000002d2f80593f0 JavaThread "Unconstrained build operations Thread 42"        [_thread_blocked, id=16332, stack(0x000000d45ea00000,0x000000d45eb00000) (1024K)]
  0x000002d2f8055f70 JavaThread "Unconstrained build operations Thread 43"        [_thread_blocked, id=18088, stack(0x000000d45eb00000,0x000000d45ec00000) (1024K)]
  0x000002d2f805bb50 JavaThread "Unconstrained build operations Thread 44"        [_thread_blocked, id=19188, stack(0x000000d45ec00000,0x000000d45ed00000) (1024K)]
  0x000002d2f8059a80 JavaThread "Unconstrained build operations Thread 45"        [_thread_blocked, id=10128, stack(0x000000d45ed00000,0x000000d45ee00000) (1024K)]
  0x000002d2f805a110 JavaThread "Unconstrained build operations Thread 46"        [_thread_blocked, id=12960, stack(0x000000d45ee00000,0x000000d45ef00000) (1024K)]
  0x000002d2f805a7a0 JavaThread "Unconstrained build operations Thread 47"        [_thread_blocked, id=7768, stack(0x000000d45ef00000,0x000000d45f000000) (1024K)]
  0x000002d2f805ae30 JavaThread "Unconstrained build operations Thread 48"        [_thread_blocked, id=9332, stack(0x000000d45f000000,0x000000d45f100000) (1024K)]
  0x000002d2f805b4c0 JavaThread "Unconstrained build operations Thread 49"        [_thread_blocked, id=17552, stack(0x000000d45f100000,0x000000d45f200000) (1024K)]
  0x000002d2f7ac4680 JavaThread "Unconstrained build operations Thread 50"        [_thread_blocked, id=3628, stack(0x000000d45f200000,0x000000d45f300000) (1024K)]
  0x000002d2f7ac32d0 JavaThread "Unconstrained build operations Thread 51"        [_thread_blocked, id=21944, stack(0x000000d45f300000,0x000000d45f400000) (1024K)]
  0x000002d2f7ac2c40 JavaThread "Unconstrained build operations Thread 52"        [_thread_blocked, id=22200, stack(0x000000d45f400000,0x000000d45f500000) (1024K)]
  0x000002d2f7ac3960 JavaThread "Unconstrained build operations Thread 53"        [_thread_blocked, id=12352, stack(0x000000d45f500000,0x000000d45f600000) (1024K)]
  0x000002d2f7ac3ff0 JavaThread "Unconstrained build operations Thread 54"        [_thread_blocked, id=16188, stack(0x000000d45f600000,0x000000d45f700000) (1024K)]
  0x000002d2f7ac4d10 JavaThread "Unconstrained build operations Thread 55"        [_thread_blocked, id=8848, stack(0x000000d45f700000,0x000000d45f800000) (1024K)]
  0x000002d2f7ac25b0 JavaThread "Unconstrained build operations Thread 56"        [_thread_blocked, id=4572, stack(0x000000d45f800000,0x000000d45f900000) (1024K)]
  0x000002d2f7ac53a0 JavaThread "Unconstrained build operations Thread 57"        [_thread_blocked, id=23308, stack(0x000000d45f900000,0x000000d45fa00000) (1024K)]
  0x000002d2f7ac1f20 JavaThread "Unconstrained build operations Thread 58"        [_thread_blocked, id=21704, stack(0x000000d45fa00000,0x000000d45fb00000) (1024K)]
  0x000002d2f7ac5a30 JavaThread "Unconstrained build operations Thread 59"        [_thread_blocked, id=17628, stack(0x000000d45fb00000,0x000000d45fc00000) (1024K)]
  0x000002d2f7ac6de0 JavaThread "Unconstrained build operations Thread 60"        [_thread_blocked, id=12620, stack(0x000000d45fc00000,0x000000d45fd00000) (1024K)]
  0x000002d2f7ac9540 JavaThread "Unconstrained build operations Thread 61"        [_thread_blocked, id=17704, stack(0x000000d45fd00000,0x000000d45fe00000) (1024K)]
  0x000002d2f7ac7b00 JavaThread "Unconstrained build operations Thread 62"        [_thread_blocked, id=21212, stack(0x000000d45fe00000,0x000000d45ff00000) (1024K)]
  0x000002d2f7ac60c0 JavaThread "Unconstrained build operations Thread 63"        [_thread_blocked, id=15588, stack(0x000000d45ff00000,0x000000d460000000) (1024K)]
  0x000002d2f7ac8190 JavaThread "Unconstrained build operations Thread 64"        [_thread_blocked, id=9820, stack(0x000000d460000000,0x000000d460100000) (1024K)]
  0x000002d2f7ac7470 JavaThread "Unconstrained build operations Thread 65"        [_thread_blocked, id=23016, stack(0x000000d460100000,0x000000d460200000) (1024K)]
  0x000002d2f7ac8820 JavaThread "Unconstrained build operations Thread 66"        [_thread_blocked, id=10820, stack(0x000000d460200000,0x000000d460300000) (1024K)]
  0x000002d2f7ac6750 JavaThread "Unconstrained build operations Thread 67"        [_thread_blocked, id=21488, stack(0x000000d460300000,0x000000d460400000) (1024K)]
  0x000002d2f7ac8eb0 JavaThread "Unconstrained build operations Thread 68"        [_thread_blocked, id=21700, stack(0x000000d460400000,0x000000d460500000) (1024K)]
  0x000002d2f7511f80 JavaThread "Unconstrained build operations Thread 69"        [_thread_blocked, id=19392, stack(0x000000d460500000,0x000000d460600000) (1024K)]
  0x000002d2f7514050 JavaThread "Unconstrained build operations Thread 70"        [_thread_blocked, id=21180, stack(0x000000d460600000,0x000000d460700000) (1024K)]
  0x000002d2f75118f0 JavaThread "Unconstrained build operations Thread 71"        [_thread_blocked, id=3480, stack(0x000000d460700000,0x000000d460800000) (1024K)]
  0x000002d2f7512610 JavaThread "Unconstrained build operations Thread 72"        [_thread_blocked, id=22656, stack(0x000000d460800000,0x000000d460900000) (1024K)]
  0x000002d2f7514d70 JavaThread "Unconstrained build operations Thread 73"        [_thread_blocked, id=17576, stack(0x000000d460900000,0x000000d460a00000) (1024K)]
  0x000002d2f7513330 JavaThread "Unconstrained build operations Thread 74"        [_thread_blocked, id=22032, stack(0x000000d460a00000,0x000000d460b00000) (1024K)]
  0x000002d2f7512ca0 JavaThread "Unconstrained build operations Thread 75"        [_thread_blocked, id=13188, stack(0x000000d460b00000,0x000000d460c00000) (1024K)]
  0x000002d2f75139c0 JavaThread "Unconstrained build operations Thread 76"        [_thread_blocked, id=22972, stack(0x000000d460c00000,0x000000d460d00000) (1024K)]
  0x000002d2f75146e0 JavaThread "Unconstrained build operations Thread 77"        [_thread_blocked, id=11880, stack(0x000000d460d00000,0x000000d460e00000) (1024K)]
  0x000002d2f81a5e20 JavaThread "Unconstrained build operations Thread 78"        [_thread_blocked, id=10152, stack(0x000000d460e00000,0x000000d460f00000) (1024K)]
  0x000002d2f81a71d0 JavaThread "build event listener"              [_thread_blocked, id=15868, stack(0x000000d461000000,0x000000d461100000) (1024K)]
  0x000002d2f81a7ef0 JavaThread "Memory manager"                    [_thread_blocked, id=19880, stack(0x000000d459300000,0x000000d459400000) (1024K)]
  0x000002d2f81aa650 JavaThread "build event listener"              [_thread_blocked, id=6068, stack(0x000000d459900000,0x000000d459a00000) (1024K)]
  0x000002d2f81d8820 JavaThread "C2 CompilerThread2"         daemon [_thread_blocked, id=22084, stack(0x000000d460f00000,0x000000d461000000) (1024K)]
  0x000002d2f81aba00 JavaThread "build event listener"              [_thread_blocked, id=19996, stack(0x000000d461100000,0x000000d461200000) (1024K)]
  0x000002d2f6ab4d80 JavaThread "C2 CompilerThread3"         daemon [_thread_blocked, id=18588, stack(0x000000d461200000,0x000000d461300000) (1024K)]
  0x000002d2f6ab5450 JavaThread "C2 CompilerThread4"         daemon [_thread_blocked, id=21880, stack(0x000000d461300000,0x000000d461400000) (1024K)]
  0x000002d2f6ab68c0 JavaThread "C2 CompilerThread5"         daemon [_thread_blocked, id=19956, stack(0x000000d461400000,0x000000d461500000) (1024K)]
  0x000002d2f6ab61f0 JavaThread "C2 CompilerThread6"         daemon [_thread_blocked, id=23360, stack(0x000000d461500000,0x000000d461600000) (1024K)]
  0x000002d2f6daf020 JavaThread "included builds"                   [_thread_blocked, id=1212, stack(0x000000d461600000,0x000000d461700000) (1024K)]
  0x000002d2f6daf6b0 JavaThread "Execution worker"                  [_thread_blocked, id=20652, stack(0x000000d461700000,0x000000d461800000) (1024K)]
  0x000002d2f6dafd40 JavaThread "Execution worker Thread 2"         [_thread_blocked, id=22000, stack(0x000000d461800000,0x000000d461900000) (1024K)]
  0x000002d2f6db0a60 JavaThread "Execution worker Thread 3"         [_thread_blocked, id=7184, stack(0x000000d461900000,0x000000d461a00000) (1024K)]
  0x000002d2f6db03d0 JavaThread "Execution worker Thread 4"         [_thread_blocked, id=15968, stack(0x000000d461a00000,0x000000d461b00000) (1024K)]
  0x000002d2f6dad5e0 JavaThread "Execution worker Thread 5"         [_thread_blocked, id=16644, stack(0x000000d461b00000,0x000000d461c00000) (1024K)]
  0x000002d2f6db10f0 JavaThread "Execution worker Thread 6"         [_thread_blocked, id=7684, stack(0x000000d461c00000,0x000000d461d00000) (1024K)]
  0x000002d2f6dadc70 JavaThread "Execution worker Thread 7"         [_thread_blocked, id=1700, stack(0x000000d461d00000,0x000000d461e00000) (1024K)]
  0x000002d2f6dae300 JavaThread "Execution worker Thread 8"         [_thread_blocked, id=18828, stack(0x000000d461e00000,0x000000d461f00000) (1024K)]
  0x000002d2f8ecaee0 JavaThread "Execution worker Thread 9"         [_thread_blocked, id=16024, stack(0x000000d461f00000,0x000000d462000000) (1024K)]
  0x000002d2f8ecb570 JavaThread "Execution worker Thread 10"        [_thread_blocked, id=14900, stack(0x000000d462000000,0x000000d462100000) (1024K)]
  0x000002d2f8ecbc00 JavaThread "Execution worker Thread 11"        [_thread_blocked, id=15248, stack(0x000000d462100000,0x000000d462200000) (1024K)]
  0x000002d2fed51f00 JavaThread "Execution worker Thread 12"        [_thread_blocked, id=8, stack(0x000000d462200000,0x000000d462300000) (1024K)]
  0x000002d2fed4fe30 JavaThread "Execution worker Thread 13"        [_thread_blocked, id=15824, stack(0x000000d462300000,0x000000d462400000) (1024K)]
  0x000002d2fed50b50 JavaThread "Execution worker Thread 14"        [_thread_blocked, id=18020, stack(0x000000d462400000,0x000000d462500000) (1024K)]
  0x000002d2fed53940 JavaThread "Execution worker Thread 15"        [_thread_blocked, id=21440, stack(0x000000d462500000,0x000000d462600000) (1024K)]
  0x000002d2fed511e0 JavaThread "Cache worker for execution history cache (E:\MyPersonalProjects\CafeHaze\.gradle\9.2.1\executionHistory)"        [_thread_blocked, id=3892, stack(0x000000d462600000,0x000000d462700000) (1024K)]
  0x000002d2fed52c20 JavaThread "Unconstrained build operations Thread 79"        [_thread_blocked, id=19976, stack(0x000000d462700000,0x000000d462800000) (1024K)]
  0x000002d2fed51870 JavaThread "Unconstrained build operations Thread 80"        [_thread_blocked, id=7828, stack(0x000000d462800000,0x000000d462900000) (1024K)]
  0x000002d2fed532b0 JavaThread "Unconstrained build operations Thread 81"        [_thread_blocked, id=21380, stack(0x000000d462900000,0x000000d462a00000) (1024K)]
  0x000002d2fed504c0 JavaThread "Unconstrained build operations Thread 82"        [_thread_blocked, id=9964, stack(0x000000d462a00000,0x000000d462b00000) (1024K)]
  0x000002d2fed53fd0 JavaThread "Unconstrained build operations Thread 83"        [_thread_blocked, id=19884, stack(0x000000d462b00000,0x000000d462c00000) (1024K)]
  0x000002d2fed56730 JavaThread "Unconstrained build operations Thread 84"        [_thread_blocked, id=15380, stack(0x000000d462c00000,0x000000d462d00000) (1024K)]
  0x000002d2fed56dc0 JavaThread "Unconstrained build operations Thread 85"        [_thread_blocked, id=3776, stack(0x000000d462d00000,0x000000d462e00000) (1024K)]
  0x000002d2fed57450 JavaThread "Unconstrained build operations Thread 86"        [_thread_blocked, id=10892, stack(0x000000d462e00000,0x000000d462f00000) (1024K)]
  0x000002d2fed55a10 JavaThread "Unconstrained build operations Thread 87"        [_thread_blocked, id=1624, stack(0x000000d462f00000,0x000000d463000000) (1024K)]
  0x000002d2fed57ae0 JavaThread "Unconstrained build operations Thread 88"        [_thread_blocked, id=8204, stack(0x000000d463000000,0x000000d463100000) (1024K)]
  0x000002d2fed54660 JavaThread "Unconstrained build operations Thread 89"        [_thread_blocked, id=6216, stack(0x000000d463100000,0x000000d463200000) (1024K)]
  0x000002d2fed55380 JavaThread "Unconstrained build operations Thread 90"        [_thread_blocked, id=12888, stack(0x000000d463200000,0x000000d463300000) (1024K)]
  0x000002d2fed58170 JavaThread "Unconstrained build operations Thread 91"        [_thread_blocked, id=14132, stack(0x000000d463300000,0x000000d463400000) (1024K)]
  0x000002d2fed560a0 JavaThread "Unconstrained build operations Thread 92"        [_thread_blocked, id=11664, stack(0x000000d463400000,0x000000d463500000) (1024K)]
  0x000002d2fed54cf0 JavaThread "Unconstrained build operations Thread 93"        [_thread_blocked, id=6236, stack(0x000000d463500000,0x000000d463600000) (1024K)]
  0x000002d2fed5b5f0 JavaThread "Unconstrained build operations Thread 94"        [_thread_blocked, id=23192, stack(0x000000d463600000,0x000000d463700000) (1024K)]
  0x000002d2fed5a8d0 JavaThread "Unconstrained build operations Thread 95"        [_thread_blocked, id=20976, stack(0x000000d463700000,0x000000d463800000) (1024K)]
  0x000002d2fed5bc80 JavaThread "Unconstrained build operations Thread 96"        [_thread_blocked, id=16252, stack(0x000000d463800000,0x000000d463900000) (1024K)]
  0x000002d2fed5a240 JavaThread "Unconstrained build operations Thread 97"        [_thread_blocked, id=14800, stack(0x000000d463900000,0x000000d463a00000) (1024K)]
  0x000002d2fed5c9a0 JavaThread "Unconstrained build operations Thread 98"        [_thread_blocked, id=17424, stack(0x000000d463a00000,0x000000d463b00000) (1024K)]
  0x000002d2fed5c310 JavaThread "Unconstrained build operations Thread 99"        [_thread_blocked, id=9036, stack(0x000000d463b00000,0x000000d463c00000) (1024K)]
  0x000002d2fed59520 JavaThread "Unconstrained build operations Thread 100"        [_thread_blocked, id=19344, stack(0x000000d463c00000,0x000000d463d00000) (1024K)]
  0x000002d2fed5d030 JavaThread "Unconstrained build operations Thread 101"        [_thread_blocked, id=7824, stack(0x000000d463d00000,0x000000d463e00000) (1024K)]
  0x000002d2fed5d6c0 JavaThread "Unconstrained build operations Thread 102"        [_thread_blocked, id=22532, stack(0x000000d463e00000,0x000000d463f00000) (1024K)]
  0x000002d2fed5dd50 JavaThread "Unconstrained build operations Thread 103"        [_thread_blocked, id=20092, stack(0x000000d463f00000,0x000000d464000000) (1024K)]
  0x000002d2fed5e3e0 JavaThread "Unconstrained build operations Thread 104"        [_thread_blocked, id=22436, stack(0x000000d464000000,0x000000d464100000) (1024K)]
  0x000002d2fed5ea70 JavaThread "Unconstrained build operations Thread 105"        [_thread_blocked, id=9920, stack(0x000000d464100000,0x000000d464200000) (1024K)]
  0x000002d2fed5f100 JavaThread "Unconstrained build operations Thread 106"        [_thread_blocked, id=5444, stack(0x000000d464200000,0x000000d464300000) (1024K)]
  0x000002d2f8056600 JavaThread "Unconstrained build operations Thread 107"        [_thread_blocked, id=21596, stack(0x000000d464300000,0x000000d464400000) (1024K)]
  0x000002d2f4eb7a80 JavaThread "Unconstrained build operations Thread 108"        [_thread_blocked, id=15008, stack(0x000000d464400000,0x000000d464500000) (1024K)]
  0x000002d2f81a6b40 JavaThread "Unconstrained build operations Thread 109"        [_thread_blocked, id=16784, stack(0x000000d464500000,0x000000d464600000) (1024K)]
  0x000002d2f54a0aa0 JavaThread "Unconstrained build operations Thread 110"        [_thread_blocked, id=17828, stack(0x000000d464600000,0x000000d464700000) (1024K)]
  0x000002d2f549dcb0 JavaThread "Unconstrained build operations Thread 111"        [_thread_blocked, id=22160, stack(0x000000d464700000,0x000000d464800000) (1024K)]
  0x000002d2f54a1130 JavaThread "Unconstrained build operations Thread 112"        [_thread_blocked, id=23544, stack(0x000000d464800000,0x000000d464900000) (1024K)]
  0x000002d2f54a0410 JavaThread "Unconstrained build operations Thread 113"        [_thread_blocked, id=23272, stack(0x000000d464900000,0x000000d464a00000) (1024K)]
  0x000002d2f549f060 JavaThread "Unconstrained build operations Thread 114"        [_thread_blocked, id=2652, stack(0x000000d464a00000,0x000000d464b00000) (1024K)]
  0x000002d2f549e9d0 JavaThread "Unconstrained build operations Thread 115"        [_thread_blocked, id=23276, stack(0x000000d464b00000,0x000000d464c00000) (1024K)]
  0x000002d2f549f6f0 JavaThread "Unconstrained build operations Thread 116"        [_thread_blocked, id=11904, stack(0x000000d464c00000,0x000000d464d00000) (1024K)]
  0x000002d2f54a17c0 JavaThread "Unconstrained build operations Thread 117"        [_thread_blocked, id=18840, stack(0x000000d464d00000,0x000000d464e00000) (1024K)]
  0x000002d2f549e340 JavaThread "Unconstrained build operations Thread 118"        [_thread_blocked, id=20232, stack(0x000000d464e00000,0x000000d464f00000) (1024K)]
  0x000002d2f54a4c40 JavaThread "Unconstrained build operations Thread 119"        [_thread_blocked, id=16220, stack(0x000000d464f00000,0x000000d465000000) (1024K)]
  0x000002d2f54a3200 JavaThread "Unconstrained build operations Thread 120"        [_thread_blocked, id=7612, stack(0x000000d465000000,0x000000d465100000) (1024K)]
  0x000002d2f54a3890 JavaThread "Unconstrained build operations Thread 121"        [_thread_blocked, id=15904, stack(0x000000d465100000,0x000000d465200000) (1024K)]
  0x000002d2f54a3f20 JavaThread "Unconstrained build operations Thread 122"        [_thread_blocked, id=19532, stack(0x000000d465200000,0x000000d465300000) (1024K)]
  0x000002d2f54a52d0 JavaThread "Unconstrained build operations Thread 123"        [_thread_blocked, id=7820, stack(0x000000d465300000,0x000000d465400000) (1024K)]
  0x000002d2f54a1e50 JavaThread "Unconstrained build operations Thread 124"        [_thread_blocked, id=20176, stack(0x000000d465400000,0x000000d465500000) (1024K)]
  0x000002d2f54a5960 JavaThread "Unconstrained build operations Thread 125"        [_thread_blocked, id=11392, stack(0x000000d465500000,0x000000d465600000) (1024K)]
  0x000002d2f54a45b0 JavaThread "Unconstrained build operations Thread 126"        [_thread_blocked, id=22856, stack(0x000000d465600000,0x000000d465700000) (1024K)]
  0x000002d2f54a24e0 JavaThread "Unconstrained build operations Thread 127"        [_thread_blocked, id=13688, stack(0x000000d465700000,0x000000d465800000) (1024K)]
  0x000002d2f54a2b70 JavaThread "Unconstrained build operations Thread 128"        [_thread_blocked, id=18704, stack(0x000000d465800000,0x000000d465900000) (1024K)]
  0x000002d2f54a8750 JavaThread "Unconstrained build operations Thread 129"        [_thread_blocked, id=5356, stack(0x000000d465900000,0x000000d465a00000) (1024K)]
  0x000002d2f54a80c0 JavaThread "Unconstrained build operations Thread 130"        [_thread_blocked, id=16736, stack(0x000000d465a00000,0x000000d465b00000) (1024K)]
  0x000002d2f54a6d10 JavaThread "Unconstrained build operations Thread 131"        [_thread_blocked, id=10032, stack(0x000000d465b00000,0x000000d465c00000) (1024K)]
  0x000002d2f54a73a0 JavaThread "Unconstrained build operations Thread 132"        [_thread_blocked, id=18968, stack(0x000000d465c00000,0x000000d465d00000) (1024K)]
  0x000002d2f72d2090 JavaThread "WorkerExecutor Queue"              [_thread_in_native, id=21992, stack(0x000000d465d00000,0x000000d465e00000) (1024K)]
  0x000002d2f72cec10 JavaThread "Unconstrained build operations Thread 133"        [_thread_blocked, id=18716, stack(0x000000d465e00000,0x000000d465f00000) (1024K)]
  0x000002d2f72cf930 JavaThread "Unconstrained build operations Thread 134"        [_thread_blocked, id=5104, stack(0x000000d465f00000,0x000000d466000000) (1024K)]
  0x000002d2f72cf2a0 JavaThread "Unconstrained build operations Thread 135"        [_thread_blocked, id=19840, stack(0x000000d466000000,0x000000d466100000) (1024K)]
  0x000002d2f72d2db0 JavaThread "Unconstrained build operations Thread 136"        [_thread_blocked, id=3696, stack(0x000000d466100000,0x000000d466200000) (1024K)]
  0x000002d2f72d4e80 JavaThread "Unconstrained build operations Thread 137"        [_thread_blocked, id=18012, stack(0x000000d466200000,0x000000d466300000) (1024K)]
  0x000002d2f72d2720 JavaThread "Unconstrained build operations Thread 138"        [_thread_blocked, id=20208, stack(0x000000d466300000,0x000000d466400000) (1024K)]
  0x000002d2f72d3440 JavaThread "Unconstrained build operations Thread 139"        [_thread_blocked, id=20216, stack(0x000000d466400000,0x000000d466500000) (1024K)]
  0x000002d2f72cffc0 JavaThread "Unconstrained build operations Thread 140"        [_thread_blocked, id=12240, stack(0x000000d466500000,0x000000d466600000) (1024K)]
  0x000002d2f72d6230 JavaThread "Unconstrained build operations Thread 141"        [_thread_blocked, id=20456, stack(0x000000d466600000,0x000000d466700000) (1024K)]
  0x000002d2f72d4160 JavaThread "Unconstrained build operations Thread 142"        [_thread_blocked, id=19780, stack(0x000000d466700000,0x000000d466800000) (1024K)]
  0x000002d2f72d5510 JavaThread "Unconstrained build operations Thread 143"        [_thread_blocked, id=22428, stack(0x000000d466800000,0x000000d466900000) (1024K)]
  0x000002d2f72d68c0 JavaThread "Unconstrained build operations Thread 144"        [_thread_blocked, id=16732, stack(0x000000d466900000,0x000000d466a00000) (1024K)]
  0x000002d2f72d6f50 JavaThread "Unconstrained build operations Thread 145"        [_thread_blocked, id=7288, stack(0x000000d466a00000,0x000000d466b00000) (1024K)]
  0x000002d2f72d5ba0 JavaThread "Unconstrained build operations Thread 146"        [_thread_blocked, id=17964, stack(0x000000d466b00000,0x000000d466c00000) (1024K)]
  0x000002d2f72d3ad0 JavaThread "Unconstrained build operations Thread 147"        [_thread_blocked, id=21008, stack(0x000000d466c00000,0x000000d466d00000) (1024K)]
  0x000002d2f72c9d50 JavaThread "Unconstrained build operations Thread 148"        [_thread_blocked, id=5308, stack(0x000000d466d00000,0x000000d466e00000) (1024K)]
  0x000002d2f72cc4b0 JavaThread "Unconstrained build operations Thread 149"        [_thread_blocked, id=23408, stack(0x000000d466e00000,0x000000d466f00000) (1024K)]
  0x000002d2f72c9030 JavaThread "Unconstrained build operations Thread 150"        [_thread_blocked, id=9912, stack(0x000000d466f00000,0x000000d467000000) (1024K)]
  0x000002d2f72ca3e0 JavaThread "Unconstrained build operations Thread 151"        [_thread_blocked, id=15276, stack(0x000000d467000000,0x000000d467100000) (1024K)]
  0x000002d2f72ccb40 JavaThread "Unconstrained build operations Thread 152"        [_thread_blocked, id=17956, stack(0x000000d467100000,0x000000d467200000) (1024K)]
  0x000002d2f72caa70 JavaThread "Unconstrained build operations Thread 153"        [_thread_blocked, id=12456, stack(0x000000d467200000,0x000000d467300000) (1024K)]
  0x000002d2f72cb100 JavaThread "Unconstrained build operations Thread 154"        [_thread_blocked, id=19916, stack(0x000000d467300000,0x000000d467400000) (1024K)]
  0x000002d2f72cb790 JavaThread "Unconstrained build operations Thread 155"        [_thread_blocked, id=22304, stack(0x000000d467400000,0x000000d467500000) (1024K)]
  0x000002d2f72c96c0 JavaThread "Unconstrained build operations Thread 156"        [_thread_blocked, id=14580, stack(0x000000d467500000,0x000000d467600000) (1024K)]
  0x000002d2f72ce580 JavaThread "Unconstrained build operations Thread 157"        [_thread_blocked, id=240, stack(0x000000d467600000,0x000000d467700000) (1024K)]
  0x000002d2f72cd1d0 JavaThread "Unconstrained build operations Thread 158"        [_thread_blocked, id=23248, stack(0x000000d467700000,0x000000d467800000) (1024K)]
  0x000002d2f72cdef0 JavaThread "Unconstrained build operations Thread 159"        [_thread_blocked, id=2544, stack(0x000000d467800000,0x000000d467900000) (1024K)]
  0x000002d2f72cbe20 JavaThread "Unconstrained build operations Thread 160"        [_thread_blocked, id=19872, stack(0x000000d467900000,0x000000d467a00000) (1024K)]
  0x000002d2ffbe8710 JavaThread "RMI Scheduler(0)"           daemon [_thread_blocked, id=23124, stack(0x000000d467c00000,0x000000d467d00000) (1024K)]
  0x000002d2ffbe9430 JavaThread "RMI RenewClean-[127.0.0.1:17840,org.jetbrains.kotlin.daemon.common.LoopbackNetworkInterface$ClientLoopbackSocketFactory@5b1ea0f5]" daemon [_thread_blocked, id=8604, stack(0x000000d467d00000,0x000000d467e00000) (1024K)]
  0x000002d2ffbe6cd0 JavaThread "RMI GC Daemon"              daemon [_thread_blocked, id=14740, stack(0x000000d467e00000,0x000000d467f00000) (1024K)]
  0x000002d2ffbe8da0 JavaThread "RMI TCP Accept-0"           daemon [_thread_in_native, id=17856, stack(0x000000d467f00000,0x000000d468000000) (1024K)]
  0x000002d2ffbea7e0 JavaThread "RMI Reaper"                        [_thread_blocked, id=10196, stack(0x000000d468000000,0x000000d468100000) (1024K)]
  0x000002d2ffbeae70 JavaThread "RMI TCP Connection(1)-127.0.0.1" daemon [_thread_in_native, id=22168, stack(0x000000d468100000,0x000000d468200000) (1024K)]
Total: 237

Other Threads:
=>0x000002d2ec4de4e0 VMThread "VM Thread"                           [id=19464, stack(0x000000d458500000,0x000000d458600000) (1024K)]
  0x000002d2ec5619e0 WatcherThread "VM Periodic Task Thread"        [id=7024, stack(0x000000d458400000,0x000000d458500000) (1024K)]
  0x000002d2d42a3680 WorkerThread "GC Thread#0"                     [id=6948, stack(0x000000d457f00000,0x000000d458000000) (1024K)]
  0x000002d2f161fd50 WorkerThread "GC Thread#1"                     [id=4776, stack(0x000000d459400000,0x000000d459500000) (1024K)]
  0x000002d2f16200f0 WorkerThread "GC Thread#2"                     [id=20796, stack(0x000000d459500000,0x000000d459600000) (1024K)]
  0x000002d2f1620490 WorkerThread "GC Thread#3"                     [id=7868, stack(0x000000d459600000,0x000000d459700000) (1024K)]
  0x000002d2f1620c40 WorkerThread "GC Thread#4"                     [id=9724, stack(0x000000d459700000,0x000000d459800000) (1024K)]
  0x000002d2f1680910 WorkerThread "GC Thread#5"                     [id=15448, stack(0x000000d459800000,0x000000d459900000) (1024K)]
  0x000002d2f167f350 WorkerThread "GC Thread#6"                     [id=23520, stack(0x000000d45a100000,0x000000d45a200000) (1024K)]
  0x000002d2f1680570 WorkerThread "GC Thread#7"                     [id=22352, stack(0x000000d45a200000,0x000000d45a300000) (1024K)]
  0x000002d2f35f8820 WorkerThread "GC Thread#8"                     [id=16028, stack(0x000000d45a300000,0x000000d45a400000) (1024K)]
  0x000002d2f35fb740 WorkerThread "GC Thread#9"                     [id=12444, stack(0x000000d45a400000,0x000000d45a500000) (1024K)]
  0x000002d2f35f9300 WorkerThread "GC Thread#10"                    [id=19336, stack(0x000000d45a500000,0x000000d45a600000) (1024K)]
  0x000002d2f35fb3a0 WorkerThread "GC Thread#11"                    [id=18976, stack(0x000000d45a600000,0x000000d45a700000) (1024K)]
  0x000002d2f35fa180 WorkerThread "GC Thread#12"                    [id=16592, stack(0x000000d45a700000,0x000000d45a800000) (1024K)]
  0x000002d2d42b53b0 ConcurrentGCThread "G1 Main Marker"            [id=16516, stack(0x000000d458000000,0x000000d458100000) (1024K)]
  0x000002d2d42b6c70 WorkerThread "G1 Conc#0"                       [id=21412, stack(0x000000d458100000,0x000000d458200000) (1024K)]
  0x000002d2f35fb000 WorkerThread "G1 Conc#1"                       [id=10964, stack(0x000000d45a800000,0x000000d45a900000) (1024K)]
  0x000002d2f35fbae0 WorkerThread "G1 Conc#2"                       [id=13932, stack(0x000000d45a900000,0x000000d45aa00000) (1024K)]
  0x000002d2ec3c1740 ConcurrentGCThread "G1 Refine#0"               [id=22216, stack(0x000000d458200000,0x000000d458300000) (1024K)]
  0x000002d2ec3c1f60 ConcurrentGCThread "G1 Service"                [id=22500, stack(0x000000d458300000,0x000000d458400000) (1024K)]
Total: 21

Threads with active compile tasks:
C2 CompilerThread0  19728 24641       4       com.android.tools.r8.graph.ic::a (28 bytes)
C2 CompilerThread1  19728 24675       4       com.android.tools.r8.internal.us2::get (104 bytes)
C1 CompilerThread3  19728 24688       3       java.util.ArrayDeque::bulkRemoveModified (312 bytes)
C2 CompilerThread2  19728 24676 % !   4       com.android.tools.r8.internal.e61::a @ 949 (4236 bytes)
C2 CompilerThread3  19728 24635       4       com.android.tools.r8.internal.e61::c (213 bytes)
C2 CompilerThread4  19728 24607   !   4       com.android.tools.r8.internal.r40::a (948 bytes)
C2 CompilerThread5  19728 24639       4       com.android.tools.r8.internal.u51::a (1211 bytes)
C2 CompilerThread6  19728 24647       4       com.android.tools.r8.graph.h0::a (107 bytes)
Total: 8

VM state: at safepoint (normal execution)

VM Mutex/Monitor currently owned by a thread:  ([mutex/lock_event])
[0x00007ffc1ebf8690] Threads_lock - owner thread: 0x000002d2ec4de4e0
[0x00007ffc1ebf8790] Heap_lock - owner thread: 0x000002d2f7022060

Heap address: 0x0000000080000000, size: 2048 MB, Compressed Oops mode: 32-bit

CDS archive(s) not mapped
Compressed class space mapped at: 0x0000000100000000-0x0000000140000000, reserved size: 1073741824
Narrow klass base: 0x0000000000000000, Narrow klass shift: 3, Narrow klass range: 0x140000000

GC Precious Log:
 CardTable entry size: 512
 Card Set container configuration: InlinePtr #cards 5 size 8 Array Of Cards #cards 12 size 40 Howl #buckets 4 coarsen threshold 1843 Howl Bitmap #cards 512 size 80 coarsen threshold 460 Card regions per heap region 1 cards per card region 2048
 CPUs: 16 total, 16 available
 Memory: 16197M
 Large Page Support: Disabled
 NUMA Support: Disabled
 Compressed Oops: Enabled (32-bit)
 Heap Region Size: 1M
 Heap Min Capacity: 8M
 Heap Initial Capacity: 254M
 Heap Max Capacity: 2G
 Pre-touch: Disabled
 Parallel Workers: 13
 Concurrent Workers: 3
 Concurrent Refinement Workers: 13
 Periodic GC: Disabled

Heap:
 garbage-first heap   total 948224K, used 474135K [0x0000000080000000, 0x0000000100000000)
  region size 1024K, 24 young (24576K), 24 survivors (24576K)
 Metaspace       used 141902K, committed 144384K, reserved 1179648K
  class space    used 20390K, committed 21568K, reserved 1048576K

Heap Regions: E=young(eden), S=young(survivor), O=old, HS=humongous(starts), HC=humongous(continues), CS=collection set, F=free, TAMS=top-at-mark-start, PB=parsable bottom
|   0|0x0000000080000000, 0x0000000080100000, 0x0000000080100000|100%|HS|  |TAMS 0x0000000080100000| PB 0x0000000080000000| Complete 
|   1|0x0000000080100000, 0x0000000080200000, 0x0000000080200000|100%|HC|  |TAMS 0x0000000080200000| PB 0x0000000080100000| Complete 
|   2|0x0000000080200000, 0x0000000080300000, 0x0000000080300000|100%|HC|  |TAMS 0x0000000080300000| PB 0x0000000080200000| Complete 
|   3|0x0000000080300000, 0x0000000080400000, 0x0000000080400000|100%|HC|  |TAMS 0x0000000080400000| PB 0x0000000080300000| Complete 
|   4|0x0000000080400000, 0x0000000080500000, 0x0000000080500000|100%| O|  |TAMS 0x0000000080500000| PB 0x0000000080400000| Untracked 
|   5|0x0000000080500000, 0x00000000805faa80, 0x0000000080600000| 97%| O|  |TAMS 0x00000000805faa80| PB 0x0000000080500000| Untracked 
|   6|0x0000000080600000, 0x0000000080700000, 0x0000000080700000|100%|HS|  |TAMS 0x0000000080700000| PB 0x0000000080600000| Complete 
|   7|0x0000000080700000, 0x0000000080800000, 0x0000000080800000|100%| O|  |TAMS 0x0000000080800000| PB 0x0000000080700000| Untracked 
|   8|0x0000000080800000, 0x0000000080900000, 0x0000000080900000|100%| O|  |TAMS 0x0000000080900000| PB 0x0000000080800000| Untracked 
|   9|0x0000000080900000, 0x0000000080a00000, 0x0000000080a00000|100%| O|  |TAMS 0x0000000080a00000| PB 0x0000000080900000| Untracked 
|  10|0x0000000080a00000, 0x0000000080b00000, 0x0000000080b00000|100%| O|  |TAMS 0x0000000080b00000| PB 0x0000000080a00000| Untracked 
|  11|0x0000000080b00000, 0x0000000080c00000, 0x0000000080c00000|100%| O|  |TAMS 0x0000000080c00000| PB 0x0000000080b00000| Untracked 
|  12|0x0000000080c00000, 0x0000000080d00000, 0x0000000080d00000|100%| O|  |TAMS 0x0000000080d00000| PB 0x0000000080c00000| Untracked 
|  13|0x0000000080d00000, 0x0000000080e00000, 0x0000000080e00000|100%| O|  |TAMS 0x0000000080e00000| PB 0x0000000080d00000| Untracked 
|  14|0x0000000080e00000, 0x0000000080f00000, 0x0000000080f00000|100%| O|  |TAMS 0x0000000080f00000| PB 0x0000000080e00000| Untracked 
|  15|0x0000000080f00000, 0x0000000081000000, 0x0000000081000000|100%| O|  |TAMS 0x0000000081000000| PB 0x0000000080f00000| Untracked 
|  16|0x0000000081000000, 0x0000000081100000, 0x0000000081100000|100%| O|  |TAMS 0x0000000081100000| PB 0x0000000081000000| Untracked 
|  17|0x0000000081100000, 0x0000000081200000, 0x0000000081200000|100%| O|  |TAMS 0x0000000081200000| PB 0x0000000081100000| Updating 
|  18|0x0000000081200000, 0x0000000081300000, 0x0000000081300000|100%| O|  |TAMS 0x0000000081300000| PB 0x0000000081200000| Untracked 
|  19|0x0000000081300000, 0x0000000081400000, 0x0000000081400000|100%| O|  |TAMS 0x0000000081400000| PB 0x0000000081300000| Untracked 
|  20|0x0000000081400000, 0x0000000081500000, 0x0000000081500000|100%| O|  |TAMS 0x0000000081500000| PB 0x0000000081400000| Updating 
|  21|0x0000000081500000, 0x0000000081600000, 0x0000000081600000|100%| O|  |TAMS 0x0000000081600000| PB 0x0000000081500000| Untracked 
|  22|0x0000000081600000, 0x0000000081700000, 0x0000000081700000|100%| O|  |TAMS 0x0000000081700000| PB 0x0000000081600000| Untracked 
|  23|0x0000000081700000, 0x0000000081800000, 0x0000000081800000|100%|HS|  |TAMS 0x0000000081800000| PB 0x0000000081700000| Complete 
|  24|0x0000000081800000, 0x0000000081900000, 0x0000000081900000|100%|HC|  |TAMS 0x0000000081900000| PB 0x0000000081800000| Complete 
|  25|0x0000000081900000, 0x0000000081a00000, 0x0000000081a00000|100%| O|  |TAMS 0x0000000081a00000| PB 0x0000000081900000| Untracked 
|  26|0x0000000081a00000, 0x0000000081b00000, 0x0000000081b00000|100%| O|  |TAMS 0x0000000081b00000| PB 0x0000000081a00000| Untracked 
|  27|0x0000000081b00000, 0x0000000081c00000, 0x0000000081c00000|100%| O|  |TAMS 0x0000000081c00000| PB 0x0000000081b00000| Updating 
|  28|0x0000000081c00000, 0x0000000081d00000, 0x0000000081d00000|100%| O|  |TAMS 0x0000000081d00000| PB 0x0000000081c00000| Untracked 
|  29|0x0000000081d00000, 0x0000000081e00000, 0x0000000081e00000|100%| O|  |TAMS 0x0000000081e00000| PB 0x0000000081d00000| Untracked 
|  30|0x0000000081e00000, 0x0000000081f00000, 0x0000000081f00000|100%| O|  |TAMS 0x0000000081f00000| PB 0x0000000081e00000| Untracked 
|  31|0x0000000081f00000, 0x0000000082000000, 0x0000000082000000|100%| O|  |TAMS 0x0000000082000000| PB 0x0000000081f00000| Updating 
|  32|0x0000000082000000, 0x0000000082100000, 0x0000000082100000|100%| O|  |TAMS 0x0000000082100000| PB 0x0000000082000000| Untracked 
|  33|0x0000000082100000, 0x0000000082200000, 0x0000000082200000|100%| O|  |TAMS 0x0000000082200000| PB 0x0000000082100000| Updating 
|  34|0x0000000082200000, 0x0000000082300000, 0x0000000082300000|100%| O|  |TAMS 0x0000000082300000| PB 0x0000000082200000| Untracked 
|  35|0x0000000082300000, 0x0000000082400000, 0x0000000082400000|100%| O|  |TAMS 0x0000000082400000| PB 0x0000000082300000| Updating 
|  36|0x0000000082400000, 0x0000000082500000, 0x0000000082500000|100%| O|  |TAMS 0x0000000082500000| PB 0x0000000082400000| Untracked 
|  37|0x0000000082500000, 0x0000000082600000, 0x0000000082600000|100%| O|  |TAMS 0x0000000082600000| PB 0x0000000082500000| Untracked 
|  38|0x0000000082600000, 0x0000000082700000, 0x0000000082700000|100%| O|  |TAMS 0x0000000082700000| PB 0x0000000082600000| Updating 
|  39|0x0000000082700000, 0x0000000082800000, 0x0000000082800000|100%| O|  |TAMS 0x0000000082800000| PB 0x0000000082700000| Updating 
|  40|0x0000000082800000, 0x0000000082900000, 0x0000000082900000|100%| O|  |TAMS 0x0000000082900000| PB 0x0000000082800000| Untracked 
|  41|0x0000000082900000, 0x0000000082a00000, 0x0000000082a00000|100%| O|  |TAMS 0x0000000082a00000| PB 0x0000000082900000| Untracked 
|  42|0x0000000082a00000, 0x0000000082b00000, 0x0000000082b00000|100%|HS|  |TAMS 0x0000000082b00000| PB 0x0000000082a00000| Complete 
|  43|0x0000000082b00000, 0x0000000082c00000, 0x0000000082c00000|100%|HS|  |TAMS 0x0000000082c00000| PB 0x0000000082b00000| Complete 
|  44|0x0000000082c00000, 0x0000000082d00000, 0x0000000082d00000|100%| O|  |TAMS 0x0000000082d00000| PB 0x0000000082c00000| Untracked 
|  45|0x0000000082d00000, 0x0000000082e00000, 0x0000000082e00000|100%|HS|  |TAMS 0x0000000082e00000| PB 0x0000000082d00000| Complete 
|  46|0x0000000082e00000, 0x0000000082f00000, 0x0000000082f00000|100%|HC|  |TAMS 0x0000000082f00000| PB 0x0000000082e00000| Complete 
|  47|0x0000000082f00000, 0x0000000083000000, 0x0000000083000000|100%|HS|  |TAMS 0x0000000083000000| PB 0x0000000082f00000| Complete 
|  48|0x0000000083000000, 0x0000000083100000, 0x0000000083100000|100%|HS|  |TAMS 0x0000000083100000| PB 0x0000000083000000| Complete 
|  49|0x0000000083100000, 0x0000000083200000, 0x0000000083200000|100%| O|  |TAMS 0x0000000083200000| PB 0x0000000083100000| Untracked 
|  50|0x0000000083200000, 0x0000000083300000, 0x0000000083300000|100%| O|  |TAMS 0x0000000083300000| PB 0x0000000083200000| Untracked 
|  51|0x0000000083300000, 0x0000000083400000, 0x0000000083400000|100%| O|  |TAMS 0x0000000083400000| PB 0x0000000083300000| Untracked 
|  52|0x0000000083400000, 0x0000000083500000, 0x0000000083500000|100%| O|  |TAMS 0x0000000083500000| PB 0x0000000083400000| Untracked 
|  53|0x0000000083500000, 0x0000000083600000, 0x0000000083600000|100%| O|  |TAMS 0x0000000083600000| PB 0x0000000083500000| Untracked 
|  54|0x0000000083600000, 0x0000000083700000, 0x0000000083700000|100%|HS|  |TAMS 0x0000000083700000| PB 0x0000000083600000| Complete 
|  55|0x0000000083700000, 0x0000000083800000, 0x0000000083800000|100%|HS|  |TAMS 0x0000000083800000| PB 0x0000000083700000| Complete 
|  56|0x0000000083800000, 0x0000000083900000, 0x0000000083900000|100%| O|  |TAMS 0x0000000083900000| PB 0x0000000083800000| Untracked 
|  57|0x0000000083900000, 0x0000000083a00000, 0x0000000083a00000|100%| O|  |TAMS 0x0000000083a00000| PB 0x0000000083900000| Untracked 
|  58|0x0000000083a00000, 0x0000000083b00000, 0x0000000083b00000|100%| O|  |TAMS 0x0000000083b00000| PB 0x0000000083a00000| Untracked 
|  59|0x0000000083b00000, 0x0000000083c00000, 0x0000000083c00000|100%| O|  |TAMS 0x0000000083c00000| PB 0x0000000083b00000| Untracked 
|  60|0x0000000083c00000, 0x0000000083d00000, 0x0000000083d00000|100%| O|  |TAMS 0x0000000083d00000| PB 0x0000000083c00000| Updating 
|  61|0x0000000083d00000, 0x0000000083e00000, 0x0000000083e00000|100%| O|  |TAMS 0x0000000083e00000| PB 0x0000000083d00000| Untracked 
|  62|0x0000000083e00000, 0x0000000083f00000, 0x0000000083f00000|100%| O|  |TAMS 0x0000000083f00000| PB 0x0000000083e00000| Updating 
|  63|0x0000000083f00000, 0x0000000084000000, 0x0000000084000000|100%|HS|  |TAMS 0x0000000084000000| PB 0x0000000083f00000| Complete 
|  64|0x0000000084000000, 0x0000000084100000, 0x0000000084100000|100%|HC|  |TAMS 0x0000000084100000| PB 0x0000000084000000| Complete 
|  65|0x0000000084100000, 0x0000000084200000, 0x0000000084200000|100%| O|  |TAMS 0x0000000084200000| PB 0x0000000084100000| Untracked 
|  66|0x0000000084200000, 0x0000000084300000, 0x0000000084300000|100%| O|  |TAMS 0x0000000084300000| PB 0x0000000084200000| Untracked 
|  67|0x0000000084300000, 0x0000000084400000, 0x0000000084400000|100%| O|  |TAMS 0x0000000084400000| PB 0x0000000084300000| Untracked 
|  68|0x0000000084400000, 0x0000000084500000, 0x0000000084500000|100%| O|  |TAMS 0x0000000084500000| PB 0x0000000084400000| Updating 
|  69|0x0000000084500000, 0x0000000084600000, 0x0000000084600000|100%|HS|  |TAMS 0x0000000084600000| PB 0x0000000084500000| Complete 
|  70|0x0000000084600000, 0x0000000084700000, 0x0000000084700000|100%| O|  |TAMS 0x0000000084700000| PB 0x0000000084600000| Updating 
|  71|0x0000000084700000, 0x0000000084800000, 0x0000000084800000|100%| O|  |TAMS 0x0000000084800000| PB 0x0000000084700000| Untracked 
|  72|0x0000000084800000, 0x0000000084900000, 0x0000000084900000|100%| O|  |TAMS 0x0000000084900000| PB 0x0000000084800000| Updating 
|  73|0x0000000084900000, 0x0000000084a00000, 0x0000000084a00000|100%| O|  |TAMS 0x0000000084a00000| PB 0x0000000084900000| Updating 
|  74|0x0000000084a00000, 0x0000000084b00000, 0x0000000084b00000|100%| O|  |TAMS 0x0000000084b00000| PB 0x0000000084a00000| Untracked 
|  75|0x0000000084b00000, 0x0000000084c00000, 0x0000000084c00000|100%| O|  |TAMS 0x0000000084c00000| PB 0x0000000084b00000| Updating 
|  76|0x0000000084c00000, 0x0000000084d00000, 0x0000000084d00000|100%| O|  |TAMS 0x0000000084d00000| PB 0x0000000084c00000| Untracked 
|  77|0x0000000084d00000, 0x0000000084e00000, 0x0000000084e00000|100%| O|  |TAMS 0x0000000084e00000| PB 0x0000000084d00000| Untracked 
|  78|0x0000000084e00000, 0x0000000084f00000, 0x0000000084f00000|100%| O|  |TAMS 0x0000000084f00000| PB 0x0000000084e00000| Untracked 
|  79|0x0000000084f00000, 0x0000000085000000, 0x0000000085000000|100%| O|  |TAMS 0x0000000085000000| PB 0x0000000084f00000| Updating 
|  80|0x0000000085000000, 0x0000000085100000, 0x0000000085100000|100%| O|  |TAMS 0x0000000085100000| PB 0x0000000085000000| Untracked 
|  81|0x0000000085100000, 0x0000000085200000, 0x0000000085200000|100%| O|  |TAMS 0x0000000085200000| PB 0x0000000085100000| Updating 
|  82|0x0000000085200000, 0x0000000085300000, 0x0000000085300000|100%| O|  |TAMS 0x0000000085300000| PB 0x0000000085200000| Updating 
|  83|0x0000000085300000, 0x0000000085400000, 0x0000000085400000|100%| O|  |TAMS 0x0000000085400000| PB 0x0000000085300000| Untracked 
|  84|0x0000000085400000, 0x0000000085500000, 0x0000000085500000|100%| O|  |TAMS 0x0000000085500000| PB 0x0000000085400000| Untracked 
|  85|0x0000000085500000, 0x0000000085600000, 0x0000000085600000|100%| O|  |TAMS 0x0000000085600000| PB 0x0000000085500000| Untracked 
|  86|0x0000000085600000, 0x0000000085700000, 0x0000000085700000|100%| O|  |TAMS 0x0000000085700000| PB 0x0000000085600000| Updating 
|  87|0x0000000085700000, 0x0000000085800000, 0x0000000085800000|100%| O|  |TAMS 0x0000000085800000| PB 0x0000000085700000| Untracked 
|  88|0x0000000085800000, 0x0000000085900000, 0x0000000085900000|100%| O|  |TAMS 0x0000000085900000| PB 0x0000000085800000| Untracked 
|  89|0x0000000085900000, 0x0000000085a00000, 0x0000000085a00000|100%| O|  |TAMS 0x0000000085a00000| PB 0x0000000085900000| Untracked 
|  90|0x0000000085a00000, 0x0000000085b00000, 0x0000000085b00000|100%| O|  |TAMS 0x0000000085b00000| PB 0x0000000085a00000| Untracked 
|  91|0x0000000085b00000, 0x0000000085c00000, 0x0000000085c00000|100%| O|  |TAMS 0x0000000085c00000| PB 0x0000000085b00000| Untracked 
|  92|0x0000000085c00000, 0x0000000085d00000, 0x0000000085d00000|100%| O|  |TAMS 0x0000000085d00000| PB 0x0000000085c00000| Untracked 
|  93|0x0000000085d00000, 0x0000000085e00000, 0x0000000085e00000|100%| O|  |TAMS 0x0000000085e00000| PB 0x0000000085d00000| Untracked 
|  94|0x0000000085e00000, 0x0000000085f00000, 0x0000000085f00000|100%| O|  |TAMS 0x0000000085f00000| PB 0x0000000085e00000| Untracked 
|  95|0x0000000085f00000, 0x0000000086000000, 0x0000000086000000|100%| O|  |TAMS 0x0000000086000000| PB 0x0000000085f00000| Untracked 
|  96|0x0000000086000000, 0x0000000086100000, 0x0000000086100000|100%| O|  |TAMS 0x0000000086100000| PB 0x0000000086000000| Untracked 
|  97|0x0000000086100000, 0x0000000086200000, 0x0000000086200000|100%| O|  |TAMS 0x0000000086200000| PB 0x0000000086100000| Untracked 
|  98|0x0000000086200000, 0x0000000086300000, 0x0000000086300000|100%| O|  |TAMS 0x0000000086300000| PB 0x0000000086200000| Untracked 
|  99|0x0000000086300000, 0x0000000086400000, 0x0000000086400000|100%| O|  |TAMS 0x0000000086400000| PB 0x0000000086300000| Untracked 
| 100|0x0000000086400000, 0x0000000086500000, 0x0000000086500000|100%| O|  |TAMS 0x0000000086500000| PB 0x0000000086400000| Untracked 
| 101|0x0000000086500000, 0x0000000086600000, 0x0000000086600000|100%| O|  |TAMS 0x0000000086600000| PB 0x0000000086500000| Untracked 
| 102|0x0000000086600000, 0x0000000086700000, 0x0000000086700000|100%| O|  |TAMS 0x0000000086700000| PB 0x0000000086600000| Untracked 
| 103|0x0000000086700000, 0x0000000086800000, 0x0000000086800000|100%|HS|  |TAMS 0x0000000086800000| PB 0x0000000086700000| Complete 
| 104|0x0000000086800000, 0x0000000086900000, 0x0000000086900000|100%| O|  |TAMS 0x0000000086900000| PB 0x0000000086800000| Updating 
| 105|0x0000000086900000, 0x0000000086a00000, 0x0000000086a00000|100%| O|  |TAMS 0x0000000086a00000| PB 0x0000000086900000| Untracked 
| 106|0x0000000086a00000, 0x0000000086b00000, 0x0000000086b00000|100%| O|  |TAMS 0x0000000086b00000| PB 0x0000000086a00000| Updating 
| 107|0x0000000086b00000, 0x0000000086c00000, 0x0000000086c00000|100%| O|  |TAMS 0x0000000086c00000| PB 0x0000000086b00000| Untracked 
| 108|0x0000000086c00000, 0x0000000086d00000, 0x0000000086d00000|100%| O|  |TAMS 0x0000000086d00000| PB 0x0000000086c00000| Untracked 
| 109|0x0000000086d00000, 0x0000000086e00000, 0x0000000086e00000|100%| O|  |TAMS 0x0000000086e00000| PB 0x0000000086d00000| Untracked 
| 110|0x0000000086e00000, 0x0000000086f00000, 0x0000000086f00000|100%| O|  |TAMS 0x0000000086f00000| PB 0x0000000086e00000| Untracked 
| 111|0x0000000086f00000, 0x0000000087000000, 0x0000000087000000|100%| O|  |TAMS 0x0000000087000000| PB 0x0000000086f00000| Untracked 
| 112|0x0000000087000000, 0x0000000087100000, 0x0000000087100000|100%| O|  |TAMS 0x0000000087100000| PB 0x0000000087000000| Untracked 
| 113|0x0000000087100000, 0x0000000087200000, 0x0000000087200000|100%| O|  |TAMS 0x0000000087200000| PB 0x0000000087100000| Untracked 
| 114|0x0000000087200000, 0x0000000087300000, 0x0000000087300000|100%| O|  |TAMS 0x0000000087300000| PB 0x0000000087200000| Updating 
| 115|0x0000000087300000, 0x0000000087400000, 0x0000000087400000|100%| O|  |TAMS 0x0000000087400000| PB 0x0000000087300000| Updating 
| 116|0x0000000087400000, 0x0000000087500000, 0x0000000087500000|100%| O|  |TAMS 0x0000000087500000| PB 0x0000000087400000| Untracked 
| 117|0x0000000087500000, 0x0000000087600000, 0x0000000087600000|100%| O|  |TAMS 0x0000000087600000| PB 0x0000000087500000| Updating 
| 118|0x0000000087600000, 0x0000000087700000, 0x0000000087700000|100%| O|  |TAMS 0x0000000087700000| PB 0x0000000087600000| Updating 
| 119|0x0000000087700000, 0x0000000087800000, 0x0000000087800000|100%| O|  |TAMS 0x0000000087800000| PB 0x0000000087700000| Untracked 
| 120|0x0000000087800000, 0x0000000087900000, 0x0000000087900000|100%| O|  |TAMS 0x0000000087900000| PB 0x0000000087800000| Updating 
| 121|0x0000000087900000, 0x0000000087a00000, 0x0000000087a00000|100%| O|  |TAMS 0x0000000087a00000| PB 0x0000000087900000| Updating 
| 122|0x0000000087a00000, 0x0000000087b00000, 0x0000000087b00000|100%| O|  |TAMS 0x0000000087b00000| PB 0x0000000087a00000| Updating 
| 123|0x0000000087b00000, 0x0000000087c00000, 0x0000000087c00000|100%| O|  |TAMS 0x0000000087c00000| PB 0x0000000087b00000| Updating 
| 124|0x0000000087c00000, 0x0000000087d00000, 0x0000000087d00000|100%| O|  |TAMS 0x0000000087d00000| PB 0x0000000087c00000| Untracked 
| 125|0x0000000087d00000, 0x0000000087e00000, 0x0000000087e00000|100%| O|  |TAMS 0x0000000087e00000| PB 0x0000000087d00000| Updating 
| 126|0x0000000087e00000, 0x0000000087f00000, 0x0000000087f00000|100%| O|  |TAMS 0x0000000087e00000| PB 0x0000000087e00000| Untracked 
| 127|0x0000000087f00000, 0x0000000088000000, 0x0000000088000000|100%| O|  |TAMS 0x0000000088000000| PB 0x0000000087f00000| Updating 
| 128|0x0000000088000000, 0x0000000088100000, 0x0000000088100000|100%| O|  |TAMS 0x0000000088100000| PB 0x0000000088000000| Updating 
| 129|0x0000000088100000, 0x0000000088200000, 0x0000000088200000|100%| O|  |TAMS 0x0000000088200000| PB 0x0000000088100000| Untracked 
| 130|0x0000000088200000, 0x0000000088300000, 0x0000000088300000|100%| O|  |TAMS 0x0000000088300000| PB 0x0000000088200000| Untracked 
| 131|0x0000000088300000, 0x0000000088400000, 0x0000000088400000|100%| O|  |TAMS 0x0000000088400000| PB 0x0000000088300000| Updating 
| 132|0x0000000088400000, 0x0000000088500000, 0x0000000088500000|100%| O|  |TAMS 0x0000000088500000| PB 0x0000000088400000| Untracked 
| 133|0x0000000088500000, 0x0000000088600000, 0x0000000088600000|100%| O|  |TAMS 0x0000000088600000| PB 0x0000000088500000| Updating 
| 134|0x0000000088600000, 0x0000000088700000, 0x0000000088700000|100%| O|  |TAMS 0x0000000088700000| PB 0x0000000088600000| Updating 
| 135|0x0000000088700000, 0x0000000088800000, 0x0000000088800000|100%| O|  |TAMS 0x0000000088800000| PB 0x0000000088700000| Updating 
| 136|0x0000000088800000, 0x0000000088900000, 0x0000000088900000|100%| O|  |TAMS 0x0000000088900000| PB 0x0000000088800000| Updating 
| 137|0x0000000088900000, 0x0000000088a00000, 0x0000000088a00000|100%| O|  |TAMS 0x0000000088a00000| PB 0x0000000088900000| Updating 
| 138|0x0000000088a00000, 0x0000000088b00000, 0x0000000088b00000|100%| O|  |TAMS 0x0000000088b00000| PB 0x0000000088a00000| Updating 
| 139|0x0000000088b00000, 0x0000000088c00000, 0x0000000088c00000|100%| O|  |TAMS 0x0000000088c00000| PB 0x0000000088b00000| Updating 
| 140|0x0000000088c00000, 0x0000000088d00000, 0x0000000088d00000|100%| O|  |TAMS 0x0000000088d00000| PB 0x0000000088c00000| Updating 
| 141|0x0000000088d00000, 0x0000000088e00000, 0x0000000088e00000|100%| O|  |TAMS 0x0000000088e00000| PB 0x0000000088d00000| Updating 
| 142|0x0000000088e00000, 0x0000000088f00000, 0x0000000088f00000|100%| O|  |TAMS 0x0000000088f00000| PB 0x0000000088e00000| Untracked 
| 143|0x0000000088f00000, 0x0000000089000000, 0x0000000089000000|100%| O|  |TAMS 0x0000000089000000| PB 0x0000000088f00000| Updating 
| 144|0x0000000089000000, 0x0000000089100000, 0x0000000089100000|100%| O|  |TAMS 0x0000000089100000| PB 0x0000000089000000| Updating 
| 145|0x0000000089100000, 0x0000000089200000, 0x0000000089200000|100%| O|  |TAMS 0x0000000089200000| PB 0x0000000089100000| Untracked 
| 146|0x0000000089200000, 0x0000000089300000, 0x0000000089300000|100%| O|  |TAMS 0x0000000089300000| PB 0x0000000089200000| Untracked 
| 147|0x0000000089300000, 0x0000000089400000, 0x0000000089400000|100%| O|  |TAMS 0x0000000089400000| PB 0x0000000089300000| Untracked 
| 148|0x0000000089400000, 0x0000000089500000, 0x0000000089500000|100%| O|  |TAMS 0x0000000089500000| PB 0x0000000089400000| Updating 
| 149|0x0000000089500000, 0x0000000089600000, 0x0000000089600000|100%| O|  |TAMS 0x0000000089500000| PB 0x0000000089500000| Untracked 
| 150|0x0000000089600000, 0x0000000089700000, 0x0000000089700000|100%| O|  |TAMS 0x0000000089700000| PB 0x0000000089600000| Untracked 
| 151|0x0000000089700000, 0x0000000089800000, 0x0000000089800000|100%| O|  |TAMS 0x0000000089800000| PB 0x0000000089700000| Untracked 
| 152|0x0000000089800000, 0x0000000089900000, 0x0000000089900000|100%| O|  |TAMS 0x0000000089900000| PB 0x0000000089800000| Untracked 
| 153|0x0000000089900000, 0x0000000089a00000, 0x0000000089a00000|100%| O|  |TAMS 0x0000000089a00000| PB 0x0000000089900000| Untracked 
| 154|0x0000000089a00000, 0x0000000089b00000, 0x0000000089b00000|100%| O|  |TAMS 0x0000000089b00000| PB 0x0000000089a00000| Untracked 
| 155|0x0000000089b00000, 0x0000000089c00000, 0x0000000089c00000|100%| O|  |TAMS 0x0000000089c00000| PB 0x0000000089b00000| Untracked 
| 156|0x0000000089c00000, 0x0000000089d00000, 0x0000000089d00000|100%| O|  |TAMS 0x0000000089d00000| PB 0x0000000089c00000| Untracked 
| 157|0x0000000089d00000, 0x0000000089e00000, 0x0000000089e00000|100%| O|  |TAMS 0x0000000089e00000| PB 0x0000000089d00000| Untracked 
| 158|0x0000000089e00000, 0x0000000089f00000, 0x0000000089f00000|100%| O|  |TAMS 0x0000000089f00000| PB 0x0000000089e00000| Untracked 
| 159|0x0000000089f00000, 0x000000008a000000, 0x000000008a000000|100%| O|  |TAMS 0x000000008a000000| PB 0x0000000089f00000| Untracked 
| 160|0x000000008a000000, 0x000000008a100000, 0x000000008a100000|100%| O|  |TAMS 0x000000008a100000| PB 0x000000008a000000| Untracked 
| 161|0x000000008a100000, 0x000000008a200000, 0x000000008a200000|100%| O|  |TAMS 0x000000008a200000| PB 0x000000008a100000| Untracked 
| 162|0x000000008a200000, 0x000000008a300000, 0x000000008a300000|100%| O|  |TAMS 0x000000008a300000| PB 0x000000008a200000| Untracked 
| 163|0x000000008a300000, 0x000000008a400000, 0x000000008a400000|100%| O|  |TAMS 0x000000008a400000| PB 0x000000008a300000| Untracked 
| 164|0x000000008a400000, 0x000000008a500000, 0x000000008a500000|100%| O|  |TAMS 0x000000008a500000| PB 0x000000008a400000| Untracked 
| 165|0x000000008a500000, 0x000000008a600000, 0x000000008a600000|100%| O|  |TAMS 0x000000008a600000| PB 0x000000008a500000| Untracked 
| 166|0x000000008a600000, 0x000000008a700000, 0x000000008a700000|100%| O|  |TAMS 0x000000008a700000| PB 0x000000008a600000| Untracked 
| 167|0x000000008a700000, 0x000000008a800000, 0x000000008a800000|100%| O|  |TAMS 0x000000008a800000| PB 0x000000008a700000| Untracked 
| 168|0x000000008a800000, 0x000000008a900000, 0x000000008a900000|100%| O|  |TAMS 0x000000008a900000| PB 0x000000008a800000| Untracked 
| 169|0x000000008a900000, 0x000000008aa00000, 0x000000008aa00000|100%| O|  |TAMS 0x000000008aa00000| PB 0x000000008a900000| Untracked 
| 170|0x000000008aa00000, 0x000000008ab00000, 0x000000008ab00000|100%| O|  |TAMS 0x000000008ab00000| PB 0x000000008aa00000| Untracked 
| 171|0x000000008ab00000, 0x000000008ac00000, 0x000000008ac00000|100%| O|  |TAMS 0x000000008ac00000| PB 0x000000008ab00000| Untracked 
| 172|0x000000008ac00000, 0x000000008ad00000, 0x000000008ad00000|100%| O|  |TAMS 0x000000008ad00000| PB 0x000000008ac00000| Untracked 
| 173|0x000000008ad00000, 0x000000008ae00000, 0x000000008ae00000|100%| O|  |TAMS 0x000000008ae00000| PB 0x000000008ad00000| Untracked 
| 174|0x000000008ae00000, 0x000000008af00000, 0x000000008af00000|100%| O|  |TAMS 0x000000008af00000| PB 0x000000008ae00000| Untracked 
| 175|0x000000008af00000, 0x000000008b000000, 0x000000008b000000|100%| O|  |TAMS 0x000000008b000000| PB 0x000000008af00000| Untracked 
| 176|0x000000008b000000, 0x000000008b100000, 0x000000008b100000|100%| O|  |TAMS 0x000000008b100000| PB 0x000000008b000000| Untracked 
| 177|0x000000008b100000, 0x000000008b200000, 0x000000008b200000|100%| O|  |TAMS 0x000000008b200000| PB 0x000000008b100000| Untracked 
| 178|0x000000008b200000, 0x000000008b300000, 0x000000008b300000|100%| O|  |TAMS 0x000000008b300000| PB 0x000000008b200000| Untracked 
| 179|0x000000008b300000, 0x000000008b400000, 0x000000008b400000|100%| O|  |TAMS 0x000000008b400000| PB 0x000000008b300000| Untracked 
| 180|0x000000008b400000, 0x000000008b500000, 0x000000008b500000|100%| O|  |TAMS 0x000000008b500000| PB 0x000000008b400000| Untracked 
| 181|0x000000008b500000, 0x000000008b600000, 0x000000008b600000|100%| O|  |TAMS 0x000000008b600000| PB 0x000000008b500000| Untracked 
| 182|0x000000008b600000, 0x000000008b700000, 0x000000008b700000|100%| O|  |TAMS 0x000000008b700000| PB 0x000000008b600000| Untracked 
| 183|0x000000008b700000, 0x000000008b800000, 0x000000008b800000|100%| O|  |TAMS 0x000000008b800000| PB 0x000000008b700000| Untracked 
| 184|0x000000008b800000, 0x000000008b900000, 0x000000008b900000|100%| O|  |TAMS 0x000000008b900000| PB 0x000000008b800000| Untracked 
| 185|0x000000008b900000, 0x000000008ba00000, 0x000000008ba00000|100%| O|  |TAMS 0x000000008ba00000| PB 0x000000008b900000| Untracked 
| 186|0x000000008ba00000, 0x000000008bb00000, 0x000000008bb00000|100%| O|  |TAMS 0x000000008bb00000| PB 0x000000008ba00000| Untracked 
| 187|0x000000008bb00000, 0x000000008bc00000, 0x000000008bc00000|100%| O|  |TAMS 0x000000008bc00000| PB 0x000000008bb00000| Untracked 
| 188|0x000000008bc00000, 0x000000008bd00000, 0x000000008bd00000|100%| O|  |TAMS 0x000000008bd00000| PB 0x000000008bc00000| Untracked 
| 189|0x000000008bd00000, 0x000000008be00000, 0x000000008be00000|100%| O|  |TAMS 0x000000008be00000| PB 0x000000008bd00000| Untracked 
| 190|0x000000008be00000, 0x000000008bf00000, 0x000000008bf00000|100%| O|  |TAMS 0x000000008bf00000| PB 0x000000008be00000| Untracked 
| 191|0x000000008bf00000, 0x000000008c000000, 0x000000008c000000|100%| O|  |TAMS 0x000000008c000000| PB 0x000000008bf00000| Updating 
| 192|0x000000008c000000, 0x000000008c100000, 0x000000008c100000|100%| O|  |TAMS 0x000000008c100000| PB 0x000000008c000000| Updating 
| 193|0x000000008c100000, 0x000000008c200000, 0x000000008c200000|100%| O|  |TAMS 0x000000008c200000| PB 0x000000008c100000| Updating 
| 194|0x000000008c200000, 0x000000008c300000, 0x000000008c300000|100%| O|  |TAMS 0x000000008c300000| PB 0x000000008c200000| Updating 
| 195|0x000000008c300000, 0x000000008c400000, 0x000000008c400000|100%| O|  |TAMS 0x000000008c400000| PB 0x000000008c300000| Updating 
| 196|0x000000008c400000, 0x000000008c500000, 0x000000008c500000|100%| O|  |TAMS 0x000000008c500000| PB 0x000000008c400000| Untracked 
| 197|0x000000008c500000, 0x000000008c600000, 0x000000008c600000|100%| O|  |TAMS 0x000000008c600000| PB 0x000000008c500000| Updating 
| 198|0x000000008c600000, 0x000000008c700000, 0x000000008c700000|100%| O|  |TAMS 0x000000008c700000| PB 0x000000008c600000| Untracked 
| 199|0x000000008c700000, 0x000000008c800000, 0x000000008c800000|100%| O|  |TAMS 0x000000008c800000| PB 0x000000008c700000| Untracked 
| 200|0x000000008c800000, 0x000000008c900000, 0x000000008c900000|100%| O|  |TAMS 0x000000008c900000| PB 0x000000008c800000| Untracked 
| 201|0x000000008c900000, 0x000000008ca00000, 0x000000008ca00000|100%| O|  |TAMS 0x000000008ca00000| PB 0x000000008c900000| Untracked 
| 202|0x000000008ca00000, 0x000000008cb00000, 0x000000008cb00000|100%| O|  |TAMS 0x000000008cb00000| PB 0x000000008ca00000| Untracked 
| 203|0x000000008cb00000, 0x000000008cc00000, 0x000000008cc00000|100%| O|  |TAMS 0x000000008cc00000| PB 0x000000008cb00000| Untracked 
| 204|0x000000008cc00000, 0x000000008cd00000, 0x000000008cd00000|100%| O|  |TAMS 0x000000008cd00000| PB 0x000000008cc00000| Updating 
| 205|0x000000008cd00000, 0x000000008ce00000, 0x000000008ce00000|100%| O|  |TAMS 0x000000008ce00000| PB 0x000000008cd00000| Untracked 
| 206|0x000000008ce00000, 0x000000008cf00000, 0x000000008cf00000|100%| O|  |TAMS 0x000000008cf00000| PB 0x000000008ce00000| Untracked 
| 207|0x000000008cf00000, 0x000000008d000000, 0x000000008d000000|100%| O|  |TAMS 0x000000008d000000| PB 0x000000008cf00000| Untracked 
| 208|0x000000008d000000, 0x000000008d100000, 0x000000008d100000|100%| O|  |TAMS 0x000000008d100000| PB 0x000000008d000000| Untracked 
| 209|0x000000008d100000, 0x000000008d200000, 0x000000008d200000|100%| O|  |TAMS 0x000000008d200000| PB 0x000000008d100000| Untracked 
| 210|0x000000008d200000, 0x000000008d300000, 0x000000008d300000|100%| O|  |TAMS 0x000000008d300000| PB 0x000000008d200000| Updating 
| 211|0x000000008d300000, 0x000000008d400000, 0x000000008d400000|100%| O|  |TAMS 0x000000008d400000| PB 0x000000008d300000| Untracked 
| 212|0x000000008d400000, 0x000000008d500000, 0x000000008d500000|100%| O|  |TAMS 0x000000008d500000| PB 0x000000008d400000| Untracked 
| 213|0x000000008d500000, 0x000000008d600000, 0x000000008d600000|100%| O|  |TAMS 0x000000008d600000| PB 0x000000008d500000| Untracked 
| 214|0x000000008d600000, 0x000000008d700000, 0x000000008d700000|100%| O|  |TAMS 0x000000008d700000| PB 0x000000008d600000| Untracked 
| 215|0x000000008d700000, 0x000000008d800000, 0x000000008d800000|100%| O|  |TAMS 0x000000008d800000| PB 0x000000008d700000| Untracked 
| 216|0x000000008d800000, 0x000000008d900000, 0x000000008d900000|100%| O|  |TAMS 0x000000008d900000| PB 0x000000008d800000| Untracked 
| 217|0x000000008d900000, 0x000000008da00000, 0x000000008da00000|100%| O|  |TAMS 0x000000008da00000| PB 0x000000008d900000| Untracked 
| 218|0x000000008da00000, 0x000000008db00000, 0x000000008db00000|100%| O|  |TAMS 0x000000008db00000| PB 0x000000008da00000| Updating 
| 219|0x000000008db00000, 0x000000008dc00000, 0x000000008dc00000|100%| O|  |TAMS 0x000000008dc00000| PB 0x000000008db00000| Untracked 
| 220|0x000000008dc00000, 0x000000008dd00000, 0x000000008dd00000|100%| O|  |TAMS 0x000000008dd00000| PB 0x000000008dc00000| Updating 
| 221|0x000000008dd00000, 0x000000008de00000, 0x000000008de00000|100%| O|  |TAMS 0x000000008de00000| PB 0x000000008dd00000| Untracked 
| 222|0x000000008de00000, 0x000000008df00000, 0x000000008df00000|100%| O|  |TAMS 0x000000008df00000| PB 0x000000008de00000| Untracked 
| 223|0x000000008df00000, 0x000000008e000000, 0x000000008e000000|100%| O|  |TAMS 0x000000008e000000| PB 0x000000008df00000| Updating 
| 224|0x000000008e000000, 0x000000008e100000, 0x000000008e100000|100%| O|  |TAMS 0x000000008e100000| PB 0x000000008e000000| Updating 
| 225|0x000000008e100000, 0x000000008e200000, 0x000000008e200000|100%| O|  |TAMS 0x000000008e200000| PB 0x000000008e100000| Untracked 
| 226|0x000000008e200000, 0x000000008e300000, 0x000000008e300000|100%| O|  |TAMS 0x000000008e300000| PB 0x000000008e200000| Updating 
| 227|0x000000008e300000, 0x000000008e400000, 0x000000008e400000|100%| O|  |TAMS 0x000000008e400000| PB 0x000000008e300000| Untracked 
| 228|0x000000008e400000, 0x000000008e500000, 0x000000008e500000|100%| O|  |TAMS 0x000000008e500000| PB 0x000000008e400000| Updating 
| 229|0x000000008e500000, 0x000000008e600000, 0x000000008e600000|100%| O|  |TAMS 0x000000008e600000| PB 0x000000008e500000| Updating 
| 230|0x000000008e600000, 0x000000008e700000, 0x000000008e700000|100%| O|  |TAMS 0x000000008e700000| PB 0x000000008e600000| Updating 
| 231|0x000000008e700000, 0x000000008e800000, 0x000000008e800000|100%| O|  |TAMS 0x000000008e800000| PB 0x000000008e700000| Updating 
| 232|0x000000008e800000, 0x000000008e900000, 0x000000008e900000|100%| O|  |TAMS 0x000000008e900000| PB 0x000000008e800000| Updating 
| 233|0x000000008e900000, 0x000000008ea00000, 0x000000008ea00000|100%| O|  |TAMS 0x000000008ea00000| PB 0x000000008e900000| Updating 
| 234|0x000000008ea00000, 0x000000008eb00000, 0x000000008eb00000|100%| O|  |TAMS 0x000000008eb00000| PB 0x000000008ea00000| Updating 
| 235|0x000000008eb00000, 0x000000008ec00000, 0x000000008ec00000|100%| O|  |TAMS 0x000000008ec00000| PB 0x000000008eb00000| Updating 
| 236|0x000000008ec00000, 0x000000008ed00000, 0x000000008ed00000|100%| O|  |TAMS 0x000000008ec00000| PB 0x000000008ec00000| Untracked 
| 237|0x000000008ed00000, 0x000000008ee00000, 0x000000008ee00000|100%| O|  |TAMS 0x000000008ee00000| PB 0x000000008ed00000| Updating 
| 238|0x000000008ee00000, 0x000000008ef00000, 0x000000008ef00000|100%| O|  |TAMS 0x000000008ef00000| PB 0x000000008ee00000| Updating 
| 239|0x000000008ef00000, 0x000000008f000000, 0x000000008f000000|100%| O|  |TAMS 0x000000008f000000| PB 0x000000008ef00000| Updating 
| 240|0x000000008f000000, 0x000000008f100000, 0x000000008f100000|100%| O|  |TAMS 0x000000008f100000| PB 0x000000008f000000| Updating 
| 241|0x000000008f100000, 0x000000008f200000, 0x000000008f200000|100%| O|  |TAMS 0x000000008f200000| PB 0x000000008f100000| Updating 
| 242|0x000000008f200000, 0x000000008f300000, 0x000000008f300000|100%| O|  |TAMS 0x000000008f300000| PB 0x000000008f200000| Updating 
| 243|0x000000008f300000, 0x000000008f400000, 0x000000008f400000|100%| O|  |TAMS 0x000000008f300000| PB 0x000000008f300000| Updating 
| 244|0x000000008f400000, 0x000000008f500000, 0x000000008f500000|100%| O|  |TAMS 0x000000008f500000| PB 0x000000008f400000| Updating 
| 245|0x000000008f500000, 0x000000008f600000, 0x000000008f600000|100%| O|  |TAMS 0x000000008f600000| PB 0x000000008f500000| Updating 
| 246|0x000000008f600000, 0x000000008f60b2c0, 0x000000008f700000|  4%| O|  |TAMS 0x000000008f600000| PB 0x000000008f600000| Untracked 
| 247|0x000000008f700000, 0x000000008f800000, 0x000000008f800000|100%| O|  |TAMS 0x000000008f800000| PB 0x000000008f700000| Updating 
| 248|0x000000008f800000, 0x000000008f900000, 0x000000008f900000|100%| O|  |TAMS 0x000000008f900000| PB 0x000000008f800000| Updating 
| 249|0x000000008f900000, 0x000000008fa00000, 0x000000008fa00000|100%| O|  |TAMS 0x000000008fa00000| PB 0x000000008f900000| Untracked 
| 250|0x000000008fa00000, 0x000000008fb00000, 0x000000008fb00000|100%| O|  |TAMS 0x000000008fb00000| PB 0x000000008fa00000| Updating 
| 251|0x000000008fb00000, 0x000000008fc00000, 0x000000008fc00000|100%| O|  |TAMS 0x000000008fc00000| PB 0x000000008fb00000| Updating 
| 252|0x000000008fc00000, 0x000000008fd00000, 0x000000008fd00000|100%| O|  |TAMS 0x000000008fd00000| PB 0x000000008fc00000| Updating 
| 253|0x000000008fd00000, 0x000000008fe00000, 0x000000008fe00000|100%| O|  |TAMS 0x000000008fe00000| PB 0x000000008fd00000| Updating 
| 254|0x000000008fe00000, 0x000000008ff00000, 0x000000008ff00000|100%| O|  |TAMS 0x000000008ff00000| PB 0x000000008fe00000| Updating 
| 255|0x000000008ff00000, 0x0000000090000000, 0x0000000090000000|100%| O|  |TAMS 0x0000000090000000| PB 0x000000008ff00000| Updating 
| 256|0x0000000090000000, 0x0000000090100000, 0x0000000090100000|100%| O|  |TAMS 0x0000000090100000| PB 0x0000000090000000| Updating 
| 257|0x0000000090100000, 0x0000000090100000, 0x0000000090200000|  0%| F|  |TAMS 0x0000000090100000| PB 0x0000000090100000| Untracked 
| 258|0x0000000090200000, 0x0000000090300000, 0x0000000090300000|100%| O|  |TAMS 0x0000000090300000| PB 0x0000000090200000| Updating 
| 259|0x0000000090300000, 0x0000000090400000, 0x0000000090400000|100%| O|  |TAMS 0x0000000090400000| PB 0x0000000090300000| Updating 
| 260|0x0000000090400000, 0x0000000090500000, 0x0000000090500000|100%| O|  |TAMS 0x0000000090500000| PB 0x0000000090400000| Updating 
| 261|0x0000000090500000, 0x0000000090500000, 0x0000000090600000|  0%| F|  |TAMS 0x0000000090500000| PB 0x0000000090500000| Untracked 
| 262|0x0000000090600000, 0x0000000090600000, 0x0000000090700000|  0%| F|  |TAMS 0x0000000090600000| PB 0x0000000090600000| Untracked 
| 263|0x0000000090700000, 0x0000000090800000, 0x0000000090800000|100%| O|  |TAMS 0x0000000090800000| PB 0x0000000090700000| Updating 
| 264|0x0000000090800000, 0x0000000090900000, 0x0000000090900000|100%| O|  |TAMS 0x0000000090900000| PB 0x0000000090800000| Updating 
| 265|0x0000000090900000, 0x0000000090a00000, 0x0000000090a00000|100%| O|  |TAMS 0x0000000090a00000| PB 0x0000000090900000| Updating 
| 266|0x0000000090a00000, 0x0000000090b00000, 0x0000000090b00000|100%| O|  |TAMS 0x0000000090b00000| PB 0x0000000090a00000| Updating 
| 267|0x0000000090b00000, 0x0000000090c00000, 0x0000000090c00000|100%| O|  |TAMS 0x0000000090c00000| PB 0x0000000090b00000| Updating 
| 268|0x0000000090c00000, 0x0000000090d00000, 0x0000000090d00000|100%| O|  |TAMS 0x0000000090d00000| PB 0x0000000090c00000| Updating 
| 269|0x0000000090d00000, 0x0000000090e00000, 0x0000000090e00000|100%| O|  |TAMS 0x0000000090e00000| PB 0x0000000090d00000| Updating 
| 270|0x0000000090e00000, 0x0000000090f00000, 0x0000000090f00000|100%| O|  |TAMS 0x0000000090f00000| PB 0x0000000090e00000| Updating 
| 271|0x0000000090f00000, 0x0000000091000000, 0x0000000091000000|100%| O|  |TAMS 0x0000000091000000| PB 0x0000000090f00000| Updating 
| 272|0x0000000091000000, 0x0000000091100000, 0x0000000091100000|100%| O|  |TAMS 0x0000000091100000| PB 0x0000000091000000| Updating 
| 273|0x0000000091100000, 0x0000000091200000, 0x0000000091200000|100%| O|  |TAMS 0x0000000091200000| PB 0x0000000091100000| Updating 
| 274|0x0000000091200000, 0x0000000091300000, 0x0000000091300000|100%| O|  |TAMS 0x0000000091300000| PB 0x0000000091200000| Updating 
| 275|0x0000000091300000, 0x0000000091400000, 0x0000000091400000|100%| O|  |TAMS 0x0000000091400000| PB 0x0000000091300000| Updating 
| 276|0x0000000091400000, 0x0000000091500000, 0x0000000091500000|100%| O|  |TAMS 0x0000000091500000| PB 0x0000000091400000| Updating 
| 277|0x0000000091500000, 0x0000000091600000, 0x0000000091600000|100%| O|  |TAMS 0x0000000091600000| PB 0x0000000091500000| Untracked 
| 278|0x0000000091600000, 0x0000000091700000, 0x0000000091700000|100%| O|  |TAMS 0x0000000091700000| PB 0x0000000091600000| Updating 
| 279|0x0000000091700000, 0x0000000091800000, 0x0000000091800000|100%| O|  |TAMS 0x0000000091800000| PB 0x0000000091700000| Updating 
| 280|0x0000000091800000, 0x0000000091900000, 0x0000000091900000|100%| O|  |TAMS 0x0000000091900000| PB 0x0000000091800000| Untracked 
| 281|0x0000000091900000, 0x0000000091a00000, 0x0000000091a00000|100%| O|  |TAMS 0x0000000091a00000| PB 0x0000000091900000| Updating 
| 282|0x0000000091a00000, 0x0000000091b00000, 0x0000000091b00000|100%| O|  |TAMS 0x0000000091b00000| PB 0x0000000091a00000| Updating 
| 283|0x0000000091b00000, 0x0000000091c00000, 0x0000000091c00000|100%| O|  |TAMS 0x0000000091c00000| PB 0x0000000091b00000| Updating 
| 284|0x0000000091c00000, 0x0000000091c00000, 0x0000000091d00000|  0%| F|  |TAMS 0x0000000091c00000| PB 0x0000000091c00000| Untracked 
| 285|0x0000000091d00000, 0x0000000091e00000, 0x0000000091e00000|100%| O|  |TAMS 0x0000000091e00000| PB 0x0000000091d00000| Updating 
| 286|0x0000000091e00000, 0x0000000091f00000, 0x0000000091f00000|100%| O|  |TAMS 0x0000000091f00000| PB 0x0000000091e00000| Updating 
| 287|0x0000000091f00000, 0x0000000091f00000, 0x0000000092000000|  0%| F|  |TAMS 0x0000000091f00000| PB 0x0000000091f00000| Untracked 
| 288|0x0000000092000000, 0x0000000092100000, 0x0000000092100000|100%| O|  |TAMS 0x0000000092100000| PB 0x0000000092000000| Untracked 
| 289|0x0000000092100000, 0x0000000092200000, 0x0000000092200000|100%| O|  |TAMS 0x0000000092200000| PB 0x0000000092100000| Updating 
| 290|0x0000000092200000, 0x0000000092300000, 0x0000000092300000|100%| O|  |TAMS 0x0000000092300000| PB 0x0000000092200000| Updating 
| 291|0x0000000092300000, 0x0000000092400000, 0x0000000092400000|100%| O|  |TAMS 0x0000000092400000| PB 0x0000000092300000| Untracked 
| 292|0x0000000092400000, 0x0000000092500000, 0x0000000092500000|100%| O|  |TAMS 0x0000000092500000| PB 0x0000000092400000| Updating 
| 293|0x0000000092500000, 0x0000000092600000, 0x0000000092600000|100%| O|  |TAMS 0x0000000092600000| PB 0x0000000092500000| Updating 
| 294|0x0000000092600000, 0x0000000092700000, 0x0000000092700000|100%| O|  |TAMS 0x0000000092700000| PB 0x0000000092600000| Updating 
| 295|0x0000000092700000, 0x0000000092800000, 0x0000000092800000|100%| O|  |TAMS 0x0000000092800000| PB 0x0000000092700000| Updating 
| 296|0x0000000092800000, 0x0000000092900000, 0x0000000092900000|100%| O|  |TAMS 0x0000000092900000| PB 0x0000000092800000| Updating 
| 297|0x0000000092900000, 0x0000000092a00000, 0x0000000092a00000|100%| O|  |TAMS 0x0000000092a00000| PB 0x0000000092900000| Updating 
| 298|0x0000000092a00000, 0x0000000092b00000, 0x0000000092b00000|100%| O|  |TAMS 0x0000000092b00000| PB 0x0000000092a00000| Updating 
| 299|0x0000000092b00000, 0x0000000092c00000, 0x0000000092c00000|100%| O|  |TAMS 0x0000000092c00000| PB 0x0000000092b00000| Untracked 
| 300|0x0000000092c00000, 0x0000000092d00000, 0x0000000092d00000|100%| O|  |TAMS 0x0000000092d00000| PB 0x0000000092c00000| Untracked 
| 301|0x0000000092d00000, 0x0000000092e00000, 0x0000000092e00000|100%| O|  |TAMS 0x0000000092e00000| PB 0x0000000092d00000| Updating 
| 302|0x0000000092e00000, 0x0000000092f00000, 0x0000000092f00000|100%| O|  |TAMS 0x0000000092f00000| PB 0x0000000092e00000| Updating 
| 303|0x0000000092f00000, 0x0000000093000000, 0x0000000093000000|100%| O|  |TAMS 0x0000000093000000| PB 0x0000000092f00000| Updating 
| 304|0x0000000093000000, 0x0000000093100000, 0x0000000093100000|100%| O|  |TAMS 0x0000000093100000| PB 0x0000000093000000| Updating 
| 305|0x0000000093100000, 0x0000000093100000, 0x0000000093200000|  0%| F|  |TAMS 0x0000000093100000| PB 0x0000000093100000| Untracked 
| 306|0x0000000093200000, 0x0000000093300000, 0x0000000093300000|100%| O|  |TAMS 0x0000000093300000| PB 0x0000000093200000| Updating 
| 307|0x0000000093300000, 0x0000000093400000, 0x0000000093400000|100%| O|  |TAMS 0x0000000093400000| PB 0x0000000093300000| Updating 
| 308|0x0000000093400000, 0x0000000093500000, 0x0000000093500000|100%| O|  |TAMS 0x0000000093500000| PB 0x0000000093400000| Untracked 
| 309|0x0000000093500000, 0x0000000093600000, 0x0000000093600000|100%| O|  |TAMS 0x0000000093600000| PB 0x0000000093500000| Updating 
| 310|0x0000000093600000, 0x0000000093700000, 0x0000000093700000|100%| O|  |TAMS 0x0000000093700000| PB 0x0000000093600000| Updating 
| 311|0x0000000093700000, 0x0000000093800000, 0x0000000093800000|100%| O|  |TAMS 0x0000000093800000| PB 0x0000000093700000| Updating 
| 312|0x0000000093800000, 0x0000000093900000, 0x0000000093900000|100%| O|  |TAMS 0x0000000093900000| PB 0x0000000093800000| Untracked 
| 313|0x0000000093900000, 0x0000000093900000, 0x0000000093a00000|  0%| F|  |TAMS 0x0000000093900000| PB 0x0000000093900000| Untracked 
| 314|0x0000000093a00000, 0x0000000093b00000, 0x0000000093b00000|100%| O|  |TAMS 0x0000000093b00000| PB 0x0000000093a00000| Updating 
| 315|0x0000000093b00000, 0x0000000093b00000, 0x0000000093c00000|  0%| F|  |TAMS 0x0000000093b00000| PB 0x0000000093b00000| Untracked 
| 316|0x0000000093c00000, 0x0000000093d00000, 0x0000000093d00000|100%| O|  |TAMS 0x0000000093d00000| PB 0x0000000093c00000| Updating 
| 317|0x0000000093d00000, 0x0000000093e00000, 0x0000000093e00000|100%| O|  |TAMS 0x0000000093e00000| PB 0x0000000093d00000| Updating 
| 318|0x0000000093e00000, 0x0000000093f00000, 0x0000000093f00000|100%| O|  |TAMS 0x0000000093f00000| PB 0x0000000093e00000| Updating 
| 319|0x0000000093f00000, 0x0000000094000000, 0x0000000094000000|100%| O|  |TAMS 0x0000000094000000| PB 0x0000000093f00000| Updating 
| 320|0x0000000094000000, 0x0000000094100000, 0x0000000094100000|100%| O|  |TAMS 0x0000000094100000| PB 0x0000000094000000| Updating 
| 321|0x0000000094100000, 0x0000000094200000, 0x0000000094200000|100%| O|  |TAMS 0x0000000094200000| PB 0x0000000094100000| Updating 
| 322|0x0000000094200000, 0x0000000094300000, 0x0000000094300000|100%| O|  |TAMS 0x0000000094300000| PB 0x0000000094200000| Updating 
| 323|0x0000000094300000, 0x0000000094400000, 0x0000000094400000|100%| O|  |TAMS 0x0000000094400000| PB 0x0000000094300000| Updating 
| 324|0x0000000094400000, 0x0000000094500000, 0x0000000094500000|100%| O|  |TAMS 0x0000000094500000| PB 0x0000000094400000| Updating 
| 325|0x0000000094500000, 0x0000000094600000, 0x0000000094600000|100%| O|  |TAMS 0x0000000094600000| PB 0x0000000094500000| Untracked 
| 326|0x0000000094600000, 0x0000000094700000, 0x0000000094700000|100%| O|  |TAMS 0x0000000094700000| PB 0x0000000094600000| Updating 
| 327|0x0000000094700000, 0x0000000094800000, 0x0000000094800000|100%| O|  |TAMS 0x0000000094800000| PB 0x0000000094700000| Updating 
| 328|0x0000000094800000, 0x0000000094900000, 0x0000000094900000|100%| O|  |TAMS 0x0000000094900000| PB 0x0000000094800000| Updating 
| 329|0x0000000094900000, 0x0000000094a00000, 0x0000000094a00000|100%| O|  |TAMS 0x0000000094a00000| PB 0x0000000094900000| Updating 
| 330|0x0000000094a00000, 0x0000000094b00000, 0x0000000094b00000|100%| O|  |TAMS 0x0000000094b00000| PB 0x0000000094a00000| Updating 
| 331|0x0000000094b00000, 0x0000000094c00000, 0x0000000094c00000|100%| O|  |TAMS 0x0000000094c00000| PB 0x0000000094b00000| Updating 
| 332|0x0000000094c00000, 0x0000000094d00000, 0x0000000094d00000|100%| O|  |TAMS 0x0000000094d00000| PB 0x0000000094c00000| Updating 
| 333|0x0000000094d00000, 0x0000000094e00000, 0x0000000094e00000|100%| O|  |TAMS 0x0000000094e00000| PB 0x0000000094d00000| Updating 
| 334|0x0000000094e00000, 0x0000000094f00000, 0x0000000094f00000|100%| O|  |TAMS 0x0000000094f00000| PB 0x0000000094e00000| Updating 
| 335|0x0000000094f00000, 0x0000000095000000, 0x0000000095000000|100%| O|  |TAMS 0x0000000095000000| PB 0x0000000094f00000| Updating 
| 336|0x0000000095000000, 0x0000000095100000, 0x0000000095100000|100%| O|  |TAMS 0x0000000095100000| PB 0x0000000095000000| Untracked 
| 337|0x0000000095100000, 0x0000000095200000, 0x0000000095200000|100%| O|  |TAMS 0x0000000095200000| PB 0x0000000095100000| Updating 
| 338|0x0000000095200000, 0x0000000095300000, 0x0000000095300000|100%| O|  |TAMS 0x0000000095300000| PB 0x0000000095200000| Updating 
| 339|0x0000000095300000, 0x0000000095400000, 0x0000000095400000|100%| O|  |TAMS 0x0000000095400000| PB 0x0000000095300000| Untracked 
| 340|0x0000000095400000, 0x0000000095500000, 0x0000000095500000|100%| O|  |TAMS 0x0000000095500000| PB 0x0000000095400000| Updating 
| 341|0x0000000095500000, 0x0000000095600000, 0x0000000095600000|100%| O|  |TAMS 0x0000000095600000| PB 0x0000000095500000| Untracked 
| 342|0x0000000095600000, 0x0000000095700000, 0x0000000095700000|100%| O|  |TAMS 0x0000000095700000| PB 0x0000000095600000| Untracked 
| 343|0x0000000095700000, 0x0000000095800000, 0x0000000095800000|100%| O|  |TAMS 0x0000000095800000| PB 0x0000000095700000| Untracked 
| 344|0x0000000095800000, 0x0000000095900000, 0x0000000095900000|100%| O|  |TAMS 0x0000000095900000| PB 0x0000000095800000| Untracked 
| 345|0x0000000095900000, 0x0000000095a00000, 0x0000000095a00000|100%| O|  |TAMS 0x0000000095a00000| PB 0x0000000095900000| Untracked 
| 346|0x0000000095a00000, 0x0000000095b00000, 0x0000000095b00000|100%| O|  |TAMS 0x0000000095b00000| PB 0x0000000095a00000| Untracked 
| 347|0x0000000095b00000, 0x0000000095c00000, 0x0000000095c00000|100%| O|  |TAMS 0x0000000095c00000| PB 0x0000000095b00000| Updating 
| 348|0x0000000095c00000, 0x0000000095d00000, 0x0000000095d00000|100%| O|  |TAMS 0x0000000095d00000| PB 0x0000000095c00000| Untracked 
| 349|0x0000000095d00000, 0x0000000095e00000, 0x0000000095e00000|100%| O|  |TAMS 0x0000000095e00000| PB 0x0000000095d00000| Untracked 
| 350|0x0000000095e00000, 0x0000000095f00000, 0x0000000095f00000|100%| O|  |TAMS 0x0000000095f00000| PB 0x0000000095e00000| Updating 
| 351|0x0000000095f00000, 0x0000000096000000, 0x0000000096000000|100%| O|  |TAMS 0x0000000096000000| PB 0x0000000095f00000| Updating 
| 352|0x0000000096000000, 0x0000000096100000, 0x0000000096100000|100%| O|  |TAMS 0x0000000096100000| PB 0x0000000096000000| Updating 
| 353|0x0000000096100000, 0x0000000096200000, 0x0000000096200000|100%| O|  |TAMS 0x0000000096200000| PB 0x0000000096100000| Updating 
| 354|0x0000000096200000, 0x0000000096300000, 0x0000000096300000|100%| O|  |TAMS 0x0000000096300000| PB 0x0000000096200000| Untracked 
| 355|0x0000000096300000, 0x0000000096400000, 0x0000000096400000|100%| O|  |TAMS 0x0000000096400000| PB 0x0000000096300000| Untracked 
| 356|0x0000000096400000, 0x0000000096500000, 0x0000000096500000|100%| O|  |TAMS 0x0000000096500000| PB 0x0000000096400000| Updating 
| 357|0x0000000096500000, 0x0000000096600000, 0x0000000096600000|100%| O|  |TAMS 0x0000000096600000| PB 0x0000000096500000| Untracked 
| 358|0x0000000096600000, 0x0000000096700000, 0x0000000096700000|100%| O|  |TAMS 0x0000000096700000| PB 0x0000000096600000| Untracked 
| 359|0x0000000096700000, 0x0000000096800000, 0x0000000096800000|100%| O|  |TAMS 0x0000000096800000| PB 0x0000000096700000| Updating 
| 360|0x0000000096800000, 0x0000000096900000, 0x0000000096900000|100%| O|  |TAMS 0x0000000096900000| PB 0x0000000096800000| Untracked 
| 361|0x0000000096900000, 0x0000000096a00000, 0x0000000096a00000|100%| O|  |TAMS 0x0000000096a00000| PB 0x0000000096900000| Updating 
| 362|0x0000000096a00000, 0x0000000096b00000, 0x0000000096b00000|100%| O|  |TAMS 0x0000000096b00000| PB 0x0000000096a00000| Untracked 
| 363|0x0000000096b00000, 0x0000000096c00000, 0x0000000096c00000|100%| O|  |TAMS 0x0000000096c00000| PB 0x0000000096b00000| Untracked 
| 364|0x0000000096c00000, 0x0000000096d00000, 0x0000000096d00000|100%| O|  |TAMS 0x0000000096d00000| PB 0x0000000096c00000| Updating 
| 365|0x0000000096d00000, 0x0000000096e00000, 0x0000000096e00000|100%| O|  |TAMS 0x0000000096e00000| PB 0x0000000096d00000| Updating 
| 366|0x0000000096e00000, 0x0000000096f00000, 0x0000000096f00000|100%| O|  |TAMS 0x0000000096f00000| PB 0x0000000096e00000| Untracked 
| 367|0x0000000096f00000, 0x0000000096f00000, 0x0000000097000000|  0%| F|  |TAMS 0x0000000096f00000| PB 0x0000000096f00000| Untracked 
| 368|0x0000000097000000, 0x0000000097100000, 0x0000000097100000|100%| O|  |TAMS 0x0000000097100000| PB 0x0000000097000000| Updating 
| 369|0x0000000097100000, 0x0000000097200000, 0x0000000097200000|100%| O|  |TAMS 0x0000000097200000| PB 0x0000000097100000| Updating 
| 370|0x0000000097200000, 0x0000000097300000, 0x0000000097300000|100%| O|  |TAMS 0x0000000097300000| PB 0x0000000097200000| Updating 
| 371|0x0000000097300000, 0x0000000097400000, 0x0000000097400000|100%| O|  |TAMS 0x0000000097400000| PB 0x0000000097300000| Updating 
| 372|0x0000000097400000, 0x0000000097500000, 0x0000000097500000|100%| O|  |TAMS 0x0000000097500000| PB 0x0000000097400000| Updating 
| 373|0x0000000097500000, 0x0000000097600000, 0x0000000097600000|100%| O|  |TAMS 0x0000000097600000| PB 0x0000000097500000| Updating 
| 374|0x0000000097600000, 0x0000000097700000, 0x0000000097700000|100%| O|  |TAMS 0x0000000097700000| PB 0x0000000097600000| Updating 
| 375|0x0000000097700000, 0x0000000097700000, 0x0000000097800000|  0%| F|  |TAMS 0x0000000097700000| PB 0x0000000097700000| Untracked 
| 376|0x0000000097800000, 0x0000000097900000, 0x0000000097900000|100%| O|  |TAMS 0x0000000097900000| PB 0x0000000097800000| Updating 
| 377|0x0000000097900000, 0x0000000097a00000, 0x0000000097a00000|100%| O|  |TAMS 0x0000000097a00000| PB 0x0000000097900000| Updating 
| 378|0x0000000097a00000, 0x0000000097b00000, 0x0000000097b00000|100%| O|  |TAMS 0x0000000097b00000| PB 0x0000000097a00000| Updating 
| 379|0x0000000097b00000, 0x0000000097b00000, 0x0000000097c00000|  0%| F|  |TAMS 0x0000000097b00000| PB 0x0000000097b00000| Untracked 
| 380|0x0000000097c00000, 0x0000000097d00000, 0x0000000097d00000|100%| O|  |TAMS 0x0000000097d00000| PB 0x0000000097c00000| Updating 
| 381|0x0000000097d00000, 0x0000000097e00000, 0x0000000097e00000|100%| O|  |TAMS 0x0000000097dd1880| PB 0x0000000097d00000| Updating 
| 382|0x0000000097e00000, 0x0000000097e00000, 0x0000000097f00000|  0%| F|  |TAMS 0x0000000097e00000| PB 0x0000000097e00000| Untracked 
| 383|0x0000000097f00000, 0x0000000098000000, 0x0000000098000000|100%| O|  |TAMS 0x0000000098000000| PB 0x0000000097f00000| Updating 
| 384|0x0000000098000000, 0x0000000098000000, 0x0000000098100000|  0%| F|  |TAMS 0x0000000098000000| PB 0x0000000098000000| Untracked 
| 385|0x0000000098100000, 0x0000000098200000, 0x0000000098200000|100%| O|  |TAMS 0x0000000098200000| PB 0x0000000098100000| Updating 
| 386|0x0000000098200000, 0x0000000098200000, 0x0000000098300000|  0%| F|  |TAMS 0x0000000098200000| PB 0x0000000098200000| Untracked 
| 387|0x0000000098300000, 0x0000000098300000, 0x0000000098400000|  0%| F|  |TAMS 0x0000000098300000| PB 0x0000000098300000| Untracked 
| 388|0x0000000098400000, 0x0000000098400000, 0x0000000098500000|  0%| F|  |TAMS 0x0000000098400000| PB 0x0000000098400000| Untracked 
| 389|0x0000000098500000, 0x0000000098600000, 0x0000000098600000|100%| O|  |TAMS 0x0000000098600000| PB 0x0000000098500000| Updating 
| 390|0x0000000098600000, 0x0000000098700000, 0x0000000098700000|100%| O|  |TAMS 0x0000000098700000| PB 0x0000000098600000| Updating 
| 391|0x0000000098700000, 0x0000000098800000, 0x0000000098800000|100%| O|  |TAMS 0x0000000098800000| PB 0x0000000098700000| Untracked 
| 392|0x0000000098800000, 0x0000000098800000, 0x0000000098900000|  0%| F|  |TAMS 0x0000000098800000| PB 0x0000000098800000| Untracked 
| 393|0x0000000098900000, 0x0000000098900000, 0x0000000098a00000|  0%| F|  |TAMS 0x0000000098900000| PB 0x0000000098900000| Untracked 
| 394|0x0000000098a00000, 0x0000000098a00000, 0x0000000098b00000|  0%| F|  |TAMS 0x0000000098a00000| PB 0x0000000098a00000| Untracked 
| 395|0x0000000098b00000, 0x0000000098c00000, 0x0000000098c00000|100%| O|  |TAMS 0x0000000098c00000| PB 0x0000000098b00000| Updating 
| 396|0x0000000098c00000, 0x0000000098c00000, 0x0000000098d00000|  0%| F|  |TAMS 0x0000000098c00000| PB 0x0000000098c00000| Untracked 
| 397|0x0000000098d00000, 0x0000000098d00000, 0x0000000098e00000|  0%| F|  |TAMS 0x0000000098d00000| PB 0x0000000098d00000| Untracked 
| 398|0x0000000098e00000, 0x0000000098e00000, 0x0000000098f00000|  0%| F|  |TAMS 0x0000000098e00000| PB 0x0000000098e00000| Untracked 
| 399|0x0000000098f00000, 0x0000000099000000, 0x0000000099000000|100%| S|CS|TAMS 0x0000000098f00000| PB 0x0000000098f00000| Complete 
| 400|0x0000000099000000, 0x0000000099100000, 0x0000000099100000|100%| S|CS|TAMS 0x0000000099000000| PB 0x0000000099000000| Complete 
| 401|0x0000000099100000, 0x0000000099200000, 0x0000000099200000|100%| O|  |TAMS 0x0000000099200000| PB 0x0000000099100000| Updating 
| 402|0x0000000099200000, 0x0000000099200000, 0x0000000099300000|  0%| F|  |TAMS 0x0000000099200000| PB 0x0000000099200000| Untracked 
| 403|0x0000000099300000, 0x0000000099400000, 0x0000000099400000|100%| O|  |TAMS 0x0000000099400000| PB 0x0000000099300000| Updating 
| 404|0x0000000099400000, 0x0000000099500000, 0x0000000099500000|100%| O|  |TAMS 0x0000000099500000| PB 0x0000000099400000| Updating 
| 405|0x0000000099500000, 0x0000000099600000, 0x0000000099600000|100%| O|  |TAMS 0x0000000099600000| PB 0x0000000099500000| Updating 
| 406|0x0000000099600000, 0x0000000099700000, 0x0000000099700000|100%| S|CS|TAMS 0x0000000099600000| PB 0x0000000099600000| Complete 
| 407|0x0000000099700000, 0x0000000099800000, 0x0000000099800000|100%| O|  |TAMS 0x0000000099800000| PB 0x0000000099700000| Updating 
| 408|0x0000000099800000, 0x0000000099800000, 0x0000000099900000|  0%| F|  |TAMS 0x0000000099800000| PB 0x0000000099800000| Untracked 
| 409|0x0000000099900000, 0x0000000099a00000, 0x0000000099a00000|100%| O|  |TAMS 0x0000000099a00000| PB 0x0000000099900000| Untracked 
| 410|0x0000000099a00000, 0x0000000099a00000, 0x0000000099b00000|  0%| F|  |TAMS 0x0000000099a00000| PB 0x0000000099a00000| Untracked 
| 411|0x0000000099b00000, 0x0000000099c00000, 0x0000000099c00000|100%| S|CS|TAMS 0x0000000099b00000| PB 0x0000000099b00000| Complete 
| 412|0x0000000099c00000, 0x0000000099d00000, 0x0000000099d00000|100%| S|CS|TAMS 0x0000000099c00000| PB 0x0000000099c00000| Complete 
| 413|0x0000000099d00000, 0x0000000099e00000, 0x0000000099e00000|100%| S|CS|TAMS 0x0000000099d00000| PB 0x0000000099d00000| Complete 
| 414|0x0000000099e00000, 0x0000000099f00000, 0x0000000099f00000|100%| O|  |TAMS 0x0000000099f00000| PB 0x0000000099e00000| Updating 
| 415|0x0000000099f00000, 0x000000009a000000, 0x000000009a000000|100%| O|  |TAMS 0x000000009a000000| PB 0x0000000099f00000| Updating 
| 416|0x000000009a000000, 0x000000009a100000, 0x000000009a100000|100%| O|  |TAMS 0x000000009a100000| PB 0x000000009a000000| Updating 
| 417|0x000000009a100000, 0x000000009a200000, 0x000000009a200000|100%| O|  |TAMS 0x000000009a200000| PB 0x000000009a100000| Updating 
| 418|0x000000009a200000, 0x000000009a300000, 0x000000009a300000|100%| O|  |TAMS 0x000000009a300000| PB 0x000000009a200000| Untracked 
| 419|0x000000009a300000, 0x000000009a400000, 0x000000009a400000|100%| O|  |TAMS 0x000000009a400000| PB 0x000000009a300000| Untracked 
| 420|0x000000009a400000, 0x000000009a500000, 0x000000009a500000|100%| O|  |TAMS 0x000000009a500000| PB 0x000000009a400000| Untracked 
| 421|0x000000009a500000, 0x000000009a600000, 0x000000009a600000|100%| S|CS|TAMS 0x000000009a500000| PB 0x000000009a500000| Complete 
| 422|0x000000009a600000, 0x000000009a700000, 0x000000009a700000|100%| O|  |TAMS 0x000000009a700000| PB 0x000000009a600000| Untracked 
| 423|0x000000009a700000, 0x000000009a800000, 0x000000009a800000|100%| O|  |TAMS 0x000000009a800000| PB 0x000000009a700000| Untracked 
| 424|0x000000009a800000, 0x000000009a900000, 0x000000009a900000|100%| S|CS|TAMS 0x000000009a800000| PB 0x000000009a800000| Complete 
| 425|0x000000009a900000, 0x000000009aa00000, 0x000000009aa00000|100%| O|  |TAMS 0x000000009aa00000| PB 0x000000009a900000| Updating 
| 426|0x000000009aa00000, 0x000000009aa00000, 0x000000009ab00000|  0%| F|  |TAMS 0x000000009aa00000| PB 0x000000009aa00000| Untracked 
| 427|0x000000009ab00000, 0x000000009ac00000, 0x000000009ac00000|100%| O|  |TAMS 0x000000009ac00000| PB 0x000000009ab00000| Updating 
| 428|0x000000009ac00000, 0x000000009ad00000, 0x000000009ad00000|100%| S|CS|TAMS 0x000000009ac00000| PB 0x000000009ac00000| Complete 
| 429|0x000000009ad00000, 0x000000009ae00000, 0x000000009ae00000|100%| S|CS|TAMS 0x000000009ad00000| PB 0x000000009ad00000| Complete 
| 430|0x000000009ae00000, 0x000000009af00000, 0x000000009af00000|100%| S|CS|TAMS 0x000000009ae00000| PB 0x000000009ae00000| Complete 
| 431|0x000000009af00000, 0x000000009af00000, 0x000000009b000000|  0%| F|  |TAMS 0x000000009af00000| PB 0x000000009af00000| Untracked 
| 432|0x000000009b000000, 0x000000009b000000, 0x000000009b100000|  0%| F|  |TAMS 0x000000009b000000| PB 0x000000009b000000| Untracked 
| 433|0x000000009b100000, 0x000000009b200000, 0x000000009b200000|100%| O|  |TAMS 0x000000009b200000| PB 0x000000009b100000| Untracked 
| 434|0x000000009b200000, 0x000000009b300000, 0x000000009b300000|100%| O|  |TAMS 0x000000009b300000| PB 0x000000009b300000| Untracked 
| 435|0x000000009b300000, 0x000000009b400000, 0x000000009b400000|100%| O|  |TAMS 0x000000009b400000| PB 0x000000009b400000| Updating 
| 436|0x000000009b400000, 0x000000009b500000, 0x000000009b500000|100%| O|  |TAMS 0x000000009b500000| PB 0x000000009b500000| Untracked 
| 437|0x000000009b500000, 0x000000009b600000, 0x000000009b600000|100%| O|  |TAMS 0x000000009b600000| PB 0x000000009b600000| Untracked 
| 438|0x000000009b600000, 0x000000009b700000, 0x000000009b700000|100%| O|  |TAMS 0x000000009b700000| PB 0x000000009b700000| Untracked 
| 439|0x000000009b700000, 0x000000009b800000, 0x000000009b800000|100%| O|  |TAMS 0x000000009b800000| PB 0x000000009b800000| Updating 
| 440|0x000000009b800000, 0x000000009b900000, 0x000000009b900000|100%| O|  |TAMS 0x000000009b900000| PB 0x000000009b900000| Untracked 
| 441|0x000000009b900000, 0x000000009ba00000, 0x000000009ba00000|100%| O|  |TAMS 0x000000009ba00000| PB 0x000000009ba00000| Untracked 
| 442|0x000000009ba00000, 0x000000009bb00000, 0x000000009bb00000|100%| O|  |TAMS 0x000000009bb00000| PB 0x000000009bb00000| Untracked 
| 443|0x000000009bb00000, 0x000000009bc00000, 0x000000009bc00000|100%| O|  |TAMS 0x000000009bc00000| PB 0x000000009bc00000| Untracked 
| 444|0x000000009bc00000, 0x000000009bd00000, 0x000000009bd00000|100%| O|  |TAMS 0x000000009bd00000| PB 0x000000009bd00000| Untracked 
| 445|0x000000009bd00000, 0x000000009be00000, 0x000000009be00000|100%| O|  |TAMS 0x000000009be00000| PB 0x000000009be00000| Untracked 
| 446|0x000000009be00000, 0x000000009bf00000, 0x000000009bf00000|100%| O|  |TAMS 0x000000009bf00000| PB 0x000000009bf00000| Untracked 
| 447|0x000000009bf00000, 0x000000009c000000, 0x000000009c000000|100%| S|CS|TAMS 0x000000009bf00000| PB 0x000000009bf00000| Complete 
| 448|0x000000009c000000, 0x000000009c100000, 0x000000009c100000|100%| O|  |TAMS 0x000000009c100000| PB 0x000000009c100000| Updating 
| 449|0x000000009c100000, 0x000000009c200000, 0x000000009c200000|100%| O|  |TAMS 0x000000009c200000| PB 0x000000009c200000| Untracked 
| 450|0x000000009c200000, 0x000000009c300000, 0x000000009c300000|100%| O|  |TAMS 0x000000009c300000| PB 0x000000009c300000| Updating 
| 451|0x000000009c300000, 0x000000009c400000, 0x000000009c400000|100%| O|  |TAMS 0x000000009c400000| PB 0x000000009c400000| Untracked 
| 452|0x000000009c400000, 0x000000009c500000, 0x000000009c500000|100%| O|  |TAMS 0x000000009c500000| PB 0x000000009c500000| Updating 
| 453|0x000000009c500000, 0x000000009c600000, 0x000000009c600000|100%| S|CS|TAMS 0x000000009c500000| PB 0x000000009c500000| Complete 
| 454|0x000000009c600000, 0x000000009c700000, 0x000000009c700000|100%| O|  |TAMS 0x000000009c700000| PB 0x000000009c700000| Untracked 
| 455|0x000000009c700000, 0x000000009c800000, 0x000000009c800000|100%| O|  |TAMS 0x000000009c800000| PB 0x000000009c800000| Untracked 
| 456|0x000000009c800000, 0x000000009c900000, 0x000000009c900000|100%| O|  |TAMS 0x000000009c900000| PB 0x000000009c900000| Untracked 
| 457|0x000000009c900000, 0x000000009ca00000, 0x000000009ca00000|100%| O|  |TAMS 0x000000009ca00000| PB 0x000000009ca00000| Untracked 
| 458|0x000000009ca00000, 0x000000009cb00000, 0x000000009cb00000|100%| O|  |TAMS 0x000000009cb00000| PB 0x000000009cb00000| Untracked 
| 459|0x000000009cb00000, 0x000000009cc00000, 0x000000009cc00000|100%| O|  |TAMS 0x000000009cc00000| PB 0x000000009cc00000| Untracked 
| 460|0x000000009cc00000, 0x000000009cd00000, 0x000000009cd00000|100%| O|  |TAMS 0x000000009cd00000| PB 0x000000009cd00000| Untracked 
| 461|0x000000009cd00000, 0x000000009ce00000, 0x000000009ce00000|100%| O|  |TAMS 0x000000009ce00000| PB 0x000000009ce00000| Untracked 
| 462|0x000000009ce00000, 0x000000009cf00000, 0x000000009cf00000|100%| O|  |TAMS 0x000000009cf00000| PB 0x000000009cf00000| Untracked 
| 463|0x000000009cf00000, 0x000000009d000000, 0x000000009d000000|100%| O|  |TAMS 0x000000009d000000| PB 0x000000009d000000| Untracked 
| 464|0x000000009d000000, 0x000000009d100000, 0x000000009d100000|100%| O|  |TAMS 0x000000009d100000| PB 0x000000009d100000| Untracked 
| 465|0x000000009d100000, 0x000000009d200000, 0x000000009d200000|100%| O|  |TAMS 0x000000009d200000| PB 0x000000009d200000| Untracked 
| 466|0x000000009d200000, 0x000000009d300000, 0x000000009d300000|100%| O|  |TAMS 0x000000009d300000| PB 0x000000009d300000| Untracked 
| 467|0x000000009d300000, 0x000000009d400000, 0x000000009d400000|100%| O|  |TAMS 0x000000009d400000| PB 0x000000009d400000| Untracked 
| 468|0x000000009d400000, 0x000000009d500000, 0x000000009d500000|100%| O|  |TAMS 0x000000009d500000| PB 0x000000009d500000| Updating 
| 469|0x000000009d500000, 0x000000009d600000, 0x000000009d600000|100%| O|  |TAMS 0x000000009d600000| PB 0x000000009d600000| Untracked 
| 470|0x000000009d600000, 0x000000009d700000, 0x000000009d700000|100%| O|  |TAMS 0x000000009d700000| PB 0x000000009d700000| Updating 
| 471|0x000000009d700000, 0x000000009d800000, 0x000000009d800000|100%| O|  |TAMS 0x000000009d800000| PB 0x000000009d800000| Updating 
| 472|0x000000009d800000, 0x000000009d800000, 0x000000009d900000|  0%| F|  |TAMS 0x000000009d800000| PB 0x000000009d800000| Untracked 
| 473|0x000000009d900000, 0x000000009da00000, 0x000000009da00000|100%| O|  |TAMS 0x000000009da00000| PB 0x000000009da00000| Updating 
| 474|0x000000009da00000, 0x000000009da00000, 0x000000009db00000|  0%| F|  |TAMS 0x000000009da00000| PB 0x000000009da00000| Untracked 
| 475|0x000000009db00000, 0x000000009db00000, 0x000000009dc00000|  0%| F|  |TAMS 0x000000009db00000| PB 0x000000009db00000| Untracked 
| 476|0x000000009dc00000, 0x000000009dc00000, 0x000000009dd00000|  0%| F|  |TAMS 0x000000009dc00000| PB 0x000000009dc00000| Untracked 
| 477|0x000000009dd00000, 0x000000009dd00000, 0x000000009de00000|  0%| F|  |TAMS 0x000000009dd00000| PB 0x000000009dd00000| Untracked 
| 478|0x000000009de00000, 0x000000009de00000, 0x000000009df00000|  0%| F|  |TAMS 0x000000009de00000| PB 0x000000009de00000| Untracked 
| 479|0x000000009df00000, 0x000000009df00000, 0x000000009e000000|  0%| F|  |TAMS 0x000000009df00000| PB 0x000000009df00000| Untracked 
| 480|0x000000009e000000, 0x000000009e000000, 0x000000009e100000|  0%| F|  |TAMS 0x000000009e000000| PB 0x000000009e000000| Untracked 
| 481|0x000000009e100000, 0x000000009e100000, 0x000000009e200000|  0%| F|  |TAMS 0x000000009e100000| PB 0x000000009e100000| Untracked 
| 482|0x000000009e200000, 0x000000009e200000, 0x000000009e300000|  0%| F|  |TAMS 0x000000009e200000| PB 0x000000009e200000| Untracked 
| 483|0x000000009e300000, 0x000000009e300000, 0x000000009e400000|  0%| F|  |TAMS 0x000000009e300000| PB 0x000000009e300000| Untracked 
| 484|0x000000009e400000, 0x000000009e400000, 0x000000009e500000|  0%| F|  |TAMS 0x000000009e400000| PB 0x000000009e400000| Untracked 
| 485|0x000000009e500000, 0x000000009e500000, 0x000000009e600000|  0%| F|  |TAMS 0x000000009e500000| PB 0x000000009e500000| Untracked 
| 486|0x000000009e600000, 0x000000009e700000, 0x000000009e700000|100%| S|CS|TAMS 0x000000009e600000| PB 0x000000009e600000| Complete 
| 487|0x000000009e700000, 0x000000009e700000, 0x000000009e800000|  0%| F|  |TAMS 0x000000009e700000| PB 0x000000009e700000| Untracked 
| 488|0x000000009e800000, 0x000000009e800000, 0x000000009e900000|  0%| F|  |TAMS 0x000000009e800000| PB 0x000000009e800000| Untracked 
| 489|0x000000009e900000, 0x000000009e900000, 0x000000009ea00000|  0%| F|  |TAMS 0x000000009e900000| PB 0x000000009e900000| Untracked 
| 490|0x000000009ea00000, 0x000000009ea00000, 0x000000009eb00000|  0%| F|  |TAMS 0x000000009ea00000| PB 0x000000009ea00000| Untracked 
| 491|0x000000009eb00000, 0x000000009ec00000, 0x000000009ec00000|100%| S|CS|TAMS 0x000000009eb00000| PB 0x000000009eb00000| Complete 
| 492|0x000000009ec00000, 0x000000009ed00000, 0x000000009ed00000|100%| S|CS|TAMS 0x000000009ec00000| PB 0x000000009ec00000| Complete 
| 493|0x000000009ed00000, 0x000000009ee00000, 0x000000009ee00000|100%| S|CS|TAMS 0x000000009ed00000| PB 0x000000009ed00000| Complete 
| 494|0x000000009ee00000, 0x000000009ef00000, 0x000000009ef00000|100%| S|CS|TAMS 0x000000009ee00000| PB 0x000000009ee00000| Complete 
| 495|0x000000009ef00000, 0x000000009f000000, 0x000000009f000000|100%| S|CS|TAMS 0x000000009ef00000| PB 0x000000009ef00000| Complete 
| 496|0x000000009f000000, 0x000000009f100000, 0x000000009f100000|100%| S|CS|TAMS 0x000000009f000000| PB 0x000000009f000000| Complete 
| 497|0x000000009f100000, 0x000000009f200000, 0x000000009f200000|100%| S|CS|TAMS 0x000000009f100000| PB 0x000000009f100000| Complete 
| 498|0x000000009f200000, 0x000000009f300000, 0x000000009f300000|100%| S|CS|TAMS 0x000000009f200000| PB 0x000000009f200000| Complete 
| 499|0x000000009f300000, 0x000000009f300000, 0x000000009f400000|  0%| F|  |TAMS 0x000000009f300000| PB 0x000000009f300000| Untracked 
| 500|0x000000009f400000, 0x000000009f400000, 0x000000009f500000|  0%| F|  |TAMS 0x000000009f400000| PB 0x000000009f400000| Untracked 
| 501|0x000000009f500000, 0x000000009f600000, 0x000000009f600000|100%| S|CS|TAMS 0x000000009f500000| PB 0x000000009f500000| Complete 
| 502|0x000000009f600000, 0x000000009f700000, 0x000000009f700000|100%| S|CS|TAMS 0x000000009f600000| PB 0x000000009f600000| Complete 
| 503|0x000000009f700000, 0x000000009f700000, 0x000000009f800000|  0%| F|  |TAMS 0x000000009f700000| PB 0x000000009f700000| Untracked 
| 504|0x000000009f800000, 0x000000009f800000, 0x000000009f900000|  0%| F|  |TAMS 0x000000009f800000| PB 0x000000009f800000| Untracked 
| 505|0x000000009f900000, 0x000000009f900000, 0x000000009fa00000|  0%| F|  |TAMS 0x000000009f900000| PB 0x000000009f900000| Untracked 
| 506|0x000000009fa00000, 0x000000009fa00000, 0x000000009fb00000|  0%| F|  |TAMS 0x000000009fa00000| PB 0x000000009fa00000| Untracked 
| 507|0x000000009fb00000, 0x000000009fb00000, 0x000000009fc00000|  0%| F|  |TAMS 0x000000009fb00000| PB 0x000000009fb00000| Untracked 
| 508|0x000000009fc00000, 0x000000009fc00000, 0x000000009fd00000|  0%| F|  |TAMS 0x000000009fc00000| PB 0x000000009fc00000| Untracked 
| 509|0x000000009fd00000, 0x000000009fd00000, 0x000000009fe00000|  0%| F|  |TAMS 0x000000009fd00000| PB 0x000000009fd00000| Untracked 
| 510|0x000000009fe00000, 0x000000009fe00000, 0x000000009ff00000|  0%| F|  |TAMS 0x000000009fe00000| PB 0x000000009fe00000| Untracked 
| 511|0x000000009ff00000, 0x000000009ff00000, 0x00000000a0000000|  0%| F|  |TAMS 0x000000009ff00000| PB 0x000000009ff00000| Untracked 
| 512|0x00000000a0000000, 0x00000000a0000000, 0x00000000a0100000|  0%| F|  |TAMS 0x00000000a0000000| PB 0x00000000a0000000| Untracked 
| 513|0x00000000a0100000, 0x00000000a0100000, 0x00000000a0200000|  0%| F|  |TAMS 0x00000000a0100000| PB 0x00000000a0100000| Untracked 
| 514|0x00000000a0200000, 0x00000000a0200000, 0x00000000a0300000|  0%| F|  |TAMS 0x00000000a0200000| PB 0x00000000a0200000| Untracked 
| 515|0x00000000a0300000, 0x00000000a0300000, 0x00000000a0400000|  0%| F|  |TAMS 0x00000000a0300000| PB 0x00000000a0300000| Untracked 
| 516|0x00000000a0400000, 0x00000000a0400000, 0x00000000a0500000|  0%| F|  |TAMS 0x00000000a0400000| PB 0x00000000a0400000| Untracked 
| 517|0x00000000a0500000, 0x00000000a0500000, 0x00000000a0600000|  0%| F|  |TAMS 0x00000000a0500000| PB 0x00000000a0500000| Untracked 
| 518|0x00000000a0600000, 0x00000000a0600000, 0x00000000a0700000|  0%| F|  |TAMS 0x00000000a0600000| PB 0x00000000a0600000| Untracked 
| 519|0x00000000a0700000, 0x00000000a0700000, 0x00000000a0800000|  0%| F|  |TAMS 0x00000000a0700000| PB 0x00000000a0700000| Untracked 
| 520|0x00000000a0800000, 0x00000000a0800000, 0x00000000a0900000|  0%| F|  |TAMS 0x00000000a0800000| PB 0x00000000a0800000| Untracked 
| 521|0x00000000a0900000, 0x00000000a0900000, 0x00000000a0a00000|  0%| F|  |TAMS 0x00000000a0900000| PB 0x00000000a0900000| Untracked 
| 522|0x00000000a0a00000, 0x00000000a0a00000, 0x00000000a0b00000|  0%| F|  |TAMS 0x00000000a0a00000| PB 0x00000000a0a00000| Untracked 
| 523|0x00000000a0b00000, 0x00000000a0b00000, 0x00000000a0c00000|  0%| F|  |TAMS 0x00000000a0b00000| PB 0x00000000a0b00000| Untracked 
| 524|0x00000000a0c00000, 0x00000000a0c00000, 0x00000000a0d00000|  0%| F|  |TAMS 0x00000000a0c00000| PB 0x00000000a0c00000| Untracked 
| 525|0x00000000a0d00000, 0x00000000a0d00000, 0x00000000a0e00000|  0%| F|  |TAMS 0x00000000a0d00000| PB 0x00000000a0d00000| Untracked 
| 526|0x00000000a0e00000, 0x00000000a0e00000, 0x00000000a0f00000|  0%| F|  |TAMS 0x00000000a0e00000| PB 0x00000000a0e00000| Untracked 
| 527|0x00000000a0f00000, 0x00000000a0f00000, 0x00000000a1000000|  0%| F|  |TAMS 0x00000000a0f00000| PB 0x00000000a0f00000| Untracked 
| 528|0x00000000a1000000, 0x00000000a1000000, 0x00000000a1100000|  0%| F|  |TAMS 0x00000000a1000000| PB 0x00000000a1000000| Untracked 
| 529|0x00000000a1100000, 0x00000000a1100000, 0x00000000a1200000|  0%| F|  |TAMS 0x00000000a1100000| PB 0x00000000a1100000| Untracked 
| 530|0x00000000a1200000, 0x00000000a1200000, 0x00000000a1300000|  0%| F|  |TAMS 0x00000000a1200000| PB 0x00000000a1200000| Untracked 
| 531|0x00000000a1300000, 0x00000000a1300000, 0x00000000a1400000|  0%| F|  |TAMS 0x00000000a1300000| PB 0x00000000a1300000| Untracked 
| 532|0x00000000a1400000, 0x00000000a1400000, 0x00000000a1500000|  0%| F|  |TAMS 0x00000000a1400000| PB 0x00000000a1400000| Untracked 
| 533|0x00000000a1500000, 0x00000000a1500000, 0x00000000a1600000|  0%| F|  |TAMS 0x00000000a1500000| PB 0x00000000a1500000| Untracked 
| 534|0x00000000a1600000, 0x00000000a1600000, 0x00000000a1700000|  0%| F|  |TAMS 0x00000000a1600000| PB 0x00000000a1600000| Untracked 
| 535|0x00000000a1700000, 0x00000000a1700000, 0x00000000a1800000|  0%| F|  |TAMS 0x00000000a1700000| PB 0x00000000a1700000| Untracked 
| 536|0x00000000a1800000, 0x00000000a1800000, 0x00000000a1900000|  0%| F|  |TAMS 0x00000000a1800000| PB 0x00000000a1800000| Untracked 
| 537|0x00000000a1900000, 0x00000000a1900000, 0x00000000a1a00000|  0%| F|  |TAMS 0x00000000a1900000| PB 0x00000000a1900000| Untracked 
| 538|0x00000000a1a00000, 0x00000000a1a00000, 0x00000000a1b00000|  0%| F|  |TAMS 0x00000000a1a00000| PB 0x00000000a1a00000| Untracked 
| 539|0x00000000a1b00000, 0x00000000a1b00000, 0x00000000a1c00000|  0%| F|  |TAMS 0x00000000a1b00000| PB 0x00000000a1b00000| Untracked 
| 540|0x00000000a1c00000, 0x00000000a1c00000, 0x00000000a1d00000|  0%| F|  |TAMS 0x00000000a1c00000| PB 0x00000000a1c00000| Untracked 
| 541|0x00000000a1d00000, 0x00000000a1d00000, 0x00000000a1e00000|  0%| F|  |TAMS 0x00000000a1d00000| PB 0x00000000a1d00000| Untracked 
| 542|0x00000000a1e00000, 0x00000000a1e00000, 0x00000000a1f00000|  0%| F|  |TAMS 0x00000000a1e00000| PB 0x00000000a1e00000| Untracked 
| 543|0x00000000a1f00000, 0x00000000a1f00000, 0x00000000a2000000|  0%| F|  |TAMS 0x00000000a1f00000| PB 0x00000000a1f00000| Untracked 
| 544|0x00000000a2000000, 0x00000000a2000000, 0x00000000a2100000|  0%| F|  |TAMS 0x00000000a2000000| PB 0x00000000a2000000| Untracked 
| 545|0x00000000a2100000, 0x00000000a2100000, 0x00000000a2200000|  0%| F|  |TAMS 0x00000000a2100000| PB 0x00000000a2100000| Untracked 
| 546|0x00000000a2200000, 0x00000000a2200000, 0x00000000a2300000|  0%| F|  |TAMS 0x00000000a2200000| PB 0x00000000a2200000| Untracked 
| 547|0x00000000a2300000, 0x00000000a2300000, 0x00000000a2400000|  0%| F|  |TAMS 0x00000000a2300000| PB 0x00000000a2300000| Untracked 
| 548|0x00000000a2400000, 0x00000000a2400000, 0x00000000a2500000|  0%| F|  |TAMS 0x00000000a2400000| PB 0x00000000a2400000| Untracked 
| 549|0x00000000a2500000, 0x00000000a2500000, 0x00000000a2600000|  0%| F|  |TAMS 0x00000000a2500000| PB 0x00000000a2500000| Untracked 
| 550|0x00000000a2600000, 0x00000000a2600000, 0x00000000a2700000|  0%| F|  |TAMS 0x00000000a2600000| PB 0x00000000a2600000| Untracked 
| 551|0x00000000a2700000, 0x00000000a2700000, 0x00000000a2800000|  0%| F|  |TAMS 0x00000000a2700000| PB 0x00000000a2700000| Untracked 
| 552|0x00000000a2800000, 0x00000000a2800000, 0x00000000a2900000|  0%| F|  |TAMS 0x00000000a2800000| PB 0x00000000a2800000| Untracked 
| 553|0x00000000a2900000, 0x00000000a2900000, 0x00000000a2a00000|  0%| F|  |TAMS 0x00000000a2900000| PB 0x00000000a2900000| Untracked 
| 554|0x00000000a2a00000, 0x00000000a2a00000, 0x00000000a2b00000|  0%| F|  |TAMS 0x00000000a2a00000| PB 0x00000000a2a00000| Untracked 
| 555|0x00000000a2b00000, 0x00000000a2b00000, 0x00000000a2c00000|  0%| F|  |TAMS 0x00000000a2b00000| PB 0x00000000a2b00000| Untracked 
| 556|0x00000000a2c00000, 0x00000000a2c00000, 0x00000000a2d00000|  0%| F|  |TAMS 0x00000000a2c00000| PB 0x00000000a2c00000| Untracked 
| 557|0x00000000a2d00000, 0x00000000a2d00000, 0x00000000a2e00000|  0%| F|  |TAMS 0x00000000a2d00000| PB 0x00000000a2d00000| Untracked 
| 558|0x00000000a2e00000, 0x00000000a2e00000, 0x00000000a2f00000|  0%| F|  |TAMS 0x00000000a2e00000| PB 0x00000000a2e00000| Untracked 
| 559|0x00000000a2f00000, 0x00000000a2f00000, 0x00000000a3000000|  0%| F|  |TAMS 0x00000000a2f00000| PB 0x00000000a2f00000| Untracked 
| 560|0x00000000a3000000, 0x00000000a3000000, 0x00000000a3100000|  0%| F|  |TAMS 0x00000000a3000000| PB 0x00000000a3000000| Untracked 
| 561|0x00000000a3100000, 0x00000000a3100000, 0x00000000a3200000|  0%| F|  |TAMS 0x00000000a3100000| PB 0x00000000a3100000| Untracked 
| 562|0x00000000a3200000, 0x00000000a3200000, 0x00000000a3300000|  0%| F|  |TAMS 0x00000000a3200000| PB 0x00000000a3200000| Untracked 
| 563|0x00000000a3300000, 0x00000000a3300000, 0x00000000a3400000|  0%| F|  |TAMS 0x00000000a3300000| PB 0x00000000a3300000| Untracked 
| 564|0x00000000a3400000, 0x00000000a3400000, 0x00000000a3500000|  0%| F|  |TAMS 0x00000000a3400000| PB 0x00000000a3400000| Untracked 
| 565|0x00000000a3500000, 0x00000000a3500000, 0x00000000a3600000|  0%| F|  |TAMS 0x00000000a3500000| PB 0x00000000a3500000| Untracked 
| 566|0x00000000a3600000, 0x00000000a3600000, 0x00000000a3700000|  0%| F|  |TAMS 0x00000000a3600000| PB 0x00000000a3600000| Untracked 
| 567|0x00000000a3700000, 0x00000000a3700000, 0x00000000a3800000|  0%| F|  |TAMS 0x00000000a3700000| PB 0x00000000a3700000| Untracked 
| 568|0x00000000a3800000, 0x00000000a3800000, 0x00000000a3900000|  0%| F|  |TAMS 0x00000000a3800000| PB 0x00000000a3800000| Untracked 
| 569|0x00000000a3900000, 0x00000000a3900000, 0x00000000a3a00000|  0%| F|  |TAMS 0x00000000a3900000| PB 0x00000000a3900000| Untracked 
| 570|0x00000000a3a00000, 0x00000000a3a00000, 0x00000000a3b00000|  0%| F|  |TAMS 0x00000000a3a00000| PB 0x00000000a3a00000| Untracked 
| 571|0x00000000a3b00000, 0x00000000a3b00000, 0x00000000a3c00000|  0%| F|  |TAMS 0x00000000a3b00000| PB 0x00000000a3b00000| Untracked 
| 572|0x00000000a3c00000, 0x00000000a3c00000, 0x00000000a3d00000|  0%| F|  |TAMS 0x00000000a3c00000| PB 0x00000000a3c00000| Untracked 
| 573|0x00000000a3d00000, 0x00000000a3d00000, 0x00000000a3e00000|  0%| F|  |TAMS 0x00000000a3d00000| PB 0x00000000a3d00000| Untracked 
| 574|0x00000000a3e00000, 0x00000000a3e00000, 0x00000000a3f00000|  0%| F|  |TAMS 0x00000000a3e00000| PB 0x00000000a3e00000| Untracked 
| 575|0x00000000a3f00000, 0x00000000a3f00000, 0x00000000a4000000|  0%| F|  |TAMS 0x00000000a3f00000| PB 0x00000000a3f00000| Untracked 
| 576|0x00000000a4000000, 0x00000000a4000000, 0x00000000a4100000|  0%| F|  |TAMS 0x00000000a4000000| PB 0x00000000a4000000| Untracked 
| 577|0x00000000a4100000, 0x00000000a4100000, 0x00000000a4200000|  0%| F|  |TAMS 0x00000000a4100000| PB 0x00000000a4100000| Untracked 
| 578|0x00000000a4200000, 0x00000000a4200000, 0x00000000a4300000|  0%| F|  |TAMS 0x00000000a4200000| PB 0x00000000a4200000| Untracked 
| 579|0x00000000a4300000, 0x00000000a4300000, 0x00000000a4400000|  0%| F|  |TAMS 0x00000000a4300000| PB 0x00000000a4300000| Untracked 
| 580|0x00000000a4400000, 0x00000000a4400000, 0x00000000a4500000|  0%| F|  |TAMS 0x00000000a4400000| PB 0x00000000a4400000| Untracked 
| 581|0x00000000a4500000, 0x00000000a4500000, 0x00000000a4600000|  0%| F|  |TAMS 0x00000000a4500000| PB 0x00000000a4500000| Untracked 
| 582|0x00000000a4600000, 0x00000000a4600000, 0x00000000a4700000|  0%| F|  |TAMS 0x00000000a4600000| PB 0x00000000a4600000| Untracked 
| 583|0x00000000a4700000, 0x00000000a4700000, 0x00000000a4800000|  0%| F|  |TAMS 0x00000000a4700000| PB 0x00000000a4700000| Untracked 
| 584|0x00000000a4800000, 0x00000000a4800000, 0x00000000a4900000|  0%| F|  |TAMS 0x00000000a4800000| PB 0x00000000a4800000| Untracked 
| 585|0x00000000a4900000, 0x00000000a4900000, 0x00000000a4a00000|  0%| F|  |TAMS 0x00000000a4900000| PB 0x00000000a4900000| Untracked 
| 586|0x00000000a4a00000, 0x00000000a4a00000, 0x00000000a4b00000|  0%| F|  |TAMS 0x00000000a4a00000| PB 0x00000000a4a00000| Untracked 
| 587|0x00000000a4b00000, 0x00000000a4b00000, 0x00000000a4c00000|  0%| F|  |TAMS 0x00000000a4b00000| PB 0x00000000a4b00000| Untracked 
| 588|0x00000000a4c00000, 0x00000000a4c00000, 0x00000000a4d00000|  0%| F|  |TAMS 0x00000000a4c00000| PB 0x00000000a4c00000| Untracked 
| 589|0x00000000a4d00000, 0x00000000a4d00000, 0x00000000a4e00000|  0%| F|  |TAMS 0x00000000a4d00000| PB 0x00000000a4d00000| Untracked 
| 590|0x00000000a4e00000, 0x00000000a4e00000, 0x00000000a4f00000|  0%| F|  |TAMS 0x00000000a4e00000| PB 0x00000000a4e00000| Untracked 
| 591|0x00000000a4f00000, 0x00000000a4f00000, 0x00000000a5000000|  0%| F|  |TAMS 0x00000000a4f00000| PB 0x00000000a4f00000| Untracked 
| 592|0x00000000a5000000, 0x00000000a5000000, 0x00000000a5100000|  0%| F|  |TAMS 0x00000000a5000000| PB 0x00000000a5000000| Untracked 
| 593|0x00000000a5100000, 0x00000000a5100000, 0x00000000a5200000|  0%| F|  |TAMS 0x00000000a5100000| PB 0x00000000a5100000| Untracked 
| 594|0x00000000a5200000, 0x00000000a5200000, 0x00000000a5300000|  0%| F|  |TAMS 0x00000000a5200000| PB 0x00000000a5200000| Untracked 
| 595|0x00000000a5300000, 0x00000000a5300000, 0x00000000a5400000|  0%| F|  |TAMS 0x00000000a5300000| PB 0x00000000a5300000| Untracked 
| 596|0x00000000a5400000, 0x00000000a5400000, 0x00000000a5500000|  0%| F|  |TAMS 0x00000000a5400000| PB 0x00000000a5400000| Untracked 
| 597|0x00000000a5500000, 0x00000000a5500000, 0x00000000a5600000|  0%| F|  |TAMS 0x00000000a5500000| PB 0x00000000a5500000| Untracked 
| 598|0x00000000a5600000, 0x00000000a5600000, 0x00000000a5700000|  0%| F|  |TAMS 0x00000000a5600000| PB 0x00000000a5600000| Untracked 
| 599|0x00000000a5700000, 0x00000000a5700000, 0x00000000a5800000|  0%| F|  |TAMS 0x00000000a5700000| PB 0x00000000a5700000| Untracked 
| 600|0x00000000a5800000, 0x00000000a5800000, 0x00000000a5900000|  0%| F|  |TAMS 0x00000000a5800000| PB 0x00000000a5800000| Untracked 
| 601|0x00000000a5900000, 0x00000000a5900000, 0x00000000a5a00000|  0%| F|  |TAMS 0x00000000a5900000| PB 0x00000000a5900000| Untracked 
| 602|0x00000000a5a00000, 0x00000000a5a00000, 0x00000000a5b00000|  0%| F|  |TAMS 0x00000000a5a00000| PB 0x00000000a5a00000| Untracked 
| 603|0x00000000a5b00000, 0x00000000a5b00000, 0x00000000a5c00000|  0%| F|  |TAMS 0x00000000a5b00000| PB 0x00000000a5b00000| Untracked 
| 604|0x00000000a5c00000, 0x00000000a5c00000, 0x00000000a5d00000|  0%| F|  |TAMS 0x00000000a5c00000| PB 0x00000000a5c00000| Untracked 
| 605|0x00000000a5d00000, 0x00000000a5d00000, 0x00000000a5e00000|  0%| F|  |TAMS 0x00000000a5d00000| PB 0x00000000a5d00000| Untracked 
| 606|0x00000000a5e00000, 0x00000000a5e00000, 0x00000000a5f00000|  0%| F|  |TAMS 0x00000000a5e00000| PB 0x00000000a5e00000| Untracked 
| 607|0x00000000a5f00000, 0x00000000a5f00000, 0x00000000a6000000|  0%| F|  |TAMS 0x00000000a5f00000| PB 0x00000000a5f00000| Untracked 
| 608|0x00000000a6000000, 0x00000000a6000000, 0x00000000a6100000|  0%| F|  |TAMS 0x00000000a6000000| PB 0x00000000a6000000| Untracked 
| 609|0x00000000a6100000, 0x00000000a6100000, 0x00000000a6200000|  0%| F|  |TAMS 0x00000000a6100000| PB 0x00000000a6100000| Untracked 
| 610|0x00000000a6200000, 0x00000000a6200000, 0x00000000a6300000|  0%| F|  |TAMS 0x00000000a6200000| PB 0x00000000a6200000| Untracked 
| 611|0x00000000a6300000, 0x00000000a6300000, 0x00000000a6400000|  0%| F|  |TAMS 0x00000000a6300000| PB 0x00000000a6300000| Untracked 
| 612|0x00000000a6400000, 0x00000000a6400000, 0x00000000a6500000|  0%| F|  |TAMS 0x00000000a6400000| PB 0x00000000a6400000| Untracked 
| 613|0x00000000a6500000, 0x00000000a6500000, 0x00000000a6600000|  0%| F|  |TAMS 0x00000000a6500000| PB 0x00000000a6500000| Untracked 
| 614|0x00000000a6600000, 0x00000000a6600000, 0x00000000a6700000|  0%| F|  |TAMS 0x00000000a6600000| PB 0x00000000a6600000| Untracked 
| 615|0x00000000a6700000, 0x00000000a6700000, 0x00000000a6800000|  0%| F|  |TAMS 0x00000000a6700000| PB 0x00000000a6700000| Untracked 
| 616|0x00000000a6800000, 0x00000000a6800000, 0x00000000a6900000|  0%| F|  |TAMS 0x00000000a6800000| PB 0x00000000a6800000| Untracked 
| 617|0x00000000a6900000, 0x00000000a6900000, 0x00000000a6a00000|  0%| F|  |TAMS 0x00000000a6900000| PB 0x00000000a6900000| Untracked 
| 618|0x00000000a6a00000, 0x00000000a6a00000, 0x00000000a6b00000|  0%| F|  |TAMS 0x00000000a6a00000| PB 0x00000000a6a00000| Untracked 
| 619|0x00000000a6b00000, 0x00000000a6b00000, 0x00000000a6c00000|  0%| F|  |TAMS 0x00000000a6b00000| PB 0x00000000a6b00000| Untracked 
| 620|0x00000000a6c00000, 0x00000000a6c00000, 0x00000000a6d00000|  0%| F|  |TAMS 0x00000000a6c00000| PB 0x00000000a6c00000| Untracked 
| 621|0x00000000a6d00000, 0x00000000a6d00000, 0x00000000a6e00000|  0%| F|  |TAMS 0x00000000a6d00000| PB 0x00000000a6d00000| Untracked 
| 622|0x00000000a6e00000, 0x00000000a6e00000, 0x00000000a6f00000|  0%| F|  |TAMS 0x00000000a6e00000| PB 0x00000000a6e00000| Untracked 
| 623|0x00000000a6f00000, 0x00000000a6f00000, 0x00000000a7000000|  0%| F|  |TAMS 0x00000000a6f00000| PB 0x00000000a6f00000| Untracked 
| 624|0x00000000a7000000, 0x00000000a7000000, 0x00000000a7100000|  0%| F|  |TAMS 0x00000000a7000000| PB 0x00000000a7000000| Untracked 
| 625|0x00000000a7100000, 0x00000000a7100000, 0x00000000a7200000|  0%| F|  |TAMS 0x00000000a7100000| PB 0x00000000a7100000| Untracked 
| 626|0x00000000a7200000, 0x00000000a7200000, 0x00000000a7300000|  0%| F|  |TAMS 0x00000000a7200000| PB 0x00000000a7200000| Untracked 
| 627|0x00000000a7300000, 0x00000000a7300000, 0x00000000a7400000|  0%| F|  |TAMS 0x00000000a7300000| PB 0x00000000a7300000| Untracked 
| 628|0x00000000a7400000, 0x00000000a7400000, 0x00000000a7500000|  0%| F|  |TAMS 0x00000000a7400000| PB 0x00000000a7400000| Untracked 
| 629|0x00000000a7500000, 0x00000000a7500000, 0x00000000a7600000|  0%| F|  |TAMS 0x00000000a7500000| PB 0x00000000a7500000| Untracked 
| 630|0x00000000a7600000, 0x00000000a7600000, 0x00000000a7700000|  0%| F|  |TAMS 0x00000000a7600000| PB 0x00000000a7600000| Untracked 
| 631|0x00000000a7700000, 0x00000000a7700000, 0x00000000a7800000|  0%| F|  |TAMS 0x00000000a7700000| PB 0x00000000a7700000| Untracked 
| 632|0x00000000a7800000, 0x00000000a7800000, 0x00000000a7900000|  0%| F|  |TAMS 0x00000000a7800000| PB 0x00000000a7800000| Untracked 
| 633|0x00000000a7900000, 0x00000000a7900000, 0x00000000a7a00000|  0%| F|  |TAMS 0x00000000a7900000| PB 0x00000000a7900000| Untracked 
| 634|0x00000000a7a00000, 0x00000000a7a00000, 0x00000000a7b00000|  0%| F|  |TAMS 0x00000000a7a00000| PB 0x00000000a7a00000| Untracked 
| 635|0x00000000a7b00000, 0x00000000a7b00000, 0x00000000a7c00000|  0%| F|  |TAMS 0x00000000a7b00000| PB 0x00000000a7b00000| Untracked 
| 636|0x00000000a7c00000, 0x00000000a7c00000, 0x00000000a7d00000|  0%| F|  |TAMS 0x00000000a7c00000| PB 0x00000000a7c00000| Untracked 
| 637|0x00000000a7d00000, 0x00000000a7d00000, 0x00000000a7e00000|  0%| F|  |TAMS 0x00000000a7d00000| PB 0x00000000a7d00000| Untracked 
| 638|0x00000000a7e00000, 0x00000000a7e00000, 0x00000000a7f00000|  0%| F|  |TAMS 0x00000000a7e00000| PB 0x00000000a7e00000| Untracked 
| 639|0x00000000a7f00000, 0x00000000a7f00000, 0x00000000a8000000|  0%| F|  |TAMS 0x00000000a7f00000| PB 0x00000000a7f00000| Untracked 
| 640|0x00000000a8000000, 0x00000000a8000000, 0x00000000a8100000|  0%| F|  |TAMS 0x00000000a8000000| PB 0x00000000a8000000| Untracked 
| 641|0x00000000a8100000, 0x00000000a8100000, 0x00000000a8200000|  0%| F|  |TAMS 0x00000000a8100000| PB 0x00000000a8100000| Untracked 
| 642|0x00000000a8200000, 0x00000000a8200000, 0x00000000a8300000|  0%| F|  |TAMS 0x00000000a8200000| PB 0x00000000a8200000| Untracked 
| 643|0x00000000a8300000, 0x00000000a8300000, 0x00000000a8400000|  0%| F|  |TAMS 0x00000000a8300000| PB 0x00000000a8300000| Untracked 
| 644|0x00000000a8400000, 0x00000000a8400000, 0x00000000a8500000|  0%| F|  |TAMS 0x00000000a8400000| PB 0x00000000a8400000| Untracked 
| 645|0x00000000a8500000, 0x00000000a8500000, 0x00000000a8600000|  0%| F|  |TAMS 0x00000000a8500000| PB 0x00000000a8500000| Untracked 
| 646|0x00000000a8600000, 0x00000000a8600000, 0x00000000a8700000|  0%| F|  |TAMS 0x00000000a8600000| PB 0x00000000a8600000| Untracked 
| 647|0x00000000a8700000, 0x00000000a8700000, 0x00000000a8800000|  0%| F|  |TAMS 0x00000000a8700000| PB 0x00000000a8700000| Untracked 
| 648|0x00000000a8800000, 0x00000000a8800000, 0x00000000a8900000|  0%| F|  |TAMS 0x00000000a8800000| PB 0x00000000a8800000| Untracked 
| 649|0x00000000a8900000, 0x00000000a8900000, 0x00000000a8a00000|  0%| F|  |TAMS 0x00000000a8900000| PB 0x00000000a8900000| Untracked 
| 650|0x00000000a8a00000, 0x00000000a8a00000, 0x00000000a8b00000|  0%| F|  |TAMS 0x00000000a8a00000| PB 0x00000000a8a00000| Untracked 
| 651|0x00000000a8b00000, 0x00000000a8b00000, 0x00000000a8c00000|  0%| F|  |TAMS 0x00000000a8b00000| PB 0x00000000a8b00000| Untracked 
| 652|0x00000000a8c00000, 0x00000000a8c00000, 0x00000000a8d00000|  0%| F|  |TAMS 0x00000000a8c00000| PB 0x00000000a8c00000| Untracked 
| 653|0x00000000a8d00000, 0x00000000a8d00000, 0x00000000a8e00000|  0%| F|  |TAMS 0x00000000a8d00000| PB 0x00000000a8d00000| Untracked 
| 654|0x00000000a8e00000, 0x00000000a8e00000, 0x00000000a8f00000|  0%| F|  |TAMS 0x00000000a8e00000| PB 0x00000000a8e00000| Untracked 
| 655|0x00000000a8f00000, 0x00000000a8f00000, 0x00000000a9000000|  0%| F|  |TAMS 0x00000000a8f00000| PB 0x00000000a8f00000| Untracked 
| 656|0x00000000a9000000, 0x00000000a9000000, 0x00000000a9100000|  0%| F|  |TAMS 0x00000000a9000000| PB 0x00000000a9000000| Untracked 
| 657|0x00000000a9100000, 0x00000000a9100000, 0x00000000a9200000|  0%| F|  |TAMS 0x00000000a9100000| PB 0x00000000a9100000| Untracked 
| 658|0x00000000a9200000, 0x00000000a9200000, 0x00000000a9300000|  0%| F|  |TAMS 0x00000000a9200000| PB 0x00000000a9200000| Untracked 
| 659|0x00000000a9300000, 0x00000000a9300000, 0x00000000a9400000|  0%| F|  |TAMS 0x00000000a9300000| PB 0x00000000a9300000| Untracked 
| 660|0x00000000a9400000, 0x00000000a9400000, 0x00000000a9500000|  0%| F|  |TAMS 0x00000000a9400000| PB 0x00000000a9400000| Untracked 
| 661|0x00000000a9500000, 0x00000000a9500000, 0x00000000a9600000|  0%| F|  |TAMS 0x00000000a9500000| PB 0x00000000a9500000| Untracked 
| 662|0x00000000a9600000, 0x00000000a9600000, 0x00000000a9700000|  0%| F|  |TAMS 0x00000000a9600000| PB 0x00000000a9600000| Untracked 
| 663|0x00000000a9700000, 0x00000000a9700000, 0x00000000a9800000|  0%| F|  |TAMS 0x00000000a9700000| PB 0x00000000a9700000| Untracked 
| 664|0x00000000a9800000, 0x00000000a9800000, 0x00000000a9900000|  0%| F|  |TAMS 0x00000000a9800000| PB 0x00000000a9800000| Untracked 
| 665|0x00000000a9900000, 0x00000000a9900000, 0x00000000a9a00000|  0%| F|  |TAMS 0x00000000a9900000| PB 0x00000000a9900000| Untracked 
| 666|0x00000000a9a00000, 0x00000000a9a00000, 0x00000000a9b00000|  0%| F|  |TAMS 0x00000000a9a00000| PB 0x00000000a9a00000| Untracked 
| 667|0x00000000a9b00000, 0x00000000a9b00000, 0x00000000a9c00000|  0%| F|  |TAMS 0x00000000a9b00000| PB 0x00000000a9b00000| Untracked 
| 668|0x00000000a9c00000, 0x00000000a9c00000, 0x00000000a9d00000|  0%| F|  |TAMS 0x00000000a9c00000| PB 0x00000000a9c00000| Untracked 
| 669|0x00000000a9d00000, 0x00000000a9d00000, 0x00000000a9e00000|  0%| F|  |TAMS 0x00000000a9d00000| PB 0x00000000a9d00000| Untracked 
| 670|0x00000000a9e00000, 0x00000000a9e00000, 0x00000000a9f00000|  0%| F|  |TAMS 0x00000000a9e00000| PB 0x00000000a9e00000| Untracked 
| 671|0x00000000a9f00000, 0x00000000a9f00000, 0x00000000aa000000|  0%| F|  |TAMS 0x00000000a9f00000| PB 0x00000000a9f00000| Untracked 
| 672|0x00000000aa000000, 0x00000000aa000000, 0x00000000aa100000|  0%| F|  |TAMS 0x00000000aa000000| PB 0x00000000aa000000| Untracked 
| 673|0x00000000aa100000, 0x00000000aa100000, 0x00000000aa200000|  0%| F|  |TAMS 0x00000000aa100000| PB 0x00000000aa100000| Untracked 
| 674|0x00000000aa200000, 0x00000000aa200000, 0x00000000aa300000|  0%| F|  |TAMS 0x00000000aa200000| PB 0x00000000aa200000| Untracked 
| 675|0x00000000aa300000, 0x00000000aa300000, 0x00000000aa400000|  0%| F|  |TAMS 0x00000000aa300000| PB 0x00000000aa300000| Untracked 
| 676|0x00000000aa400000, 0x00000000aa400000, 0x00000000aa500000|  0%| F|  |TAMS 0x00000000aa400000| PB 0x00000000aa400000| Untracked 
| 677|0x00000000aa500000, 0x00000000aa500000, 0x00000000aa600000|  0%| F|  |TAMS 0x00000000aa500000| PB 0x00000000aa500000| Untracked 
| 678|0x00000000aa600000, 0x00000000aa600000, 0x00000000aa700000|  0%| F|  |TAMS 0x00000000aa600000| PB 0x00000000aa600000| Untracked 
| 679|0x00000000aa700000, 0x00000000aa700000, 0x00000000aa800000|  0%| F|  |TAMS 0x00000000aa700000| PB 0x00000000aa700000| Untracked 
| 680|0x00000000aa800000, 0x00000000aa800000, 0x00000000aa900000|  0%| F|  |TAMS 0x00000000aa800000| PB 0x00000000aa800000| Untracked 
| 681|0x00000000aa900000, 0x00000000aa900000, 0x00000000aaa00000|  0%| F|  |TAMS 0x00000000aa900000| PB 0x00000000aa900000| Untracked 
| 682|0x00000000aaa00000, 0x00000000aaa00000, 0x00000000aab00000|  0%| F|  |TAMS 0x00000000aaa00000| PB 0x00000000aaa00000| Untracked 
| 683|0x00000000aab00000, 0x00000000aab00000, 0x00000000aac00000|  0%| F|  |TAMS 0x00000000aab00000| PB 0x00000000aab00000| Untracked 
| 684|0x00000000aac00000, 0x00000000aac00000, 0x00000000aad00000|  0%| F|  |TAMS 0x00000000aac00000| PB 0x00000000aac00000| Untracked 
| 685|0x00000000aad00000, 0x00000000aad00000, 0x00000000aae00000|  0%| F|  |TAMS 0x00000000aad00000| PB 0x00000000aad00000| Untracked 
| 686|0x00000000aae00000, 0x00000000aae00000, 0x00000000aaf00000|  0%| F|  |TAMS 0x00000000aae00000| PB 0x00000000aae00000| Untracked 
| 687|0x00000000aaf00000, 0x00000000aaf00000, 0x00000000ab000000|  0%| F|  |TAMS 0x00000000aaf00000| PB 0x00000000aaf00000| Untracked 
| 688|0x00000000ab000000, 0x00000000ab000000, 0x00000000ab100000|  0%| F|  |TAMS 0x00000000ab000000| PB 0x00000000ab000000| Untracked 
| 689|0x00000000ab100000, 0x00000000ab100000, 0x00000000ab200000|  0%| F|  |TAMS 0x00000000ab100000| PB 0x00000000ab100000| Untracked 
| 690|0x00000000ab200000, 0x00000000ab200000, 0x00000000ab300000|  0%| F|  |TAMS 0x00000000ab200000| PB 0x00000000ab200000| Untracked 
| 691|0x00000000ab300000, 0x00000000ab300000, 0x00000000ab400000|  0%| F|  |TAMS 0x00000000ab300000| PB 0x00000000ab300000| Untracked 
| 692|0x00000000ab400000, 0x00000000ab400000, 0x00000000ab500000|  0%| F|  |TAMS 0x00000000ab400000| PB 0x00000000ab400000| Untracked 
| 693|0x00000000ab500000, 0x00000000ab500000, 0x00000000ab600000|  0%| F|  |TAMS 0x00000000ab500000| PB 0x00000000ab500000| Untracked 
| 694|0x00000000ab600000, 0x00000000ab600000, 0x00000000ab700000|  0%| F|  |TAMS 0x00000000ab600000| PB 0x00000000ab600000| Untracked 
| 695|0x00000000ab700000, 0x00000000ab700000, 0x00000000ab800000|  0%| F|  |TAMS 0x00000000ab700000| PB 0x00000000ab700000| Untracked 
| 696|0x00000000ab800000, 0x00000000ab800000, 0x00000000ab900000|  0%| F|  |TAMS 0x00000000ab800000| PB 0x00000000ab800000| Untracked 
| 697|0x00000000ab900000, 0x00000000ab900000, 0x00000000aba00000|  0%| F|  |TAMS 0x00000000ab900000| PB 0x00000000ab900000| Untracked 
| 698|0x00000000aba00000, 0x00000000aba00000, 0x00000000abb00000|  0%| F|  |TAMS 0x00000000aba00000| PB 0x00000000aba00000| Untracked 
| 699|0x00000000abb00000, 0x00000000abb00000, 0x00000000abc00000|  0%| F|  |TAMS 0x00000000abb00000| PB 0x00000000abb00000| Untracked 
| 700|0x00000000abc00000, 0x00000000abc00000, 0x00000000abd00000|  0%| F|  |TAMS 0x00000000abc00000| PB 0x00000000abc00000| Untracked 
| 701|0x00000000abd00000, 0x00000000abd00000, 0x00000000abe00000|  0%| F|  |TAMS 0x00000000abd00000| PB 0x00000000abd00000| Untracked 
| 702|0x00000000abe00000, 0x00000000abe00000, 0x00000000abf00000|  0%| F|  |TAMS 0x00000000abe00000| PB 0x00000000abe00000| Untracked 
| 703|0x00000000abf00000, 0x00000000abf00000, 0x00000000ac000000|  0%| F|  |TAMS 0x00000000abf00000| PB 0x00000000abf00000| Untracked 
| 704|0x00000000ac000000, 0x00000000ac000000, 0x00000000ac100000|  0%| F|  |TAMS 0x00000000ac000000| PB 0x00000000ac000000| Untracked 
| 705|0x00000000ac100000, 0x00000000ac100000, 0x00000000ac200000|  0%| F|  |TAMS 0x00000000ac100000| PB 0x00000000ac100000| Untracked 
| 706|0x00000000ac200000, 0x00000000ac200000, 0x00000000ac300000|  0%| F|  |TAMS 0x00000000ac200000| PB 0x00000000ac200000| Untracked 
| 707|0x00000000ac300000, 0x00000000ac300000, 0x00000000ac400000|  0%| F|  |TAMS 0x00000000ac300000| PB 0x00000000ac300000| Untracked 
| 708|0x00000000ac400000, 0x00000000ac400000, 0x00000000ac500000|  0%| F|  |TAMS 0x00000000ac400000| PB 0x00000000ac400000| Untracked 
| 709|0x00000000ac500000, 0x00000000ac500000, 0x00000000ac600000|  0%| F|  |TAMS 0x00000000ac500000| PB 0x00000000ac500000| Untracked 
| 710|0x00000000ac600000, 0x00000000ac600000, 0x00000000ac700000|  0%| F|  |TAMS 0x00000000ac600000| PB 0x00000000ac600000| Untracked 
| 711|0x00000000ac700000, 0x00000000ac700000, 0x00000000ac800000|  0%| F|  |TAMS 0x00000000ac700000| PB 0x00000000ac700000| Untracked 
| 712|0x00000000ac800000, 0x00000000ac800000, 0x00000000ac900000|  0%| F|  |TAMS 0x00000000ac800000| PB 0x00000000ac800000| Untracked 
| 713|0x00000000ac900000, 0x00000000ac900000, 0x00000000aca00000|  0%| F|  |TAMS 0x00000000ac900000| PB 0x00000000ac900000| Untracked 
| 714|0x00000000aca00000, 0x00000000aca00000, 0x00000000acb00000|  0%| F|  |TAMS 0x00000000aca00000| PB 0x00000000aca00000| Untracked 
| 715|0x00000000acb00000, 0x00000000acb00000, 0x00000000acc00000|  0%| F|  |TAMS 0x00000000acb00000| PB 0x00000000acb00000| Untracked 
| 716|0x00000000acc00000, 0x00000000acc00000, 0x00000000acd00000|  0%| F|  |TAMS 0x00000000acc00000| PB 0x00000000acc00000| Untracked 
| 717|0x00000000acd00000, 0x00000000acd00000, 0x00000000ace00000|  0%| F|  |TAMS 0x00000000acd00000| PB 0x00000000acd00000| Untracked 
| 718|0x00000000ace00000, 0x00000000ace00000, 0x00000000acf00000|  0%| F|  |TAMS 0x00000000ace00000| PB 0x00000000ace00000| Untracked 
| 719|0x00000000acf00000, 0x00000000acf00000, 0x00000000ad000000|  0%| F|  |TAMS 0x00000000acf00000| PB 0x00000000acf00000| Untracked 
| 720|0x00000000ad000000, 0x00000000ad000000, 0x00000000ad100000|  0%| F|  |TAMS 0x00000000ad000000| PB 0x00000000ad000000| Untracked 
| 721|0x00000000ad100000, 0x00000000ad100000, 0x00000000ad200000|  0%| F|  |TAMS 0x00000000ad100000| PB 0x00000000ad100000| Untracked 
| 722|0x00000000ad200000, 0x00000000ad200000, 0x00000000ad300000|  0%| F|  |TAMS 0x00000000ad200000| PB 0x00000000ad200000| Untracked 
| 723|0x00000000ad300000, 0x00000000ad300000, 0x00000000ad400000|  0%| F|  |TAMS 0x00000000ad300000| PB 0x00000000ad300000| Untracked 
| 724|0x00000000ad400000, 0x00000000ad400000, 0x00000000ad500000|  0%| F|  |TAMS 0x00000000ad400000| PB 0x00000000ad400000| Untracked 
| 725|0x00000000ad500000, 0x00000000ad500000, 0x00000000ad600000|  0%| F|  |TAMS 0x00000000ad500000| PB 0x00000000ad500000| Untracked 
| 726|0x00000000ad600000, 0x00000000ad600000, 0x00000000ad700000|  0%| F|  |TAMS 0x00000000ad600000| PB 0x00000000ad600000| Untracked 
| 727|0x00000000ad700000, 0x00000000ad700000, 0x00000000ad800000|  0%| F|  |TAMS 0x00000000ad700000| PB 0x00000000ad700000| Untracked 
| 728|0x00000000ad800000, 0x00000000ad800000, 0x00000000ad900000|  0%| F|  |TAMS 0x00000000ad800000| PB 0x00000000ad800000| Untracked 
| 729|0x00000000ad900000, 0x00000000ad900000, 0x00000000ada00000|  0%| F|  |TAMS 0x00000000ad900000| PB 0x00000000ad900000| Untracked 
| 730|0x00000000ada00000, 0x00000000ada00000, 0x00000000adb00000|  0%| F|  |TAMS 0x00000000ada00000| PB 0x00000000ada00000| Untracked 
| 731|0x00000000adb00000, 0x00000000adb00000, 0x00000000adc00000|  0%| F|  |TAMS 0x00000000adb00000| PB 0x00000000adb00000| Untracked 
| 732|0x00000000adc00000, 0x00000000adc00000, 0x00000000add00000|  0%| F|  |TAMS 0x00000000adc00000| PB 0x00000000adc00000| Untracked 
| 733|0x00000000add00000, 0x00000000add00000, 0x00000000ade00000|  0%| F|  |TAMS 0x00000000add00000| PB 0x00000000add00000| Untracked 
| 734|0x00000000ade00000, 0x00000000ade00000, 0x00000000adf00000|  0%| F|  |TAMS 0x00000000ade00000| PB 0x00000000ade00000| Untracked 
| 735|0x00000000adf00000, 0x00000000adf00000, 0x00000000ae000000|  0%| F|  |TAMS 0x00000000adf00000| PB 0x00000000adf00000| Untracked 
| 736|0x00000000ae000000, 0x00000000ae000000, 0x00000000ae100000|  0%| F|  |TAMS 0x00000000ae000000| PB 0x00000000ae000000| Untracked 
| 737|0x00000000ae100000, 0x00000000ae100000, 0x00000000ae200000|  0%| F|  |TAMS 0x00000000ae100000| PB 0x00000000ae100000| Untracked 
| 738|0x00000000ae200000, 0x00000000ae200000, 0x00000000ae300000|  0%| F|  |TAMS 0x00000000ae200000| PB 0x00000000ae200000| Untracked 
| 739|0x00000000ae300000, 0x00000000ae300000, 0x00000000ae400000|  0%| F|  |TAMS 0x00000000ae300000| PB 0x00000000ae300000| Untracked 
| 740|0x00000000ae400000, 0x00000000ae400000, 0x00000000ae500000|  0%| F|  |TAMS 0x00000000ae400000| PB 0x00000000ae400000| Untracked 
| 741|0x00000000ae500000, 0x00000000ae500000, 0x00000000ae600000|  0%| F|  |TAMS 0x00000000ae500000| PB 0x00000000ae500000| Untracked 
| 742|0x00000000ae600000, 0x00000000ae600000, 0x00000000ae700000|  0%| F|  |TAMS 0x00000000ae600000| PB 0x00000000ae600000| Untracked 
| 743|0x00000000ae700000, 0x00000000ae700000, 0x00000000ae800000|  0%| F|  |TAMS 0x00000000ae700000| PB 0x00000000ae700000| Untracked 
| 744|0x00000000ae800000, 0x00000000ae800000, 0x00000000ae900000|  0%| F|  |TAMS 0x00000000ae800000| PB 0x00000000ae800000| Untracked 
| 745|0x00000000ae900000, 0x00000000ae900000, 0x00000000aea00000|  0%| F|  |TAMS 0x00000000ae900000| PB 0x00000000ae900000| Untracked 
| 746|0x00000000aea00000, 0x00000000aea00000, 0x00000000aeb00000|  0%| F|  |TAMS 0x00000000aea00000| PB 0x00000000aea00000| Untracked 
| 747|0x00000000aeb00000, 0x00000000aeb00000, 0x00000000aec00000|  0%| F|  |TAMS 0x00000000aeb00000| PB 0x00000000aeb00000| Untracked 
| 748|0x00000000aec00000, 0x00000000aec00000, 0x00000000aed00000|  0%| F|  |TAMS 0x00000000aec00000| PB 0x00000000aec00000| Untracked 
| 749|0x00000000aed00000, 0x00000000aed00000, 0x00000000aee00000|  0%| F|  |TAMS 0x00000000aed00000| PB 0x00000000aed00000| Untracked 
| 750|0x00000000aee00000, 0x00000000aee00000, 0x00000000aef00000|  0%| F|  |TAMS 0x00000000aee00000| PB 0x00000000aee00000| Untracked 
| 751|0x00000000aef00000, 0x00000000aef00000, 0x00000000af000000|  0%| F|  |TAMS 0x00000000aef00000| PB 0x00000000aef00000| Untracked 
| 752|0x00000000af000000, 0x00000000af000000, 0x00000000af100000|  0%| F|  |TAMS 0x00000000af000000| PB 0x00000000af000000| Untracked 
| 753|0x00000000af100000, 0x00000000af100000, 0x00000000af200000|  0%| F|  |TAMS 0x00000000af100000| PB 0x00000000af100000| Untracked 
| 754|0x00000000af200000, 0x00000000af200000, 0x00000000af300000|  0%| F|  |TAMS 0x00000000af200000| PB 0x00000000af200000| Untracked 
| 755|0x00000000af300000, 0x00000000af300000, 0x00000000af400000|  0%| F|  |TAMS 0x00000000af300000| PB 0x00000000af300000| Untracked 
| 756|0x00000000af400000, 0x00000000af400000, 0x00000000af500000|  0%| F|  |TAMS 0x00000000af400000| PB 0x00000000af400000| Untracked 
| 757|0x00000000af500000, 0x00000000af500000, 0x00000000af600000|  0%| F|  |TAMS 0x00000000af500000| PB 0x00000000af500000| Untracked 
| 758|0x00000000af600000, 0x00000000af600000, 0x00000000af700000|  0%| F|  |TAMS 0x00000000af600000| PB 0x00000000af600000| Untracked 
| 759|0x00000000af700000, 0x00000000af700000, 0x00000000af800000|  0%| F|  |TAMS 0x00000000af700000| PB 0x00000000af700000| Untracked 
| 760|0x00000000af800000, 0x00000000af800000, 0x00000000af900000|  0%| F|  |TAMS 0x00000000af800000| PB 0x00000000af800000| Untracked 
| 761|0x00000000af900000, 0x00000000af900000, 0x00000000afa00000|  0%| F|  |TAMS 0x00000000af900000| PB 0x00000000af900000| Untracked 
| 762|0x00000000afa00000, 0x00000000afa00000, 0x00000000afb00000|  0%| F|  |TAMS 0x00000000afa00000| PB 0x00000000afa00000| Untracked 
| 763|0x00000000afb00000, 0x00000000afb00000, 0x00000000afc00000|  0%| F|  |TAMS 0x00000000afb00000| PB 0x00000000afb00000| Untracked 
| 764|0x00000000afc00000, 0x00000000afc00000, 0x00000000afd00000|  0%| F|  |TAMS 0x00000000afc00000| PB 0x00000000afc00000| Untracked 
| 765|0x00000000afd00000, 0x00000000afd00000, 0x00000000afe00000|  0%| F|  |TAMS 0x00000000afd00000| PB 0x00000000afd00000| Untracked 
| 766|0x00000000afe00000, 0x00000000afe00000, 0x00000000aff00000|  0%| F|  |TAMS 0x00000000afe00000| PB 0x00000000afe00000| Untracked 
| 767|0x00000000aff00000, 0x00000000aff00000, 0x00000000b0000000|  0%| F|  |TAMS 0x00000000aff00000| PB 0x00000000aff00000| Untracked 
| 768|0x00000000b0000000, 0x00000000b0000000, 0x00000000b0100000|  0%| F|  |TAMS 0x00000000b0000000| PB 0x00000000b0000000| Untracked 
| 769|0x00000000b0100000, 0x00000000b0100000, 0x00000000b0200000|  0%| F|  |TAMS 0x00000000b0100000| PB 0x00000000b0100000| Untracked 
| 770|0x00000000b0200000, 0x00000000b0200000, 0x00000000b0300000|  0%| F|  |TAMS 0x00000000b0200000| PB 0x00000000b0200000| Untracked 
| 771|0x00000000b0300000, 0x00000000b0300000, 0x00000000b0400000|  0%| F|  |TAMS 0x00000000b0300000| PB 0x00000000b0300000| Untracked 
| 772|0x00000000b0400000, 0x00000000b0400000, 0x00000000b0500000|  0%| F|  |TAMS 0x00000000b0400000| PB 0x00000000b0400000| Untracked 
| 773|0x00000000b0500000, 0x00000000b0500000, 0x00000000b0600000|  0%| F|  |TAMS 0x00000000b0500000| PB 0x00000000b0500000| Untracked 
| 774|0x00000000b0600000, 0x00000000b0600000, 0x00000000b0700000|  0%| F|  |TAMS 0x00000000b0600000| PB 0x00000000b0600000| Untracked 
| 775|0x00000000b0700000, 0x00000000b0700000, 0x00000000b0800000|  0%| F|  |TAMS 0x00000000b0700000| PB 0x00000000b0700000| Untracked 
| 776|0x00000000b0800000, 0x00000000b0800000, 0x00000000b0900000|  0%| F|  |TAMS 0x00000000b0800000| PB 0x00000000b0800000| Untracked 
| 777|0x00000000b0900000, 0x00000000b0900000, 0x00000000b0a00000|  0%| F|  |TAMS 0x00000000b0900000| PB 0x00000000b0900000| Untracked 
| 778|0x00000000b0a00000, 0x00000000b0a00000, 0x00000000b0b00000|  0%| F|  |TAMS 0x00000000b0a00000| PB 0x00000000b0a00000| Untracked 
| 779|0x00000000b0b00000, 0x00000000b0b00000, 0x00000000b0c00000|  0%| F|  |TAMS 0x00000000b0b00000| PB 0x00000000b0b00000| Untracked 
| 780|0x00000000b0c00000, 0x00000000b0c00000, 0x00000000b0d00000|  0%| F|  |TAMS 0x00000000b0c00000| PB 0x00000000b0c00000| Untracked 
| 781|0x00000000b0d00000, 0x00000000b0d00000, 0x00000000b0e00000|  0%| F|  |TAMS 0x00000000b0d00000| PB 0x00000000b0d00000| Untracked 
| 782|0x00000000b0e00000, 0x00000000b0e00000, 0x00000000b0f00000|  0%| F|  |TAMS 0x00000000b0e00000| PB 0x00000000b0e00000| Untracked 
| 783|0x00000000b0f00000, 0x00000000b0f00000, 0x00000000b1000000|  0%| F|  |TAMS 0x00000000b0f00000| PB 0x00000000b0f00000| Untracked 
| 784|0x00000000b1000000, 0x00000000b1000000, 0x00000000b1100000|  0%| F|  |TAMS 0x00000000b1000000| PB 0x00000000b1000000| Untracked 
| 785|0x00000000b1100000, 0x00000000b1100000, 0x00000000b1200000|  0%| F|  |TAMS 0x00000000b1100000| PB 0x00000000b1100000| Untracked 
| 786|0x00000000b1200000, 0x00000000b1200000, 0x00000000b1300000|  0%| F|  |TAMS 0x00000000b1200000| PB 0x00000000b1200000| Untracked 
| 787|0x00000000b1300000, 0x00000000b1300000, 0x00000000b1400000|  0%| F|  |TAMS 0x00000000b1300000| PB 0x00000000b1300000| Untracked 
| 788|0x00000000b1400000, 0x00000000b1400000, 0x00000000b1500000|  0%| F|  |TAMS 0x00000000b1400000| PB 0x00000000b1400000| Untracked 
| 789|0x00000000b1500000, 0x00000000b1500000, 0x00000000b1600000|  0%| F|  |TAMS 0x00000000b1500000| PB 0x00000000b1500000| Untracked 
| 790|0x00000000b1600000, 0x00000000b1600000, 0x00000000b1700000|  0%| F|  |TAMS 0x00000000b1600000| PB 0x00000000b1600000| Untracked 
| 791|0x00000000b1700000, 0x00000000b1700000, 0x00000000b1800000|  0%| F|  |TAMS 0x00000000b1700000| PB 0x00000000b1700000| Untracked 
| 792|0x00000000b1800000, 0x00000000b1800000, 0x00000000b1900000|  0%| F|  |TAMS 0x00000000b1800000| PB 0x00000000b1800000| Untracked 
| 793|0x00000000b1900000, 0x00000000b1900000, 0x00000000b1a00000|  0%| F|  |TAMS 0x00000000b1900000| PB 0x00000000b1900000| Untracked 
| 794|0x00000000b1a00000, 0x00000000b1a00000, 0x00000000b1b00000|  0%| F|  |TAMS 0x00000000b1a00000| PB 0x00000000b1a00000| Untracked 
| 795|0x00000000b1b00000, 0x00000000b1b00000, 0x00000000b1c00000|  0%| F|  |TAMS 0x00000000b1b00000| PB 0x00000000b1b00000| Untracked 
| 796|0x00000000b1c00000, 0x00000000b1c00000, 0x00000000b1d00000|  0%| F|  |TAMS 0x00000000b1c00000| PB 0x00000000b1c00000| Untracked 
| 797|0x00000000b1d00000, 0x00000000b1d00000, 0x00000000b1e00000|  0%| F|  |TAMS 0x00000000b1d00000| PB 0x00000000b1d00000| Untracked 
| 798|0x00000000b1e00000, 0x00000000b1e00000, 0x00000000b1f00000|  0%| F|  |TAMS 0x00000000b1e00000| PB 0x00000000b1e00000| Untracked 
| 799|0x00000000b1f00000, 0x00000000b1f00000, 0x00000000b2000000|  0%| F|  |TAMS 0x00000000b1f00000| PB 0x00000000b1f00000| Untracked 
| 800|0x00000000b2000000, 0x00000000b2000000, 0x00000000b2100000|  0%| F|  |TAMS 0x00000000b2000000| PB 0x00000000b2000000| Untracked 
| 801|0x00000000b2100000, 0x00000000b2100000, 0x00000000b2200000|  0%| F|  |TAMS 0x00000000b2100000| PB 0x00000000b2100000| Untracked 
| 802|0x00000000b2200000, 0x00000000b2200000, 0x00000000b2300000|  0%| F|  |TAMS 0x00000000b2200000| PB 0x00000000b2200000| Untracked 
| 803|0x00000000b2300000, 0x00000000b2300000, 0x00000000b2400000|  0%| F|  |TAMS 0x00000000b2300000| PB 0x00000000b2300000| Untracked 
| 804|0x00000000b2400000, 0x00000000b2400000, 0x00000000b2500000|  0%| F|  |TAMS 0x00000000b2400000| PB 0x00000000b2400000| Untracked 
| 805|0x00000000b2500000, 0x00000000b2500000, 0x00000000b2600000|  0%| F|  |TAMS 0x00000000b2500000| PB 0x00000000b2500000| Untracked 
| 806|0x00000000b2600000, 0x00000000b2600000, 0x00000000b2700000|  0%| F|  |TAMS 0x00000000b2600000| PB 0x00000000b2600000| Untracked 
| 807|0x00000000b2700000, 0x00000000b2700000, 0x00000000b2800000|  0%| F|  |TAMS 0x00000000b2700000| PB 0x00000000b2700000| Untracked 
| 808|0x00000000b2800000, 0x00000000b2800000, 0x00000000b2900000|  0%| F|  |TAMS 0x00000000b2800000| PB 0x00000000b2800000| Untracked 
| 809|0x00000000b2900000, 0x00000000b2900000, 0x00000000b2a00000|  0%| F|  |TAMS 0x00000000b2900000| PB 0x00000000b2900000| Untracked 
| 810|0x00000000b2a00000, 0x00000000b2a00000, 0x00000000b2b00000|  0%| F|  |TAMS 0x00000000b2a00000| PB 0x00000000b2a00000| Untracked 
| 811|0x00000000b2b00000, 0x00000000b2b00000, 0x00000000b2c00000|  0%| F|  |TAMS 0x00000000b2b00000| PB 0x00000000b2b00000| Untracked 
| 812|0x00000000b2c00000, 0x00000000b2c00000, 0x00000000b2d00000|  0%| F|  |TAMS 0x00000000b2c00000| PB 0x00000000b2c00000| Untracked 
| 813|0x00000000b2d00000, 0x00000000b2d00000, 0x00000000b2e00000|  0%| F|  |TAMS 0x00000000b2d00000| PB 0x00000000b2d00000| Untracked 
| 814|0x00000000b2e00000, 0x00000000b2e00000, 0x00000000b2f00000|  0%| F|  |TAMS 0x00000000b2e00000| PB 0x00000000b2e00000| Untracked 
| 815|0x00000000b2f00000, 0x00000000b2f00000, 0x00000000b3000000|  0%| F|  |TAMS 0x00000000b2f00000| PB 0x00000000b2f00000| Untracked 
| 816|0x00000000b3000000, 0x00000000b3000000, 0x00000000b3100000|  0%| F|  |TAMS 0x00000000b3000000| PB 0x00000000b3000000| Untracked 
| 817|0x00000000b3100000, 0x00000000b3100000, 0x00000000b3200000|  0%| F|  |TAMS 0x00000000b3100000| PB 0x00000000b3100000| Untracked 
| 818|0x00000000b3200000, 0x00000000b3200000, 0x00000000b3300000|  0%| F|  |TAMS 0x00000000b3200000| PB 0x00000000b3200000| Untracked 
| 819|0x00000000b3300000, 0x00000000b3300000, 0x00000000b3400000|  0%| F|  |TAMS 0x00000000b3300000| PB 0x00000000b3300000| Untracked 
| 820|0x00000000b3400000, 0x00000000b3400000, 0x00000000b3500000|  0%| F|  |TAMS 0x00000000b3400000| PB 0x00000000b3400000| Untracked 
| 821|0x00000000b3500000, 0x00000000b3500000, 0x00000000b3600000|  0%| F|  |TAMS 0x00000000b3500000| PB 0x00000000b3500000| Untracked 
| 822|0x00000000b3600000, 0x00000000b3600000, 0x00000000b3700000|  0%| F|  |TAMS 0x00000000b3600000| PB 0x00000000b3600000| Untracked 
| 823|0x00000000b3700000, 0x00000000b3700000, 0x00000000b3800000|  0%| F|  |TAMS 0x00000000b3700000| PB 0x00000000b3700000| Untracked 
| 824|0x00000000b3800000, 0x00000000b3800000, 0x00000000b3900000|  0%| F|  |TAMS 0x00000000b3800000| PB 0x00000000b3800000| Untracked 
| 825|0x00000000b3900000, 0x00000000b3900000, 0x00000000b3a00000|  0%| F|  |TAMS 0x00000000b3900000| PB 0x00000000b3900000| Untracked 
| 826|0x00000000b3a00000, 0x00000000b3a00000, 0x00000000b3b00000|  0%| F|  |TAMS 0x00000000b3a00000| PB 0x00000000b3a00000| Untracked 
| 827|0x00000000b3b00000, 0x00000000b3b00000, 0x00000000b3c00000|  0%| F|  |TAMS 0x00000000b3b00000| PB 0x00000000b3b00000| Untracked 
| 828|0x00000000b3c00000, 0x00000000b3c00000, 0x00000000b3d00000|  0%| F|  |TAMS 0x00000000b3c00000| PB 0x00000000b3c00000| Untracked 
| 829|0x00000000b3d00000, 0x00000000b3d00000, 0x00000000b3e00000|  0%| F|  |TAMS 0x00000000b3d00000| PB 0x00000000b3d00000| Untracked 
| 830|0x00000000b3e00000, 0x00000000b3e00000, 0x00000000b3f00000|  0%| F|  |TAMS 0x00000000b3e00000| PB 0x00000000b3e00000| Untracked 
| 831|0x00000000b3f00000, 0x00000000b3f00000, 0x00000000b4000000|  0%| F|  |TAMS 0x00000000b3f00000| PB 0x00000000b3f00000| Untracked 
| 832|0x00000000b4000000, 0x00000000b4000000, 0x00000000b4100000|  0%| F|  |TAMS 0x00000000b4000000| PB 0x00000000b4000000| Untracked 
| 833|0x00000000b4100000, 0x00000000b4100000, 0x00000000b4200000|  0%| F|  |TAMS 0x00000000b4100000| PB 0x00000000b4100000| Untracked 
| 834|0x00000000b4200000, 0x00000000b4200000, 0x00000000b4300000|  0%| F|  |TAMS 0x00000000b4200000| PB 0x00000000b4200000| Untracked 
| 835|0x00000000b4300000, 0x00000000b4300000, 0x00000000b4400000|  0%| F|  |TAMS 0x00000000b4300000| PB 0x00000000b4300000| Untracked 
| 836|0x00000000b4400000, 0x00000000b4400000, 0x00000000b4500000|  0%| F|  |TAMS 0x00000000b4400000| PB 0x00000000b4400000| Untracked 
| 837|0x00000000b4500000, 0x00000000b4500000, 0x00000000b4600000|  0%| F|  |TAMS 0x00000000b4500000| PB 0x00000000b4500000| Untracked 
| 838|0x00000000b4600000, 0x00000000b4600000, 0x00000000b4700000|  0%| F|  |TAMS 0x00000000b4600000| PB 0x00000000b4600000| Untracked 
| 839|0x00000000b4700000, 0x00000000b4700000, 0x00000000b4800000|  0%| F|  |TAMS 0x00000000b4700000| PB 0x00000000b4700000| Untracked 
| 840|0x00000000b4800000, 0x00000000b4800000, 0x00000000b4900000|  0%| F|  |TAMS 0x00000000b4800000| PB 0x00000000b4800000| Untracked 
| 841|0x00000000b4900000, 0x00000000b4900000, 0x00000000b4a00000|  0%| F|  |TAMS 0x00000000b4900000| PB 0x00000000b4900000| Untracked 
| 842|0x00000000b4a00000, 0x00000000b4a00000, 0x00000000b4b00000|  0%| F|  |TAMS 0x00000000b4a00000| PB 0x00000000b4a00000| Untracked 
| 843|0x00000000b4b00000, 0x00000000b4b00000, 0x00000000b4c00000|  0%| F|  |TAMS 0x00000000b4b00000| PB 0x00000000b4b00000| Untracked 
| 844|0x00000000b4c00000, 0x00000000b4c00000, 0x00000000b4d00000|  0%| F|  |TAMS 0x00000000b4c00000| PB 0x00000000b4c00000| Untracked 
| 845|0x00000000b4d00000, 0x00000000b4d00000, 0x00000000b4e00000|  0%| F|  |TAMS 0x00000000b4d00000| PB 0x00000000b4d00000| Untracked 
| 846|0x00000000b4e00000, 0x00000000b4e00000, 0x00000000b4f00000|  0%| F|  |TAMS 0x00000000b4e00000| PB 0x00000000b4e00000| Untracked 
| 847|0x00000000b4f00000, 0x00000000b4f00000, 0x00000000b5000000|  0%| F|  |TAMS 0x00000000b4f00000| PB 0x00000000b4f00000| Untracked 
| 848|0x00000000b5000000, 0x00000000b5000000, 0x00000000b5100000|  0%| F|  |TAMS 0x00000000b5000000| PB 0x00000000b5000000| Untracked 
| 849|0x00000000b5100000, 0x00000000b5100000, 0x00000000b5200000|  0%| F|  |TAMS 0x00000000b5100000| PB 0x00000000b5100000| Untracked 
| 850|0x00000000b5200000, 0x00000000b5200000, 0x00000000b5300000|  0%| F|  |TAMS 0x00000000b5200000| PB 0x00000000b5200000| Untracked 
| 851|0x00000000b5300000, 0x00000000b5300000, 0x00000000b5400000|  0%| F|  |TAMS 0x00000000b5300000| PB 0x00000000b5300000| Untracked 
| 852|0x00000000b5400000, 0x00000000b5400000, 0x00000000b5500000|  0%| F|  |TAMS 0x00000000b5400000| PB 0x00000000b5400000| Untracked 
| 853|0x00000000b5500000, 0x00000000b5500000, 0x00000000b5600000|  0%| F|  |TAMS 0x00000000b5500000| PB 0x00000000b5500000| Untracked 
| 854|0x00000000b5600000, 0x00000000b5600000, 0x00000000b5700000|  0%| F|  |TAMS 0x00000000b5600000| PB 0x00000000b5600000| Untracked 
| 855|0x00000000b5700000, 0x00000000b5700000, 0x00000000b5800000|  0%| F|  |TAMS 0x00000000b5700000| PB 0x00000000b5700000| Untracked 
| 856|0x00000000b5800000, 0x00000000b5800000, 0x00000000b5900000|  0%| F|  |TAMS 0x00000000b5800000| PB 0x00000000b5800000| Untracked 
| 857|0x00000000b5900000, 0x00000000b5900000, 0x00000000b5a00000|  0%| F|  |TAMS 0x00000000b5900000| PB 0x00000000b5900000| Untracked 
| 858|0x00000000b5a00000, 0x00000000b5a00000, 0x00000000b5b00000|  0%| F|  |TAMS 0x00000000b5a00000| PB 0x00000000b5a00000| Untracked 
| 859|0x00000000b5b00000, 0x00000000b5b00000, 0x00000000b5c00000|  0%| F|  |TAMS 0x00000000b5b00000| PB 0x00000000b5b00000| Untracked 
| 860|0x00000000b5c00000, 0x00000000b5c00000, 0x00000000b5d00000|  0%| F|  |TAMS 0x00000000b5c00000| PB 0x00000000b5c00000| Untracked 
| 861|0x00000000b5d00000, 0x00000000b5d00000, 0x00000000b5e00000|  0%| F|  |TAMS 0x00000000b5d00000| PB 0x00000000b5d00000| Untracked 
| 862|0x00000000b5e00000, 0x00000000b5e00000, 0x00000000b5f00000|  0%| F|  |TAMS 0x00000000b5e00000| PB 0x00000000b5e00000| Untracked 
| 863|0x00000000b5f00000, 0x00000000b5f00000, 0x00000000b6000000|  0%| F|  |TAMS 0x00000000b5f00000| PB 0x00000000b5f00000| Untracked 
| 864|0x00000000b6000000, 0x00000000b6000000, 0x00000000b6100000|  0%| F|  |TAMS 0x00000000b6000000| PB 0x00000000b6000000| Untracked 
| 865|0x00000000b6100000, 0x00000000b6100000, 0x00000000b6200000|  0%| F|  |TAMS 0x00000000b6100000| PB 0x00000000b6100000| Untracked 
| 866|0x00000000b6200000, 0x00000000b6200000, 0x00000000b6300000|  0%| F|  |TAMS 0x00000000b6200000| PB 0x00000000b6200000| Untracked 
| 867|0x00000000b6300000, 0x00000000b6300000, 0x00000000b6400000|  0%| F|  |TAMS 0x00000000b6300000| PB 0x00000000b6300000| Untracked 
| 868|0x00000000b6400000, 0x00000000b6400000, 0x00000000b6500000|  0%| F|  |TAMS 0x00000000b6400000| PB 0x00000000b6400000| Untracked 
| 869|0x00000000b6500000, 0x00000000b6500000, 0x00000000b6600000|  0%| F|  |TAMS 0x00000000b6500000| PB 0x00000000b6500000| Untracked 
| 870|0x00000000b6600000, 0x00000000b6600000, 0x00000000b6700000|  0%| F|  |TAMS 0x00000000b6600000| PB 0x00000000b6600000| Untracked 
| 871|0x00000000b6700000, 0x00000000b6700000, 0x00000000b6800000|  0%| F|  |TAMS 0x00000000b6700000| PB 0x00000000b6700000| Untracked 
| 872|0x00000000b6800000, 0x00000000b6800000, 0x00000000b6900000|  0%| F|  |TAMS 0x00000000b6800000| PB 0x00000000b6800000| Untracked 
| 873|0x00000000b6900000, 0x00000000b6900000, 0x00000000b6a00000|  0%| F|  |TAMS 0x00000000b6900000| PB 0x00000000b6900000| Untracked 
| 874|0x00000000b6a00000, 0x00000000b6a00000, 0x00000000b6b00000|  0%| F|  |TAMS 0x00000000b6a00000| PB 0x00000000b6a00000| Untracked 
| 875|0x00000000b6b00000, 0x00000000b6b00000, 0x00000000b6c00000|  0%| F|  |TAMS 0x00000000b6b00000| PB 0x00000000b6b00000| Untracked 
| 876|0x00000000b6c00000, 0x00000000b6c00000, 0x00000000b6d00000|  0%| F|  |TAMS 0x00000000b6c00000| PB 0x00000000b6c00000| Untracked 
| 877|0x00000000b6d00000, 0x00000000b6d00000, 0x00000000b6e00000|  0%| F|  |TAMS 0x00000000b6d00000| PB 0x00000000b6d00000| Untracked 
| 878|0x00000000b6e00000, 0x00000000b6e00000, 0x00000000b6f00000|  0%| F|  |TAMS 0x00000000b6e00000| PB 0x00000000b6e00000| Untracked 
| 879|0x00000000b6f00000, 0x00000000b6f00000, 0x00000000b7000000|  0%| F|  |TAMS 0x00000000b6f00000| PB 0x00000000b6f00000| Untracked 
| 880|0x00000000b7000000, 0x00000000b7000000, 0x00000000b7100000|  0%| F|  |TAMS 0x00000000b7000000| PB 0x00000000b7000000| Untracked 
| 881|0x00000000b7100000, 0x00000000b7100000, 0x00000000b7200000|  0%| F|  |TAMS 0x00000000b7100000| PB 0x00000000b7100000| Untracked 
| 882|0x00000000b7200000, 0x00000000b7200000, 0x00000000b7300000|  0%| F|  |TAMS 0x00000000b7200000| PB 0x00000000b7200000| Untracked 
| 883|0x00000000b7300000, 0x00000000b7300000, 0x00000000b7400000|  0%| F|  |TAMS 0x00000000b7300000| PB 0x00000000b7300000| Untracked 
| 884|0x00000000b7400000, 0x00000000b7400000, 0x00000000b7500000|  0%| F|  |TAMS 0x00000000b7400000| PB 0x00000000b7400000| Untracked 
| 885|0x00000000b7500000, 0x00000000b7500000, 0x00000000b7600000|  0%| F|  |TAMS 0x00000000b7500000| PB 0x00000000b7500000| Untracked 
| 886|0x00000000b7600000, 0x00000000b7600000, 0x00000000b7700000|  0%| F|  |TAMS 0x00000000b7600000| PB 0x00000000b7600000| Untracked 
| 887|0x00000000b7700000, 0x00000000b7700000, 0x00000000b7800000|  0%| F|  |TAMS 0x00000000b7700000| PB 0x00000000b7700000| Untracked 
| 888|0x00000000b7800000, 0x00000000b7800000, 0x00000000b7900000|  0%| F|  |TAMS 0x00000000b7800000| PB 0x00000000b7800000| Untracked 
| 889|0x00000000b7900000, 0x00000000b7900000, 0x00000000b7a00000|  0%| F|  |TAMS 0x00000000b7900000| PB 0x00000000b7900000| Untracked 
| 890|0x00000000b7a00000, 0x00000000b7a00000, 0x00000000b7b00000|  0%| F|  |TAMS 0x00000000b7a00000| PB 0x00000000b7a00000| Untracked 
| 891|0x00000000b7b00000, 0x00000000b7b00000, 0x00000000b7c00000|  0%| F|  |TAMS 0x00000000b7b00000| PB 0x00000000b7b00000| Untracked 
| 892|0x00000000b7c00000, 0x00000000b7c00000, 0x00000000b7d00000|  0%| F|  |TAMS 0x00000000b7c00000| PB 0x00000000b7c00000| Untracked 
| 893|0x00000000b7d00000, 0x00000000b7d00000, 0x00000000b7e00000|  0%| F|  |TAMS 0x00000000b7d00000| PB 0x00000000b7d00000| Untracked 
| 894|0x00000000b7e00000, 0x00000000b7e00000, 0x00000000b7f00000|  0%| F|  |TAMS 0x00000000b7e00000| PB 0x00000000b7e00000| Untracked 
| 895|0x00000000b7f00000, 0x00000000b7f00000, 0x00000000b8000000|  0%| F|  |TAMS 0x00000000b7f00000| PB 0x00000000b7f00000| Untracked 
| 896|0x00000000b8000000, 0x00000000b8000000, 0x00000000b8100000|  0%| F|  |TAMS 0x00000000b8000000| PB 0x00000000b8000000| Untracked 
| 897|0x00000000b8100000, 0x00000000b8100000, 0x00000000b8200000|  0%| F|  |TAMS 0x00000000b8100000| PB 0x00000000b8100000| Untracked 
| 898|0x00000000b8200000, 0x00000000b8200000, 0x00000000b8300000|  0%| F|  |TAMS 0x00000000b8200000| PB 0x00000000b8200000| Untracked 
| 899|0x00000000b8300000, 0x00000000b8300000, 0x00000000b8400000|  0%| F|  |TAMS 0x00000000b8300000| PB 0x00000000b8300000| Untracked 
| 900|0x00000000b8400000, 0x00000000b8400000, 0x00000000b8500000|  0%| F|  |TAMS 0x00000000b8400000| PB 0x00000000b8400000| Untracked 
| 901|0x00000000b8500000, 0x00000000b8500000, 0x00000000b8600000|  0%| F|  |TAMS 0x00000000b8500000| PB 0x00000000b8500000| Untracked 
| 902|0x00000000b8600000, 0x00000000b8600000, 0x00000000b8700000|  0%| F|  |TAMS 0x00000000b8600000| PB 0x00000000b8600000| Untracked 
| 903|0x00000000b8700000, 0x00000000b8700000, 0x00000000b8800000|  0%| F|  |TAMS 0x00000000b8700000| PB 0x00000000b8700000| Untracked 
| 904|0x00000000b8800000, 0x00000000b8800000, 0x00000000b8900000|  0%| F|  |TAMS 0x00000000b8800000| PB 0x00000000b8800000| Untracked 
| 905|0x00000000b8900000, 0x00000000b8900000, 0x00000000b8a00000|  0%| F|  |TAMS 0x00000000b8900000| PB 0x00000000b8900000| Untracked 
| 906|0x00000000b8a00000, 0x00000000b8a00000, 0x00000000b8b00000|  0%| F|  |TAMS 0x00000000b8a00000| PB 0x00000000b8a00000| Untracked 
| 907|0x00000000b8b00000, 0x00000000b8b00000, 0x00000000b8c00000|  0%| F|  |TAMS 0x00000000b8b00000| PB 0x00000000b8b00000| Untracked 
| 908|0x00000000b8c00000, 0x00000000b8c00000, 0x00000000b8d00000|  0%| F|  |TAMS 0x00000000b8c00000| PB 0x00000000b8c00000| Untracked 
| 909|0x00000000b8d00000, 0x00000000b8d00000, 0x00000000b8e00000|  0%| F|  |TAMS 0x00000000b8d00000| PB 0x00000000b8d00000| Untracked 
| 910|0x00000000b8e00000, 0x00000000b8e00000, 0x00000000b8f00000|  0%| F|  |TAMS 0x00000000b8e00000| PB 0x00000000b8e00000| Untracked 
| 911|0x00000000b8f00000, 0x00000000b8f00000, 0x00000000b9000000|  0%| F|  |TAMS 0x00000000b8f00000| PB 0x00000000b8f00000| Untracked 
| 912|0x00000000b9000000, 0x00000000b9000000, 0x00000000b9100000|  0%| F|  |TAMS 0x00000000b9000000| PB 0x00000000b9000000| Untracked 
| 913|0x00000000b9100000, 0x00000000b9100000, 0x00000000b9200000|  0%| F|  |TAMS 0x00000000b9100000| PB 0x00000000b9100000| Untracked 
| 914|0x00000000b9200000, 0x00000000b9200000, 0x00000000b9300000|  0%| F|  |TAMS 0x00000000b9200000| PB 0x00000000b9200000| Untracked 
| 915|0x00000000b9300000, 0x00000000b9300000, 0x00000000b9400000|  0%| F|  |TAMS 0x00000000b9300000| PB 0x00000000b9300000| Untracked 
| 916|0x00000000b9400000, 0x00000000b9400000, 0x00000000b9500000|  0%| F|  |TAMS 0x00000000b9400000| PB 0x00000000b9400000| Untracked 
|2039|0x00000000ff700000, 0x00000000ff700000, 0x00000000ff800000|  0%| F|  |TAMS 0x00000000ff700000| PB 0x00000000ff700000| Untracked 
|2040|0x00000000ff800000, 0x00000000ff900000, 0x00000000ff900000|100%| O|  |TAMS 0x00000000ff900000| PB 0x00000000ff800000| Updating 
|2041|0x00000000ff900000, 0x00000000ffa00000, 0x00000000ffa00000|100%| O|  |TAMS 0x00000000ffa00000| PB 0x00000000ff900000| Untracked 
|2042|0x00000000ffa00000, 0x00000000ffb00000, 0x00000000ffb00000|100%| O|  |TAMS 0x00000000ffb00000| PB 0x00000000ffa00000| Untracked 
|2043|0x00000000ffb00000, 0x00000000ffc00000, 0x00000000ffc00000|100%| O|  |TAMS 0x00000000ffc00000| PB 0x00000000ffb00000| Untracked 
|2044|0x00000000ffc00000, 0x00000000ffd00000, 0x00000000ffd00000|100%| O|  |TAMS 0x00000000ffd00000| PB 0x00000000ffc00000| Untracked 
|2045|0x00000000ffd00000, 0x00000000ffe00000, 0x00000000ffe00000|100%| O|  |TAMS 0x00000000ffe00000| PB 0x00000000ffd00000| Untracked 
|2046|0x00000000ffe00000, 0x00000000fff00000, 0x00000000fff00000|100%| O|  |TAMS 0x00000000fff00000| PB 0x00000000ffe00000| Updating 
|2047|0x00000000fff00000, 0x0000000100000000, 0x0000000100000000|100%| O|  |TAMS 0x0000000100000000| PB 0x00000000fff00000| Untracked 

Card table byte_map: [0x000002d2e7030000,0x000002d2e7430000] _byte_map_base: 0x000002d2e6c30000

Marking Bits: (CMBitMap*) 0x000002d2d42a3c90
 Bits: [0x000002d2e7430000, 0x000002d2e9430000)

Polling page: 0x000002d2d3a10000

Metaspace:

Usage:
  Non-class:    118.66 MB used.
      Class:     19.91 MB used.
       Both:    138.58 MB used.

Virtual space:
  Non-class space:      128.00 MB reserved,     119.94 MB ( 94%) committed,  2 nodes.
      Class space:        1.00 GB reserved,      21.06 MB (  2%) committed,  1 nodes.
             Both:        1.12 GB reserved,     141.00 MB ( 12%) committed. 

Chunk freelists:
   Non-Class:  7.98 MB
       Class:  10.91 MB
        Both:  18.90 MB

MaxMetaspaceSize: unlimited
CompressedClassSpaceSize: 1.00 GB
Initial GC threshold: 21.00 MB
Current GC threshold: 234.81 MB
CDS: off
 - commit_granule_bytes: 65536.
 - commit_granule_words: 8192.
 - virtual_space_node_default_size: 8388608.
 - enlarge_chunks_in_place: 1.
 - use_allocation_guard: 0.


Internal statistics:

num_allocs_failed_limit: 9.
num_arena_births: 4848.
num_arena_deaths: 40.
num_vsnodes_births: 3.
num_vsnodes_deaths: 0.
num_space_committed: 2256.
num_space_uncommitted: 0.
num_chunks_returned_to_freelist: 66.
num_chunks_taken_from_freelist: 10983.
num_chunk_merges: 25.
num_chunk_splits: 7214.
num_chunks_enlarged: 4662.
num_inconsistent_stats: 0.

CodeHeap 'non-profiled nmethods': size=119168Kb used=18527Kb max_used=18527Kb free=100640Kb
 bounds [0x000002d2def50000, 0x000002d2e0170000, 0x000002d2e63b0000]
CodeHeap 'profiled nmethods': size=119104Kb used=32326Kb max_used=36553Kb free=86777Kb
 bounds [0x000002d2d73b0000, 0x000002d2d9840000, 0x000002d2de800000]
CodeHeap 'non-nmethods': size=7488Kb used=3772Kb max_used=3877Kb free=3715Kb
 bounds [0x000002d2de800000, 0x000002d2debe0000, 0x000002d2def50000]
CodeCache: size=245760Kb, used=54625Kb, max_used=58957Kb, free=191132Kb
 total_blobs=18248, nmethods=17295, adapters=851, full_count=0
Compilation: enabled, stopped_count=0, restarted_count=0

Compilation events (20 events):
Event: 18.582 Thread 0x000002d2ec657d20 24641       4       com.android.tools.r8.graph.ic::a (28 bytes)
Event: 18.583 Thread 0x000002d2f6ab61f0 nmethod 24637 0x000002d2e015d110 code [0x000002d2e015d2c0, 0x000002d2e015d7b8]
Event: 18.583 Thread 0x000002d2f6ab61f0 24642       4       com.android.tools.r8.internal.zg::a (29 bytes)
Event: 18.583 Thread 0x000002d2f6ab61f0 nmethod 24642 0x000002d2e015da10 code [0x000002d2e015dba0, 0x000002d2e015dc78]
Event: 18.584 Thread 0x000002d2f6ab61f0 24647       4       com.android.tools.r8.graph.h0::a (107 bytes)
Event: 18.597 Thread 0x000002d2ec67de90 24677       2       com.android.tools.r8.internal.eo1::B2 (4 bytes)
Event: 18.597 Thread 0x000002d2ec67de90 nmethod 24677 0x000002d2d7c88190 code [0x000002d2d7c88320, 0x000002d2d7c88430]
Event: 18.604 Thread 0x000002d2f81d8820 nmethod 24556 0x000002d2e015dd90 code [0x000002d2e015e400, 0x000002d2e0161898]
Event: 18.604 Thread 0x000002d2f81d8820 24676 % !   4       com.android.tools.r8.internal.e61::a @ 949 (4236 bytes)
Event: 18.611 Thread 0x000002d2ec67de90 24682       3       com.android.tools.r8.internal.m5::a (11 bytes)
Event: 18.611 Thread 0x000002d2ec67de90 nmethod 24682 0x000002d2d7d42f10 code [0x000002d2d7d430c0, 0x000002d2d7d432c0]
Event: 18.618 Thread 0x000002d2ec67e560 24683       3       com.android.tools.r8.internal.qp0::a (129 bytes)
Event: 18.618 Thread 0x000002d2ec67e560 nmethod 24683 0x000002d2d7770c10 code [0x000002d2d7770e20, 0x000002d2d7771370]
Event: 18.622 Thread 0x000002d2ec67d7c0 24684       2       com.android.tools.r8.internal.sh0::a (17 bytes)
Event: 18.622 Thread 0x000002d2ec67d7c0 nmethod 24684 0x000002d2d780c990 code [0x000002d2d780cb40, 0x000002d2d780ccc0]
Event: 18.625 Thread 0x000002d2ec67ca20 24685       2       com.android.tools.r8.internal.sh0$$Lambda/0x0000000101508980::a (5 bytes)
Event: 18.625 Thread 0x000002d2ec67ca20 nmethod 24685 0x000002d2d80a1090 code [0x000002d2d80a1260, 0x000002d2d80a1420]
Event: 18.627 Thread 0x000002d2ec67bc80 nmethod 24649 0x000002d2e0164b90 code [0x000002d2e0164ee0, 0x000002d2e0166e88]
Event: 18.628 Thread 0x000002d2ec67bc80 24675       4       com.android.tools.r8.internal.us2::get (104 bytes)
Event: 18.640 Thread 0x000002d2ec67d7c0 24688       3       java.util.ArrayDeque::bulkRemoveModified (312 bytes)

GC Heap History (20 events):
Event: 16.970 GC heap after
{Heap after GC invocations=78 (full 0):
 garbage-first heap   total 887808K, used 484813K [0x0000000080000000, 0x0000000100000000)
  region size 1024K, 23 young (23552K), 23 survivors (23552K)
 Metaspace       used 141583K, committed 144000K, reserved 1179648K
  class space    used 20357K, committed 21504K, reserved 1048576K
}
Event: 17.153 GC heap before
{Heap before GC invocations=78 (full 0):
 garbage-first heap   total 887808K, used 840141K [0x0000000080000000, 0x0000000100000000)
  region size 1024K, 371 young (379904K), 23 survivors (23552K)
 Metaspace       used 141589K, committed 144000K, reserved 1179648K
  class space    used 20357K, committed 21504K, reserved 1048576K
}
Event: 17.161 GC heap after
{Heap after GC invocations=79 (full 0):
 garbage-first heap   total 887808K, used 486512K [0x0000000080000000, 0x0000000100000000)
  region size 1024K, 23 young (23552K), 23 survivors (23552K)
 Metaspace       used 141589K, committed 144000K, reserved 1179648K
  class space    used 20357K, committed 21504K, reserved 1048576K
}
Event: 17.306 GC heap before
{Heap before GC invocations=80 (full 0):
 garbage-first heap   total 887808K, used 841840K [0x0000000080000000, 0x0000000100000000)
  region size 1024K, 370 young (378880K), 23 survivors (23552K)
 Metaspace       used 141611K, committed 144064K, reserved 1179648K
  class space    used 20357K, committed 21504K, reserved 1048576K
}
Event: 17.313 GC heap after
{Heap after GC invocations=81 (full 0):
 garbage-first heap   total 887808K, used 487494K [0x0000000080000000, 0x0000000100000000)
  region size 1024K, 23 young (23552K), 23 survivors (23552K)
 Metaspace       used 141611K, committed 144064K, reserved 1179648K
  class space    used 20357K, committed 21504K, reserved 1048576K
}
Event: 17.412 GC heap before
{Heap before GC invocations=81 (full 0):
 garbage-first heap   total 887808K, used 841798K [0x0000000080000000, 0x0000000100000000)
  region size 1024K, 369 young (377856K), 23 survivors (23552K)
 Metaspace       used 141613K, committed 144064K, reserved 1179648K
  class space    used 20357K, committed 21504K, reserved 1048576K
}
Event: 17.420 GC heap after
{Heap after GC invocations=82 (full 0):
 garbage-first heap   total 948224K, used 478483K [0x0000000080000000, 0x0000000100000000)
  region size 1024K, 23 young (23552K), 23 survivors (23552K)
 Metaspace       used 141613K, committed 144064K, reserved 1179648K
  class space    used 20357K, committed 21504K, reserved 1048576K
}
Event: 17.544 GC heap before
{Heap before GC invocations=82 (full 0):
 garbage-first heap   total 948224K, used 898323K [0x0000000080000000, 0x0000000100000000)
  region size 1024K, 434 young (444416K), 23 survivors (23552K)
 Metaspace       used 141724K, committed 144192K, reserved 1179648K
  class space    used 20374K, committed 21568K, reserved 1048576K
}
Event: 17.551 GC heap after
{Heap after GC invocations=83 (full 0):
 garbage-first heap   total 948224K, used 480559K [0x0000000080000000, 0x0000000100000000)
  region size 1024K, 24 young (24576K), 24 survivors (24576K)
 Metaspace       used 141724K, committed 144192K, reserved 1179648K
  class space    used 20374K, committed 21568K, reserved 1048576K
}
Event: 17.784 GC heap before
{Heap before GC invocations=83 (full 0):
 garbage-first heap   total 948224K, used 901423K [0x0000000080000000, 0x0000000100000000)
  region size 1024K, 433 young (443392K), 24 survivors (24576K)
 Metaspace       used 141805K, committed 144256K, reserved 1179648K
  class space    used 20382K, committed 21568K, reserved 1048576K
}
Event: 17.793 GC heap after
{Heap after GC invocations=84 (full 0):
 garbage-first heap   total 948224K, used 489301K [0x0000000080000000, 0x0000000100000000)
  region size 1024K, 29 young (29696K), 29 survivors (29696K)
 Metaspace       used 141805K, committed 144256K, reserved 1179648K
  class space    used 20382K, committed 21568K, reserved 1048576K
}
Event: 17.975 GC heap before
{Heap before GC invocations=85 (full 0):
 garbage-first heap   total 948224K, used 901973K [0x0000000080000000, 0x0000000100000000)
  region size 1024K, 429 young (439296K), 29 survivors (29696K)
 Metaspace       used 141833K, committed 144320K, reserved 1179648K
  class space    used 20382K, committed 21568K, reserved 1048576K
}
Event: 17.984 GC heap after
{Heap after GC invocations=86 (full 0):
 garbage-first heap   total 948224K, used 486036K [0x0000000080000000, 0x0000000100000000)
  region size 1024K, 26 young (26624K), 26 survivors (26624K)
 Metaspace       used 141833K, committed 144320K, reserved 1179648K
  class space    used 20382K, committed 21568K, reserved 1048576K
}
Event: 18.113 GC heap before
{Heap before GC invocations=86 (full 0):
 garbage-first heap   total 948224K, used 903828K [0x0000000080000000, 0x0000000100000000)
  region size 1024K, 430 young (440320K), 26 survivors (26624K)
 Metaspace       used 141860K, committed 144320K, reserved 1179648K
  class space    used 20387K, committed 21568K, reserved 1048576K
}
Event: 18.123 GC heap after
{Heap after GC invocations=87 (full 0):
 garbage-first heap   total 948224K, used 471856K [0x0000000080000000, 0x0000000100000000)
  region size 1024K, 26 young (26624K), 26 survivors (26624K)
 Metaspace       used 141860K, committed 144320K, reserved 1179648K
  class space    used 20387K, committed 21568K, reserved 1048576K
}
Event: 18.246 GC heap before
{Heap before GC invocations=87 (full 0):
 garbage-first heap   total 948224K, used 898864K [0x0000000080000000, 0x0000000100000000)
  region size 1024K, 444 young (454656K), 26 survivors (26624K)
 Metaspace       used 141869K, committed 144320K, reserved 1179648K
  class space    used 20387K, committed 21568K, reserved 1048576K
}
Event: 18.254 GC heap after
{Heap after GC invocations=88 (full 0):
 garbage-first heap   total 948224K, used 472789K [0x0000000080000000, 0x0000000100000000)
  region size 1024K, 25 young (25600K), 25 survivors (25600K)
 Metaspace       used 141869K, committed 144320K, reserved 1179648K
  class space    used 20387K, committed 21568K, reserved 1048576K
}
Event: 18.453 GC heap before
{Heap before GC invocations=88 (full 0):
 garbage-first heap   total 948224K, used 899797K [0x0000000080000000, 0x0000000100000000)
  region size 1024K, 442 young (452608K), 25 survivors (25600K)
 Metaspace       used 141871K, committed 144320K, reserved 1179648K
  class space    used 20387K, committed 21568K, reserved 1048576K
}
Event: 18.461 GC heap after
{Heap after GC invocations=89 (full 0):
 garbage-first heap   total 948224K, used 473832K [0x0000000080000000, 0x0000000100000000)
  region size 1024K, 25 young (25600K), 25 survivors (25600K)
 Metaspace       used 141871K, committed 144320K, reserved 1179648K
  class space    used 20387K, committed 21568K, reserved 1048576K
}
Event: 18.641 GC heap before
{Heap before GC invocations=89 (full 0):
 garbage-first heap   total 948224K, used 897768K [0x0000000080000000, 0x0000000100000000)
  region size 1024K, 440 young (450560K), 25 survivors (25600K)
 Metaspace       used 141902K, committed 144384K, reserved 1179648K
  class space    used 20390K, committed 21568K, reserved 1048576K
}

Dll operation events (3 events):
Event: 0.005 Loaded shared library C:\Program Files\Android\Android Studio\jbr\bin\java.dll
Event: 0.008 Loaded shared library C:\Program Files\Android\Android Studio\jbr\bin\zip.dll
Event: 0.419 Loaded shared library C:\Program Files\Android\Android Studio\jbr\bin\verify.dll

Deoptimization events (20 events):
Event: 18.541 Thread 0x000002d2f7ec9140 Uncommon trap: trap_request=0xffffffd6 fr.pc=0x000002d2e0147db4 relative=0x0000000000000194
Event: 18.541 Thread 0x000002d2f7ec9140 Uncommon trap: reason=array_check action=maybe_recompile pc=0x000002d2e0147db4 method=com.android.tools.r8.internal.b81.a(I[Ljava/lang/Object;)I @ 32 c2
Event: 18.541 Thread 0x000002d2f7ec9140 DEOPT PACKING pc=0x000002d2e0147db4 sp=0x000000d45c2f9aa0
Event: 18.541 Thread 0x000002d2f7ec9140 DEOPT UNPACKING pc=0x000002d2de8543a2 sp=0x000000d45c2f9a30 mode 2
Event: 18.544 Thread 0x000002d2f7023aa0 Uncommon trap: trap_request=0xffffffd6 fr.pc=0x000002d2e0147db4 relative=0x0000000000000194
Event: 18.544 Thread 0x000002d2f7023aa0 Uncommon trap: reason=array_check action=maybe_recompile pc=0x000002d2e0147db4 method=com.android.tools.r8.internal.b81.a(I[Ljava/lang/Object;)I @ 32 c2
Event: 18.544 Thread 0x000002d2f7023aa0 DEOPT PACKING pc=0x000002d2e0147db4 sp=0x000000d45c9f9d50
Event: 18.544 Thread 0x000002d2f7023aa0 DEOPT UNPACKING pc=0x000002d2de8543a2 sp=0x000000d45c9f9ce0 mode 2
Event: 18.546 Thread 0x000002d2f7022060 Uncommon trap: trap_request=0xffffffd6 fr.pc=0x000002d2e0147db4 relative=0x0000000000000194
Event: 18.546 Thread 0x000002d2f7022060 Uncommon trap: reason=array_check action=maybe_recompile pc=0x000002d2e0147db4 method=com.android.tools.r8.internal.b81.a(I[Ljava/lang/Object;)I @ 32 c2
Event: 18.546 Thread 0x000002d2f7022060 DEOPT PACKING pc=0x000002d2e0147db4 sp=0x000000d45c3fa070
Event: 18.546 Thread 0x000002d2f7022060 DEOPT UNPACKING pc=0x000002d2de8543a2 sp=0x000000d45c3fa000 mode 2
Event: 18.574 Thread 0x000002d2f7ec9140 DEOPT PACKING pc=0x000002d2d8d5e75f sp=0x000000d45c2f9240
Event: 18.574 Thread 0x000002d2f7ec9140 DEOPT UNPACKING pc=0x000002d2de854b42 sp=0x000000d45c2f8798 mode 0
Event: 18.594 Thread 0x000002d2f7ecb210 DEOPT PACKING pc=0x000002d2d9375da5 sp=0x000000d45bff9e40
Event: 18.594 Thread 0x000002d2f7ecb210 DEOPT UNPACKING pc=0x000002d2de854b42 sp=0x000000d45bff96a0 mode 0
Event: 18.611 Thread 0x000002d2f7ecb210 DEOPT PACKING pc=0x000002d2d8d2d323 sp=0x000000d45bffa170
Event: 18.611 Thread 0x000002d2f7ecb210 DEOPT UNPACKING pc=0x000002d2de854b42 sp=0x000000d45bff97a8 mode 0
Event: 18.636 Thread 0x000002d2f7023aa0 DEOPT PACKING pc=0x000002d2d9375da5 sp=0x000000d45c9f9d50
Event: 18.636 Thread 0x000002d2f7023aa0 DEOPT UNPACKING pc=0x000002d2de854b42 sp=0x000000d45c9f95b0 mode 0

Classes loaded (20 events):
Event: 11.125 Loading class java/util/IdentityHashMap$ValueIterator
Event: 11.126 Loading class java/util/IdentityHashMap$ValueIterator done
Event: 11.191 Loading class java/util/concurrent/ConcurrentHashMap$TreeNode
Event: 11.192 Loading class java/util/concurrent/ConcurrentHashMap$TreeNode done
Event: 11.192 Loading class java/util/concurrent/ConcurrentHashMap$TreeBin
Event: 11.192 Loading class java/util/concurrent/ConcurrentHashMap$TreeBin done
Event: 11.294 Loading class java/util/concurrent/LinkedBlockingDeque$Itr
Event: 11.294 Loading class java/util/concurrent/LinkedBlockingDeque$AbstractItr
Event: 11.295 Loading class java/util/concurrent/LinkedBlockingDeque$AbstractItr done
Event: 11.296 Loading class java/util/concurrent/LinkedBlockingDeque$Itr done
Event: 13.410 Loading class java/nio/ShortBuffer
Event: 13.411 Loading class java/nio/ShortBuffer done
Event: 13.487 Loading class java/nio/ByteBufferAsShortBufferL
Event: 13.487 Loading class java/nio/ByteBufferAsShortBufferL done
Event: 13.547 Loading class java/util/zip/Adler32
Event: 13.547 Loading class java/util/zip/Adler32 done
Event: 13.559 Loading class java/nio/file/Files$2
Event: 13.559 Loading class java/nio/file/Files$2 done
Event: 13.564 Loading class sun/nio/ch/ChannelOutputStream
Event: 13.564 Loading class sun/nio/ch/ChannelOutputStream done

Classes unloaded (20 events):
Event: 11.050 Thread 0x000002d2ec4de4e0 Unloading class 0x00000001012d1000 'java/lang/invoke/LambdaForm$DMH+0x00000001012d1000'
Event: 11.050 Thread 0x000002d2ec4de4e0 Unloading class 0x00000001012d0c00 'java/lang/invoke/LambdaForm$DMH+0x00000001012d0c00'
Event: 11.050 Thread 0x000002d2ec4de4e0 Unloading class 0x00000001012d0800 'java/lang/invoke/LambdaForm$DMH+0x00000001012d0800'
Event: 11.050 Thread 0x000002d2ec4de4e0 Unloading class 0x00000001012d0000 'java/lang/invoke/LambdaForm$DMH+0x00000001012d0000'
Event: 11.050 Thread 0x000002d2ec4de4e0 Unloading class 0x000000010122d400 'java/lang/invoke/LambdaForm$DMH+0x000000010122d400'
Event: 11.050 Thread 0x000002d2ec4de4e0 Unloading class 0x000000010122d000 'java/lang/invoke/LambdaForm$DMH+0x000000010122d000'
Event: 11.050 Thread 0x000002d2ec4de4e0 Unloading class 0x000000010122cc00 'java/lang/invoke/LambdaForm$DMH+0x000000010122cc00'
Event: 11.050 Thread 0x000002d2ec4de4e0 Unloading class 0x000000010122c800 'java/lang/invoke/LambdaForm$DMH+0x000000010122c800'
Event: 11.050 Thread 0x000002d2ec4de4e0 Unloading class 0x000000010122c400 'java/lang/invoke/LambdaForm$DMH+0x000000010122c400'
Event: 12.026 Thread 0x000002d2ec4de4e0 Unloading class 0x0000000101449400 'java/lang/invoke/LambdaForm$DMH+0x0000000101449400'
Event: 12.026 Thread 0x000002d2ec4de4e0 Unloading class 0x0000000101449000 'java/lang/invoke/LambdaForm$DMH+0x0000000101449000'
Event: 12.026 Thread 0x000002d2ec4de4e0 Unloading class 0x0000000101448c00 'java/lang/invoke/LambdaForm$DMH+0x0000000101448c00'
Event: 12.026 Thread 0x000002d2ec4de4e0 Unloading class 0x000000010143c800 'java/lang/invoke/LambdaForm$DMH+0x000000010143c800'
Event: 12.026 Thread 0x000002d2ec4de4e0 Unloading class 0x000000010143c400 'java/lang/invoke/LambdaForm$DMH+0x000000010143c400'
Event: 12.026 Thread 0x000002d2ec4de4e0 Unloading class 0x0000000101388c00 'java/lang/invoke/LambdaForm$DMH+0x0000000101388c00'
Event: 12.026 Thread 0x000002d2ec4de4e0 Unloading class 0x0000000101389400 'java/lang/invoke/LambdaForm$DMH+0x0000000101389400'
Event: 12.026 Thread 0x000002d2ec4de4e0 Unloading class 0x0000000101388400 'java/lang/invoke/LambdaForm$DMH+0x0000000101388400'
Event: 12.026 Thread 0x000002d2ec4de4e0 Unloading class 0x0000000101389000 'java/lang/invoke/LambdaForm$DMH+0x0000000101389000'
Event: 12.026 Thread 0x000002d2ec4de4e0 Unloading class 0x0000000101388000 'java/lang/invoke/LambdaForm$DMH+0x0000000101388000'
Event: 12.026 Thread 0x000002d2ec4de4e0 Unloading class 0x0000000101389800 'java/lang/invoke/LambdaForm$DMH+0x0000000101389800'

Classes redefined (0 events):
No events

Internal exceptions (20 events):
Event: 15.334 Thread 0x000002d2f7026890 Exception <a 'java/lang/NoSuchMethodError'{0x00000000a05250c8}: 'void java.lang.invoke.DirectMethodHandle$Holder.invokeSpecial(java.lang.Object, java.lang.Object, java.lang.Object, java.lang.Object, java.lang.Object, java.lang.Object, java.lang.Object, java.lang.Object, java.lang.Object)'> (0x00000000a05250c8) 
thrown [s\src\hotspot\share\interpreter\linkResolver.cpp, line 784]
Event: 15.335 Thread 0x000002d2f7026890 Exception <a 'sun/nio/fs/WindowsException'{0x00000000a0539d20}> (0x00000000a0539d20) 
thrown [s\src\hotspot\share\prims\jni.cpp, line 537]
Event: 15.373 Thread 0x000002d2f7026890 Exception <a 'sun/nio/fs/WindowsException'{0x00000000ff71d370}> (0x00000000ff71d370) 
thrown [s\src\hotspot\share\prims\jni.cpp, line 537]
Event: 17.516 Thread 0x000002d2f7027c40 Exception <a 'sun/nio/fs/WindowsException'{0x00000000a5fc4e00}> (0x00000000a5fc4e00) 
thrown [s\src\hotspot\share\prims\jni.cpp, line 537]
Event: 17.518 Thread 0x000002d2f7027c40 Exception <a 'java/lang/NoSuchMethodError'{0x00000000a5fd4148}: 'void java.lang.invoke.DirectMethodHandle$Holder.invokeSpecial(java.lang.Object, java.lang.Object, java.lang.Object, java.lang.Object, java.lang.Object, java.lang.Object, java.lang.Object, java.lang.Object, java.lang.Object, java.lang.Object)'> (0x00000000a5fd4148) 
thrown [s\src\hotspot\share\interpreter\linkResolver.cpp, line 784]
Event: 17.530 Thread 0x000002d2f7027c40 Exception <a 'java/lang/NoSuchMethodError'{0x00000000a45f3c70}: 'java.lang.Object java.lang.invoke.DirectMethodHandle$Holder.newInvokeSpecial(java.lang.Object, int, java.lang.Object, java.lang.Object, java.lang.Object)'> (0x00000000a45f3c70) 
thrown [s\src\hotspot\share\interpreter\linkResolver.cpp, line 784]
Event: 17.530 Thread 0x000002d2f7027c40 Exception <a 'java/lang/NoSuchMethodError'{0x00000000a45f85e8}: 'java.lang.Object java.lang.invoke.DirectMethodHandle$Holder.invokeSpecial(java.lang.Object, java.lang.Object, int, java.lang.Object, java.lang.Object, java.lang.Object)'> (0x00000000a45f85e8) 
thrown [s\src\hotspot\share\interpreter\linkResolver.cpp, line 784]
Event: 17.530 Thread 0x000002d2f7027c40 Exception <a 'java/lang/NoSuchMethodError'{0x00000000a45fc820}: 'java.lang.Object java.lang.invoke.Invokers$Holder.linkToTargetMethod(int, java.lang.Object, java.lang.Object, java.lang.Object, java.lang.Object)'> (0x00000000a45fc820) 
thrown [s\src\hotspot\share\interpreter\linkResolver.cpp, line 784]
Event: 17.846 Thread 0x000002d2f7022d80 Exception <a 'sun/nio/fs/WindowsException'{0x00000000b48a7940}> (0x00000000b48a7940) 
thrown [s\src\hotspot\share\prims\jni.cpp, line 537]
Event: 17.860 Thread 0x000002d2f7022d80 Exception <a 'sun/nio/fs/WindowsException'{0x00000000b48bffe0}> (0x00000000b48bffe0) 
thrown [s\src\hotspot\share\prims\jni.cpp, line 537]
Event: 18.093 Thread 0x000002d2f7027c40 Exception <a 'sun/nio/fs/WindowsException'{0x00000000a3cbdb60}> (0x00000000a3cbdb60) 
thrown [s\src\hotspot\share\prims\jni.cpp, line 537]
Event: 18.096 Thread 0x000002d2f7027c40 Exception <a 'sun/nio/fs/WindowsException'{0x00000000a3cc3808}> (0x00000000a3cc3808) 
thrown [s\src\hotspot\share\prims\jni.cpp, line 537]
Event: 18.098 Thread 0x000002d2f7027c40 Exception <a 'sun/nio/fs/WindowsException'{0x00000000a3ccefe8}> (0x00000000a3ccefe8) 
thrown [s\src\hotspot\share\prims\jni.cpp, line 537]
Event: 18.099 Thread 0x000002d2f7027c40 Exception <a 'sun/nio/fs/WindowsException'{0x00000000a3cd7498}> (0x00000000a3cd7498) 
thrown [s\src\hotspot\share\prims\jni.cpp, line 537]
Event: 18.101 Thread 0x000002d2f7027c40 Exception <a 'sun/nio/fs/WindowsException'{0x00000000a3ce0948}> (0x00000000a3ce0948) 
thrown [s\src\hotspot\share\prims\jni.cpp, line 537]
Event: 18.101 Thread 0x000002d2f7027c40 Exception <a 'sun/nio/fs/WindowsException'{0x00000000a3cea478}> (0x00000000a3cea478) 
thrown [s\src\hotspot\share\prims\jni.cpp, line 537]
Event: 18.103 Thread 0x000002d2f7027c40 Exception <a 'sun/nio/fs/WindowsException'{0x00000000a3cf6fc8}> (0x00000000a3cf6fc8) 
thrown [s\src\hotspot\share\prims\jni.cpp, line 537]
Event: 18.103 Thread 0x000002d2f7027c40 Exception <a 'sun/nio/fs/WindowsException'{0x00000000a2300e38}> (0x00000000a2300e38) 
thrown [s\src\hotspot\share\prims\jni.cpp, line 537]
Event: 18.146 Thread 0x000002d2f7027c40 Exception <a 'sun/nio/fs/WindowsException'{0x00000000b5f172e0}> (0x00000000b5f172e0) 
thrown [s\src\hotspot\share\prims\jni.cpp, line 537]
Event: 18.520 Thread 0x000002d2f7ec9140 Exception <a 'sun/nio/fs/WindowsException'{0x00000000b34c7188}> (0x00000000b34c7188) 
thrown [s\src\hotspot\share\prims\jni.cpp, line 537]

ZGC Phase Switch (0 events):
No events

VM Operations (20 events):
Event: 17.709 Executing VM operation: ICBufferFull done
Event: 17.767 Executing VM operation: G1PauseRemark
Event: 17.773 Executing VM operation: G1PauseRemark done
Event: 17.783 Executing VM operation: G1CollectForAllocation (G1 Evacuation Pause)
Event: 17.793 Executing VM operation: G1CollectForAllocation (G1 Evacuation Pause) done
Event: 17.912 Executing VM operation: ICBufferFull
Event: 17.913 Executing VM operation: ICBufferFull done
Event: 17.966 Executing VM operation: G1PauseCleanup
Event: 17.967 Executing VM operation: G1PauseCleanup done
Event: 17.975 Executing VM operation: G1CollectForAllocation (G1 Evacuation Pause)
Event: 17.984 Executing VM operation: G1CollectForAllocation (G1 Evacuation Pause) done
Event: 18.113 Executing VM operation: G1CollectForAllocation (G1 Evacuation Pause)
Event: 18.123 Executing VM operation: G1CollectForAllocation (G1 Evacuation Pause) done
Event: 18.246 Executing VM operation: G1CollectForAllocation (G1 Evacuation Pause)
Event: 18.254 Executing VM operation: G1CollectForAllocation (G1 Evacuation Pause) done
Event: 18.453 Executing VM operation: G1CollectForAllocation (G1 Evacuation Pause)
Event: 18.461 Executing VM operation: G1CollectForAllocation (G1 Evacuation Pause) done
Event: 18.476 Executing VM operation: G1PauseRemark
Event: 18.483 Executing VM operation: G1PauseRemark done
Event: 18.640 Executing VM operation: G1CollectForAllocation (G1 Evacuation Pause)

Memory protections (0 events):
No events

Nmethod flushes (20 events):
Event: 18.481 Thread 0x000002d2ec4de4e0 flushing  nmethod 0x000002d2d8fcf710
Event: 18.481 Thread 0x000002d2ec4de4e0 flushing  nmethod 0x000002d2d8fd0010
Event: 18.481 Thread 0x000002d2ec4de4e0 flushing  nmethod 0x000002d2d8fd0590
Event: 18.481 Thread 0x000002d2ec4de4e0 flushing  nmethod 0x000002d2d8fe0b10
Event: 18.481 Thread 0x000002d2ec4de4e0 flushing  nmethod 0x000002d2d8fe2310
Event: 18.481 Thread 0x000002d2ec4de4e0 flushing  nmethod 0x000002d2d8fe9390
Event: 18.481 Thread 0x000002d2ec4de4e0 flushing  nmethod 0x000002d2d8fe9c90
Event: 18.481 Thread 0x000002d2ec4de4e0 flushing  nmethod 0x000002d2d8feb110
Event: 18.481 Thread 0x000002d2ec4de4e0 flushing  nmethod 0x000002d2d8feb990
Event: 18.481 Thread 0x000002d2ec4de4e0 flushing  nmethod 0x000002d2d90b4f90
Event: 18.481 Thread 0x000002d2ec4de4e0 flushing  nmethod 0x000002d2d90b5d90
Event: 18.481 Thread 0x000002d2ec4de4e0 flushing  nmethod 0x000002d2d90bb790
Event: 18.481 Thread 0x000002d2ec4de4e0 flushing  nmethod 0x000002d2d9248a10
Event: 18.481 Thread 0x000002d2ec4de4e0 flushing  nmethod 0x000002d2d9249190
Event: 18.481 Thread 0x000002d2ec4de4e0 flushing  nmethod 0x000002d2d924c990
Event: 18.481 Thread 0x000002d2ec4de4e0 flushing  nmethod 0x000002d2d933ba10
Event: 18.481 Thread 0x000002d2ec4de4e0 flushing  nmethod 0x000002d2d933cb10
Event: 18.481 Thread 0x000002d2ec4de4e0 flushing  nmethod 0x000002d2d9419210
Event: 18.481 Thread 0x000002d2ec4de4e0 flushing  nmethod 0x000002d2d961c790
Event: 18.481 Thread 0x000002d2ec4de4e0 flushing  nmethod 0x000002d2d972d190

Events (20 events):
Event: 9.271 Thread 0x000002d2f6daf020 Thread added: 0x000002d2f72c9030
Event: 9.271 Thread 0x000002d2f6daf020 Thread added: 0x000002d2f72ca3e0
Event: 9.271 Thread 0x000002d2f6daf020 Thread added: 0x000002d2f72ccb40
Event: 9.271 Thread 0x000002d2f6daf020 Thread added: 0x000002d2f72caa70
Event: 9.271 Thread 0x000002d2f6daf020 Thread added: 0x000002d2f72cb100
Event: 9.271 Thread 0x000002d2f6daf020 Thread added: 0x000002d2f72cb790
Event: 9.271 Thread 0x000002d2f6daf020 Thread added: 0x000002d2f72c96c0
Event: 9.272 Thread 0x000002d2f6daf020 Thread added: 0x000002d2f72ce580
Event: 9.272 Thread 0x000002d2f6daf020 Thread added: 0x000002d2f72cd1d0
Event: 9.272 Thread 0x000002d2f6daf020 Thread added: 0x000002d2f72cdef0
Event: 9.272 Thread 0x000002d2f6daf020 Thread added: 0x000002d2f72cbe20
Event: 9.367 Thread 0x000002d2f72d2090 Thread added: 0x000002d2f72d0650
Event: 9.906 Thread 0x000002d2f72d0650 Thread exited: 0x000002d2f72d0650
Event: 9.975 Thread 0x000002d2f72d2090 Thread added: 0x000002d2ffbe8710
Event: 9.978 Thread 0x000002d2f72d2090 Thread added: 0x000002d2ffbe9430
Event: 9.979 Loaded shared library C:\Program Files\Android\Android Studio\jbr\bin\rmi.dll
Event: 9.980 Thread 0x000002d2f72d2090 Thread added: 0x000002d2ffbe6cd0
Event: 10.068 Thread 0x000002d2f72d2090 Thread added: 0x000002d2ffbe8da0
Event: 10.069 Thread 0x000002d2f72d2090 Thread added: 0x000002d2ffbea7e0
Event: 10.138 Thread 0x000002d2ffbe8da0 Thread added: 0x000002d2ffbeae70


Dynamic libraries:
0x00007ff7991a0000 - 0x00007ff7991aa000 	C:\Program Files\Android\Android Studio\jbr\bin\java.exe
0x00007ffcc0260000 - 0x00007ffcc04c7000 	C:\windows\SYSTEM32\ntdll.dll
0x00007ffcbf550000 - 0x00007ffcbf619000 	C:\windows\System32\KERNEL32.DLL
0x00007ffcbcb40000 - 0x00007ffcbcf31000 	C:\windows\System32\KERNELBASE.dll
0x00007ffcbdeb0000 - 0x00007ffcbdffb000 	C:\windows\System32\ucrtbase.dll
0x00007ffcba480000 - 0x00007ffcba498000 	C:\Program Files\Android\Android Studio\jbr\bin\jli.dll
0x00007ffcadac0000 - 0x00007ffcadadb000 	C:\Program Files\Android\Android Studio\jbr\bin\VCRUNTIME140.dll
0x00007ffcbf310000 - 0x00007ffcbf4d5000 	C:\windows\System32\USER32.dll
0x00007ffcbd2c0000 - 0x00007ffcbd2e7000 	C:\windows\System32\win32u.dll
0x00007ffcbf520000 - 0x00007ffcbf54b000 	C:\windows\System32\GDI32.dll
0x00007ffc9aeb0000 - 0x00007ffc9b143000 	C:\windows\WinSxS\amd64_microsoft.windows.common-controls_6595b64144ccf1df_6.0.26100.7922_none_3e089e1ee3342171\COMCTL32.dll
0x00007ffcbdb60000 - 0x00007ffcbdc8a000 	C:\windows\System32\gdi32full.dll
0x00007ffcc0170000 - 0x00007ffcc0219000 	C:\windows\System32\msvcrt.dll
0x00007ffcbd090000 - 0x00007ffcbd133000 	C:\windows\System32\msvcp_win.dll
0x00007ffcbf250000 - 0x00007ffcbf281000 	C:\windows\System32\IMM32.DLL
0x00007ffcb8250000 - 0x00007ffcb825c000 	C:\Program Files\Android\Android Studio\jbr\bin\vcruntime140_1.dll
0x00007ffc92870000 - 0x00007ffc928fd000 	C:\Program Files\Android\Android Studio\jbr\bin\msvcp140.dll
0x00007ffc1e040000 - 0x00007ffc1ecd6000 	C:\Program Files\Android\Android Studio\jbr\bin\server\jvm.dll
0x00007ffcbf6d0000 - 0x00007ffcbf78b000 	C:\windows\System32\ADVAPI32.dll
0x00007ffcbf620000 - 0x00007ffcbf6c7000 	C:\windows\System32\sechost.dll
0x00007ffcbfec0000 - 0x00007ffcbffd8000 	C:\windows\System32\RPCRT4.dll
0x00007ffcbef60000 - 0x00007ffcbefd4000 	C:\windows\System32\WS2_32.dll
0x00007ffca9080000 - 0x00007ffca90b5000 	C:\windows\SYSTEM32\WINMM.dll
0x00007ffcbc9c0000 - 0x00007ffcbca1e000 	C:\windows\SYSTEM32\POWRPROF.dll
0x00007ffcb6790000 - 0x00007ffcb679b000 	C:\windows\SYSTEM32\VERSION.dll
0x00007ffcbc9a0000 - 0x00007ffcbc9b4000 	C:\windows\SYSTEM32\UMPDC.dll
0x00007ffcbb890000 - 0x00007ffcbb8ab000 	C:\windows\SYSTEM32\kernel.appcore.dll
0x00007ffcadab0000 - 0x00007ffcadaba000 	C:\Program Files\Android\Android Studio\jbr\bin\jimage.dll
0x00007ffcb4050000 - 0x00007ffcb4292000 	C:\windows\SYSTEM32\DBGHELP.DLL
0x00007ffcbf9f0000 - 0x00007ffcbfd72000 	C:\windows\System32\combase.dll
0x00007ffcbf100000 - 0x00007ffcbf1d7000 	C:\windows\System32\OLEAUT32.dll
0x00007ffca6460000 - 0x00007ffca649b000 	C:\windows\SYSTEM32\dbgcore.DLL
0x00007ffcbde00000 - 0x00007ffcbdea5000 	C:\windows\System32\bcryptPrimitives.dll
0x00007ffcaef70000 - 0x00007ffcaef7e000 	C:\Program Files\Android\Android Studio\jbr\bin\instrument.dll
0x00007ffcacdb0000 - 0x00007ffcacdd0000 	C:\Program Files\Android\Android Studio\jbr\bin\java.dll
0x00007ffcacd90000 - 0x00007ffcacda8000 	C:\Program Files\Android\Android Studio\jbr\bin\zip.dll
0x00007ffcbe650000 - 0x00007ffcbedaf000 	C:\windows\System32\SHELL32.dll
0x00007ffcbdc90000 - 0x00007ffcbddfa000 	C:\windows\System32\wintypes.dll
0x00007ffcbd2f0000 - 0x00007ffcbdb54000 	C:\windows\System32\windows.storage.dll
0x00007ffcbffe0000 - 0x00007ffcc00d7000 	C:\windows\System32\SHCORE.dll
0x00007ffcbf1e0000 - 0x00007ffcbf247000 	C:\windows\System32\shlwapi.dll
0x00007ffcbca60000 - 0x00007ffcbca89000 	C:\windows\SYSTEM32\profapi.dll
0x00007ffcadaa0000 - 0x00007ffcadab0000 	C:\Program Files\Android\Android Studio\jbr\bin\net.dll
0x00007ffcb6610000 - 0x00007ffcb6737000 	C:\windows\SYSTEM32\WINHTTP.dll
0x00007ffcbbde0000 - 0x00007ffcbbe4b000 	C:\windows\system32\mswsock.dll
0x00007ffcacd70000 - 0x00007ffcacd86000 	C:\Program Files\Android\Android Studio\jbr\bin\nio.dll
0x00007ffcacd60000 - 0x00007ffcacd70000 	C:\Program Files\Android\Android Studio\jbr\bin\verify.dll
0x00007ffc38140000 - 0x00007ffc38167000 	C:\Users\umesh\.gradle\native\660c5614fbf4a5f2a75b1949f50a0caf5cd603558e7d8a26e50b933a0cfb79d1\windows-amd64\native-platform.dll
0x00007ffca7110000 - 0x00007ffca7187000 	C:\Users\umesh\.gradle\native\0.2.8\x86_64-windows-gnu\gradle-fileevents.dll
0x00007ffcacce0000 - 0x00007ffcacce9000 	C:\Program Files\Android\Android Studio\jbr\bin\management.dll
0x00007ffca64d0000 - 0x00007ffca64db000 	C:\Program Files\Android\Android Studio\jbr\bin\management_ext.dll
0x00007ffcbefe0000 - 0x00007ffcbefe8000 	C:\windows\System32\PSAPI.DLL
0x00007ffcbb1a0000 - 0x00007ffcbb1d3000 	C:\windows\SYSTEM32\IPHLPAPI.DLL
0x00007ffcbfeb0000 - 0x00007ffcbfeba000 	C:\windows\System32\NSI.dll
0x00007ffcaccf0000 - 0x00007ffcaccf9000 	C:\Program Files\Android\Android Studio\jbr\bin\extnet.dll
0x00007ffcbc1e0000 - 0x00007ffcbc1fb000 	C:\windows\SYSTEM32\CRYPTSP.dll
0x00007ffcbb7f0000 - 0x00007ffcbb829000 	C:\windows\system32\rsaenh.dll
0x00007ffcbbe90000 - 0x00007ffcbbec2000 	C:\windows\SYSTEM32\USERENV.dll
0x00007ffcbca30000 - 0x00007ffcbca5a000 	C:\windows\SYSTEM32\bcrypt.dll
0x00007ffcbc040000 - 0x00007ffcbc04c000 	C:\windows\SYSTEM32\CRYPTBASE.dll
0x00007ffc6d700000 - 0x00007ffc6d708000 	C:\windows\system32\wshunix.dll
0x00007ffcaef60000 - 0x00007ffcaef67000 	C:\Program Files\Android\Android Studio\jbr\bin\rmi.dll

JVMTI agents:
C:\Users\umesh\.gradle\wrapper\dists\gradle-9.2.1-bin\2t0n5ozlw9xmuyvbp7dnzaxug\gradle-9.2.1\lib\agents\gradle-instrumentation-agent-9.2.1.jar path:C:\Program Files\Android\Android Studio\jbr\bin\instrument.dll, loaded, initialized, instrumentlib options:none

dbghelp: loaded successfully - version: 4.0.5 - missing functions: none
symbol engine: initialized successfully - sym options: 0x614 - pdb path: .;C:\Program Files\Android\Android Studio\jbr\bin;C:\windows\SYSTEM32;C:\windows\WinSxS\amd64_microsoft.windows.common-controls_6595b64144ccf1df_6.0.26100.7922_none_3e089e1ee3342171;C:\Program Files\Android\Android Studio\jbr\bin\server;C:\Users\umesh\.gradle\native\660c5614fbf4a5f2a75b1949f50a0caf5cd603558e7d8a26e50b933a0cfb79d1\windows-amd64;C:\Users\umesh\.gradle\native\0.2.8\x86_64-windows-gnu

VM Arguments:
jvm_args: --add-opens=java.base/java.lang=ALL-UNNAMED --add-opens=java.base/java.lang.invoke=ALL-UNNAMED --add-opens=java.base/java.util=ALL-UNNAMED --add-opens=java.prefs/java.util.prefs=ALL-UNNAMED --add-exports=jdk.compiler/com.sun.tools.javac.api=ALL-UNNAMED --add-exports=jdk.compiler/com.sun.tools.javac.util=ALL-UNNAMED --add-opens=java.base/java.util=ALL-UNNAMED --add-opens=java.prefs/java.util.prefs=ALL-UNNAMED --add-opens=java.base/java.nio.charset=ALL-UNNAMED --add-opens=java.base/java.net=ALL-UNNAMED --add-opens=java.base/java.util.concurrent=ALL-UNNAMED --add-opens=java.base/java.util.concurrent.atomic=ALL-UNNAMED --add-opens=java.xml/javax.xml.namespace=ALL-UNNAMED --add-opens=java.base/java.time=ALL-UNNAMED -Xmx2048m -Dfile.encoding=UTF-8 -Duser.country=IN -Duser.language=en -Duser.variant -javaagent:C:\Users\umesh\.gradle\wrapper\dists\gradle-9.2.1-bin\2t0n5ozlw9xmuyvbp7dnzaxug\gradle-9.2.1\lib\agents\gradle-instrumentation-agent-9.2.1.jar 
java_command: org.gradle.launcher.daemon.bootstrap.GradleDaemon 9.2.1
java_class_path (initial): C:\Users\umesh\.gradle\wrapper\dists\gradle-9.2.1-bin\2t0n5ozlw9xmuyvbp7dnzaxug\gradle-9.2.1\lib\gradle-daemon-main-9.2.1.jar
Launcher Type: SUN_STANDARD

[Global flags]
     intx CICompilerCount                          = 12                                        {product} {ergonomic}
     uint ConcGCThreads                            = 3                                         {product} {ergonomic}
     uint G1ConcRefinementThreads                  = 13                                        {product} {ergonomic}
   size_t G1HeapRegionSize                         = 1048576                                   {product} {ergonomic}
    uintx GCDrainStackTargetSize                   = 64                                        {product} {ergonomic}
   size_t InitialHeapSize                          = 266338304                                 {product} {ergonomic}
   size_t MarkStackSize                            = 4194304                                   {product} {ergonomic}
   size_t MaxHeapSize                              = 2147483648                                {product} {command line}
   size_t MaxNewSize                               = 1287651328                                {product} {ergonomic}
   size_t MinHeapDeltaBytes                        = 1048576                                   {product} {ergonomic}
   size_t MinHeapSize                              = 8388608                                   {product} {ergonomic}
    uintx NonNMethodCodeHeapSize                   = 7602480                                {pd product} {ergonomic}
    uintx NonProfiledCodeHeapSize                  = 122027880                              {pd product} {ergonomic}
    uintx ProfiledCodeHeapSize                     = 122027880                              {pd product} {ergonomic}
    uintx ReservedCodeCacheSize                    = 251658240                              {pd product} {ergonomic}
     bool SegmentedCodeCache                       = true                                      {product} {ergonomic}
   size_t SoftMaxHeapSize                          = 2147483648                             {manageable} {ergonomic}
     bool UseCompressedOops                        = true                           {product lp64_product} {ergonomic}
     bool UseG1GC                                  = true                                      {product} {ergonomic}
     bool UseLargePagesIndividualAllocation        = false                                  {pd product} {ergonomic}

Logging:
Log output configuration:
 #0: stdout all=warning uptime,level,tags foldmultilines=false
 #1: stderr all=off uptime,level,tags foldmultilines=false

Release file:
JAVA_VERSION="21.0.9" 
MODULES="java.base java.compiler java.datatransfer java.xml java.prefs java.desktop java.instrument java.logging java.management java.security.sasl java.naming java.rmi java.management.rmi java.net.http java.scripting java.security.jgss java.transaction.xa java.sql java.sql.rowset java.xml.crypto java.se java.smartcardio jdk.accessibility jdk.internal.jvmstat jdk.attach jdk.charsets jdk.internal.opt jdk.zipfs jdk.compiler jdk.crypto.ec jdk.crypto.cryptoki jdk.dynalink jdk.hotspot.agent jdk.httpserver jdk.internal.ed jdk.internal.le jdk.internal.vm.ci jdk.jartool jdk.javadoc jdk.jcmd jdk.jdeps jdk.jdwp.agent jdk.jdi jdk.jfr jdk.jlink jdk.jsobject jdk.localedata jdk.management jdk.management.agent jdk.management.jfr jdk.naming.dns jdk.naming.rmi jdk.net jdk.sctp jdk.security.auth jdk.security.jgss jdk.unsupported jdk.unsupported.desktop jdk.xml.dom" 
IMPLEMENTOR="JetBrains s.r.o." 
JAVA_RUNTIME_VERSION="21.0.9+-14649483-b1163.86" 
LIBC="default" 
OS_ARCH="x86_64" 
OS_NAME="Windows" 
SOURCE=".:git:554d0c326095" 

Environment Variables:
JAVA_HOME=C:\Program Files\Eclipse Adoptium\jdk-21.0.10.7-hotspot\
PATH=C:\Program Files\Eclipse Adoptium\jdk-21.0.10.7-hotspot\bin;C:\Program Files\ImageMagick-7.1.2-Q16-HDRI;C:\Program Files\Common Files\Oracle\Java\javapath;C:\windows\system32;C:\windows;C:\windows\System32\Wbem;C:\windows\System32\WindowsPowerShell\v1.0\;C:\windows\System32\OpenSSH\;C:\Program Files\dotnet\;C:\Program Files\Git\cmd;C:\Program Files\Docker\Docker\resources\bin;C:\Users\umesh\.cargo\bin;C:\Users\umesh\AppData\Local\Microsoft\WindowsApps;C:\Users\umesh\AppData\Local\Programs\Microsoft VS Code\bin;C:\Program Files\Git\bin;C:\msys64\mingw64\bin;C:\kotlinc\bin;C:\Users\umesh\AppData\Local\Programs\Ollama;C:\Android;C:\Program Files\Java;;C:\Users\umesh\.lmstudio\bin;C:\Users\umesh\AppData\Local\Python\bin
USERNAME=umesh
OS=Windows_NT
PROCESSOR_IDENTIFIER=Intel64 Family 6 Model 191 Stepping 2, GenuineIntel
TMP=C:\Users\umesh\AppData\Local\Temp
TEMP=C:\Users\umesh\AppData\Local\Temp




Periodic native trim disabled

JNI global refs:
JNI global refs: 43, weak refs: 135

JNI global refs memory usage: 835, weak refs: 5257

Process memory usage:
Resident Set Size: 1528540K (9% of 16585936K total physical memory with 1049592K free physical memory)

OOME stack traces (most recent first):
Classloader memory used:
Loader org.gradle.internal.classloader.VisitableURLClassLoader$InstrumentingVisitableURLClassLoader: 50676K
Loader org.gradle.internal.classloader.VisitableURLClassLoader                         : 46531K
Loader bootstrap                                                                       : 30121K
Loader org.gradle.initialization.MixInLegacyTypesClassLoader                           : 13326K
Loader jdk.internal.reflect.DelegatingClassLoader                                      : 503K
Loader jdk.internal.loader.ClassLoaders$AppClassLoader                                 : 233K
Loader org.gradle.internal.classloader.VisitableURLClassLoader                         : 213K
Loader jdk.internal.loader.ClassLoaders$PlatformClassLoader                            : 168K
Loader org.gradle.groovy.scripts.internal.DefaultScriptCompilationHandler$ScriptClassLoader: 127K

Classes loaded by more than one classloader:
Class Program                                                                         : loaded 5 times (x 72B)
Class Build_gradle                                                                    : loaded 3 times (x 126B)
Class com.google.common.collect.RegularImmutableMap$KeySet                            : loaded 2 times (x 152B)
Class org.gradle.internal.classloader.FilteringClassLoader                            : loaded 2 times (x 105B)
Class com.google.common.base.CharMatcher$IsEither                                     : loaded 2 times (x 111B)
Class org.gradle.internal.classloader.ClassLoaderHierarchy                            : loaded 2 times (x 70B)
Class com.google.common.collect.ImmutableEnumSet                                      : loaded 2 times (x 146B)
Class com.google.common.util.concurrent.ExecutionError                                : loaded 2 times (x 82B)
Class com.google.common.collect.ImmutableList$1                                       : loaded 2 times (x 97B)
Class org.gradle.api.internal.classpath.ManifestUtil                                  : loaded 2 times (x 71B)
Class com.google.common.io.ByteArrayDataOutput                                        : loaded 2 times (x 70B)
Class com.google.common.collect.RegularImmutableMap                                   : loaded 2 times (x 121B)
Class com.google.common.collect.ImmutableMap$MapViewOfValuesAsSingletonSets           : loaded 2 times (x 126B)
Class [Lorg.objectweb.asm.Symbol;                                                     : loaded 2 times (x 69B)
Class org.objectweb.asm.ClassVisitor                                                  : loaded 2 times (x 88B)
Class com.google.common.collect.UnmodifiableListIterator                              : loaded 2 times (x 95B)
Class com.google.common.base.Platform$JdkPatternCompiler                              : loaded 2 times (x 75B)
Class org.objectweb.asm.MethodTooLargeException                                       : loaded 2 times (x 83B)
Class [Lcom.google.common.cache.CacheBuilder$OneWeigher;                              : loaded 2 times (x 69B)
Class com.google.common.base.Suppliers                                                : loaded 2 times (x 71B)
Class org.gradle.internal.classloader.DefaultClassLoaderFactory                       : loaded 2 times (x 82B)
Class org.gradle.internal.classloader.ClassLoaderVisitor                              : loaded 2 times (x 76B)
Class [Lcom.google.common.collect.ImmutableMapEntry;                                  : loaded 2 times (x 69B)
Class org.gradle.api.internal.classpath.EffectiveClassPath                            : loaded 2 times (x 90B)
Class com.google.common.collect.ListMultimap                                          : loaded 2 times (x 70B)
Class com.google.common.collect.ImmutableEnumMap                                      : loaded 2 times (x 126B)
Class com.google.common.collect.ImmutableSet$SerializedForm                           : loaded 2 times (x 73B)
Class com.google.common.collect.Sets$1                                                : loaded 2 times (x 139B)
Class org.objectweb.asm.AnnotationVisitor                                             : loaded 2 times (x 78B)
Class org.gradle.api.internal.DefaultClassPathProvider                                : loaded 2 times (x 76B)
Class com.google.common.collect.Sets$2                                                : loaded 2 times (x 139B)
Class [Lorg.gradle.api.internal.ClassPathProvider;                                    : loaded 2 times (x 69B)
Class org.gradle.api.internal.ClassPathProvider                                       : loaded 2 times (x 70B)
Class [Lorg.objectweb.asm.AnnotationVisitor;                                          : loaded 2 times (x 69B)
Class com.google.common.collect.Sets$3                                                : loaded 2 times (x 139B)
Class com.google.common.cache.LocalCache$LocalLoadingCache                            : loaded 2 times (x 134B)
Class org.gradle.internal.service.UnknownServiceException                             : loaded 2 times (x 83B)
Class com.google.common.io.ByteArrayDataInput                                         : loaded 2 times (x 70B)
Class com.google.common.collect.Sets$4                                                : loaded 2 times (x 139B)
Class org.objectweb.asm.ModuleVisitor                                                 : loaded 2 times (x 81B)
Class com.google.common.cache.LocalCache$Strength$1                                   : loaded 2 times (x 81B)
Class com.google.common.util.concurrent.SettableFuture                                : loaded 2 times (x 114B)
Class com.google.common.cache.LocalCache$Strength$2                                   : loaded 2 times (x 81B)
Class com.google.common.io.ByteStreams                                                : loaded 2 times (x 71B)
Class com.google.common.cache.LocalCache$Strength$3                                   : loaded 2 times (x 81B)
Class com.google.common.collect.MapDifference                                         : loaded 2 times (x 70B)
Class org.objectweb.asm.FieldWriter                                                   : loaded 2 times (x 78B)
Class com.google.common.cache.CacheBuilder$NullListener                               : loaded 2 times (x 82B)
Class org.gradle.internal.classpath.TransformedClassPath                              : loaded 2 times (x 96B)
Class org.gradle.internal.classloader.InstrumentingClassLoader                        : loaded 2 times (x 70B)
Class com.google.common.cache.CacheLoader$FunctionToCacheLoader                       : loaded 2 times (x 75B)
Class com.google.common.collect.Iterators$ArrayItr                                    : loaded 2 times (x 97B)
Class com.google.common.collect.ImmutableCollection$Builder                           : loaded 2 times (x 76B)
Class com.google.common.base.Joiner                                                   : loaded 2 times (x 79B)
Class com.google.common.base.MoreObjects                                              : loaded 2 times (x 71B)
Class com.google.common.base.Equivalence$Identity                                     : loaded 2 times (x 82B)
Class [Lorg.objectweb.asm.Type;                                                       : loaded 2 times (x 69B)
Class com.google.common.collect.UnmodifiableIterator                                  : loaded 2 times (x 80B)
Class org.gradle.internal.service.ServiceLocator                                      : loaded 2 times (x 70B)
Class com.google.common.base.Ascii                                                    : loaded 2 times (x 71B)
Class com.google.common.collect.SingletonImmutableBiMap                               : loaded 2 times (x 143B)
Class com.google.common.cache.LocalCache$1                                            : loaded 2 times (x 89B)
Class com.google.common.collect.Iterators$SingletonIterator                           : loaded 2 times (x 81B)
Class com.google.common.collect.AbstractMapEntry                                      : loaded 2 times (x 81B)
Class com.google.common.collect.Sets$ImprovedAbstractSet                              : loaded 2 times (x 135B)
Class com.google.common.collect.ImmutableList$Builder                                 : loaded 2 times (x 77B)
Class com.google.common.collect.AbstractMultimap                                      : loaded 2 times (x 123B)
Class com.google.common.cache.LocalCache$2                                            : loaded 2 times (x 142B)
Class com.google.common.collect.RegularImmutableAsList                                : loaded 2 times (x 217B)
Class com.google.common.util.concurrent.AbstractFuture$Trusted                        : loaded 2 times (x 70B)
Class com.google.common.collect.Iterators                                             : loaded 2 times (x 71B)
Class com.google.common.collect.Lists$StringAsImmutableList                           : loaded 2 times (x 207B)
Class com.google.common.util.concurrent.UncheckedExecutionException                   : loaded 2 times (x 82B)
Class org.gradle.kotlin.dsl.VersionCatalogAccessorsKt                                 : loaded 2 times (x 71B)
Class com.google.common.collect.AbstractMapBasedMultimap$KeySet$1                     : loaded 2 times (x 82B)
Class org.objectweb.asm.ClassWriter                                                   : loaded 2 times (x 106B)
Class com.google.common.cache.CacheLoader$UnsupportedLoadingOperationException        : loaded 2 times (x 82B)
Class com.google.common.base.CharMatcher$And                                          : loaded 2 times (x 112B)
Class org.gradle.internal.classloader.ClasspathUtil$1                                 : loaded 2 times (x 76B)
Class com.google.common.base.Objects                                                  : loaded 2 times (x 71B)
Class org.objectweb.asm.FieldVisitor                                                  : loaded 2 times (x 77B)
Class com.google.common.collect.IndexedImmutableSet                                   : loaded 2 times (x 152B)
Class com.google.common.collect.ImmutableMap$1                                        : loaded 2 times (x 81B)
Class com.google.common.collect.BiMap                                                 : loaded 2 times (x 70B)
Class org.gradle.api.internal.classpath.DefaultModuleRegistry$DefaultModule           : loaded 2 times (x 86B)
Class com.google.common.primitives.Ints                                               : loaded 2 times (x 71B)
Class com.google.common.collect.AbstractIterator                                      : loaded 2 times (x 82B)
Class com.google.common.collect.ObjectArrays                                          : loaded 2 times (x 71B)
Class com.google.common.math.MathPreconditions                                        : loaded 2 times (x 71B)
Class com.google.common.collect.Multiset                                              : loaded 2 times (x 70B)
Class com.google.common.collect.ArrayListMultimapGwtSerializationDependencies         : loaded 2 times (x 172B)
Class com.google.common.collect.AbstractIndexedListIterator                           : loaded 2 times (x 96B)
Class com.google.common.collect.ImmutableMapEntrySet                                  : loaded 2 times (x 152B)
Class org.gradle.api.internal.classpath.Module                                        : loaded 2 times (x 70B)
Class com.google.common.cache.Weigher                                                 : loaded 2 times (x 70B)
Class org.gradle.api.internal.classpath.UnknownModuleException                        : loaded 2 times (x 82B)
Class com.google.common.base.Stopwatch                                                : loaded 2 times (x 72B)
Class com.google.common.cache.LocalCache$Strength                                     : loaded 2 times (x 81B)
Class com.google.common.cache.Cache                                                   : loaded 2 times (x 70B)
Class ijJvmDebugger1_bej5ftx5rf2zgugw4x08v2ezz                                        : loaded 2 times (x 171B)
Class com.google.common.base.NullnessCasts                                            : loaded 2 times (x 71B)
Class com.google.common.util.concurrent.AbstractFuture$Cancellation                   : loaded 2 times (x 72B)
Class com.google.common.collect.ImmutableMap$Builder                                  : loaded 2 times (x 82B)
Class com.google.common.cache.RemovalListener                                         : loaded 2 times (x 70B)
Class org.gradle.api.internal.DefaultClassPathRegistry                                : loaded 2 times (x 76B)
Class com.google.common.primitives.IntsMethodsForWeb                                  : loaded 2 times (x 71B)
Class com.google.common.collect.Multimap                                              : loaded 2 times (x 70B)
Class org.gradle.api.internal.ClassPathRegistry                                       : loaded 2 times (x 70B)
Class org.gradle.internal.classpath.DefaultClassPath$ImmutableUniqueList              : loaded 2 times (x 199B)
Class com.google.common.base.ExtraObjectsMethodsForWeb                                : loaded 2 times (x 71B)
Class com.google.common.collect.Platform                                              : loaded 2 times (x 71B)
Class com.google.common.cache.CacheBuilder                                            : loaded 2 times (x 72B)
Class com.google.common.collect.SingletonImmutableList                                : loaded 2 times (x 207B)
Class Settings_gradle$1                                                               : loaded 2 times (x 74B)
Class org.gradle.internal.classpath.ClassPath                                         : loaded 2 times (x 70B)
Class com.google.common.base.JdkPattern                                               : loaded 2 times (x 75B)
Class com.google.common.collect.ImmutableList$ReverseImmutableList                    : loaded 2 times (x 209B)
Class org.objectweb.asm.SymbolTable$Entry                                             : loaded 2 times (x 74B)
Class org.objectweb.asm.Edge                                                          : loaded 2 times (x 72B)
Class com.google.common.base.Suppliers$SupplierOfInstance                             : loaded 2 times (x 79B)
Class com.google.common.collect.Iterators$1                                           : loaded 2 times (x 81B)
Class com.google.common.cache.LocalCache$ComputingValueReference                      : loaded 2 times (x 96B)
Class com.google.common.collect.SingletonImmutableSet                                 : loaded 2 times (x 146B)
Class com.google.common.collect.ImmutableMap$IteratorBasedImmutableMap                : loaded 2 times (x 126B)
Class com.google.common.cache.LocalCache$Segment                                      : loaded 2 times (x 154B)
Class com.google.common.collect.AbstractListMultimap                                  : loaded 2 times (x 172B)
Class [Lorg.objectweb.asm.SymbolTable$Entry;                                          : loaded 2 times (x 69B)
Class com.google.common.cache.CacheLoader                                             : loaded 2 times (x 74B)
Class com.google.common.collect.Iterators$4                                           : loaded 2 times (x 82B)
Class com.google.common.collect.ImmutableBiMap                                        : loaded 2 times (x 143B)
Class org.gradle.api.internal.classpath.ModuleRegistry                                : loaded 2 times (x 70B)
Class org.gradle.internal.installation.GradleInstallation$1                           : loaded 2 times (x 75B)
Class com.google.common.collect.ImmutableSet$JdkBackedSetBuilderImpl                  : loaded 2 times (x 76B)
Class com.google.common.util.concurrent.internal.InternalFutureFailureAccess          : loaded 2 times (x 72B)
Class com.google.common.collect.Iterators$5                                           : loaded 2 times (x 82B)
Class ijKotlinCoroutineJvmDebugInit1_awr2tlt2dwlre26l6md11ylqu$_run_closure1          : loaded 2 times (x 139B)
Class com.google.common.cache.LocalCache$LocalManualCache$1                           : loaded 2 times (x 75B)
Class com.google.common.base.CharMatcher$ForPredicate                                 : loaded 2 times (x 112B)
Class com.google.common.base.CharMatcher$AnyOf                                        : loaded 2 times (x 112B)
Class com.google.common.collect.ImmutableCollection                                   : loaded 2 times (x 125B)
Class org.gradle.api.internal.classpath.DefaultModuleRegistry                         : loaded 2 times (x 86B)
Class com.google.common.collect.Lists                                                 : loaded 2 times (x 71B)
Class com.google.common.util.concurrent.ListenableFuture                              : loaded 2 times (x 70B)
Class com.google.common.cache.ReferenceEntry                                          : loaded 2 times (x 70B)
Class com.google.common.base.Converter                                                : loaded 2 times (x 90B)
Class com.google.common.collect.ImmutableSet$CachingAsList                            : loaded 2 times (x 148B)
Class com.google.common.collect.AbstractMapBasedMultimap                              : loaded 2 times (x 139B)
Class com.google.common.util.concurrent.AbstractFuture                                : loaded 2 times (x 106B)
Class com.google.common.base.FunctionalEquivalence                                    : loaded 2 times (x 83B)
Class com.google.common.collect.Iterators$9                                           : loaded 2 times (x 81B)
Class com.google.common.collect.ImmutableAsList                                       : loaded 2 times (x 209B)
Class org.objectweb.asm.RecordComponentVisitor                                        : loaded 2 times (x 77B)
Class com.google.common.cache.CacheLoader$SupplierToCacheLoader                       : loaded 2 times (x 75B)
Class ijJvmDebugger1_bej5ftx5rf2zgugw4x08v2ezz$_run_closure1                          : loaded 2 times (x 139B)
Class com.google.common.collect.Maps$EntryTransformer                                 : loaded 2 times (x 70B)
Class org.gradle.internal.service.ServiceLookupException                              : loaded 2 times (x 82B)
Class [Lcom.google.common.cache.LocalCache$EntryFactory;                              : loaded 2 times (x 69B)
Class org.gradle.internal.classloader.ClassLoaderFactory                              : loaded 2 times (x 70B)
Class com.google.common.base.CommonPattern                                            : loaded 2 times (x 74B)
Class com.google.common.cache.LocalCache$LocalManualCache                             : loaded 2 times (x 99B)
Class com.google.common.base.CharMatcher$IsNot                                        : loaded 2 times (x 111B)
Class org.gradle.internal.service.CachingServiceLocator                               : loaded 2 times (x 82B)
Class com.google.common.collect.AbstractMapBasedMultimap$KeySet                       : loaded 2 times (x 137B)
Class com.google.common.math.IntMath                                                  : loaded 2 times (x 71B)
Class com.google.common.collect.ImmutableMapEntry                                     : loaded 2 times (x 85B)
Class com.google.common.base.Equivalence                                              : loaded 2 times (x 82B)
Class com.google.common.base.Function                                                 : loaded 2 times (x 70B)
Class com.google.common.collect.ImmutableMapEntry$NonTerminalImmutableMapEntry        : loaded 2 times (x 85B)
Class ijKotlinCoroutineJvmDebugInit1_awr2tlt2dwlre26l6md11ylqu                        : loaded 2 times (x 171B)
Class com.google.common.cache.CacheBuilder$OneWeigher                                 : loaded 2 times (x 82B)
Class com.google.common.collect.RegularImmutableList                                  : loaded 2 times (x 213B)
Class org.gradle.internal.classloader.ClasspathUtil                                   : loaded 2 times (x 71B)
Class com.google.common.util.concurrent.Uninterruptibles                              : loaded 2 times (x 71B)
Class com.google.common.util.concurrent.LazyLogger                                    : loaded 2 times (x 72B)
Class com.google.common.collect.Maps                                                  : loaded 2 times (x 71B)
Class org.gradle.api.specs.Spec                                                       : loaded 2 times (x 70B)
Class [Lcom.google.common.collect.ImmutableEntry;                                     : loaded 2 times (x 69B)
Class com.google.common.cache.LocalCache$LoadingValueReference                        : loaded 2 times (x 96B)
Class com.google.common.base.Platform                                                 : loaded 2 times (x 71B)
Class [Lorg.objectweb.asm.AnnotationWriter;                                           : loaded 2 times (x 69B)
Class com.google.common.collect.Maps$8                                                : loaded 2 times (x 82B)
Class com.google.common.collect.Sets$SetView                                          : loaded 2 times (x 138B)
Class com.google.common.cache.LocalCache$StrongValueReference                         : loaded 2 times (x 90B)
Class org.objectweb.asm.Type                                                          : loaded 2 times (x 72B)
Class org.gradle.internal.classloader.VisitableURLClassLoader$InstrumentingVisitableURLClassLoader: loaded 2 times (x 123B)
Class com.google.common.math.IntMath$1                                                : loaded 2 times (x 71B)
Class org.objectweb.asm.ByteVector                                                    : loaded 2 times (x 79B)
Class [Lcom.google.common.cache.CacheBuilder$NullListener;                            : loaded 2 times (x 69B)
Class org.gradle.internal.classloader.VisitableURLClassLoader$Spec                    : loaded 2 times (x 74B)
Class org.gradle.internal.classpath.DefaultClassPath                                  : loaded 2 times (x 90B)
Class org.objectweb.asm.Symbol                                                        : loaded 2 times (x 73B)
Class com.google.common.io.Closer                                                     : loaded 2 times (x 78B)
Class com.google.common.base.CharMatcher$BitSetMatcher                                : loaded 2 times (x 112B)
Class com.google.common.collect.RegularImmutableMap$Values                            : loaded 2 times (x 207B)
Class com.google.common.collect.ImmutableSet                                          : loaded 2 times (x 145B)
Class org.gradle.internal.classloader.ClassLoaderSpec                                 : loaded 2 times (x 71B)
Class org.objectweb.asm.AnnotationWriter                                              : loaded 2 times (x 79B)
Class com.google.common.cache.CacheStats                                              : loaded 2 times (x 71B)
Class com.google.common.io.Closer$Suppressor                                          : loaded 2 times (x 70B)
Class org.objectweb.asm.RecordComponentWriter                                         : loaded 2 times (x 78B)
Class com.google.common.util.concurrent.AbstractFuture$Listener                       : loaded 2 times (x 72B)
Class com.google.common.base.CharMatcher$Or                                           : loaded 2 times (x 112B)
Class Settings_gradle$1$1                                                             : loaded 2 times (x 74B)
Class org.objectweb.asm.Attribute                                                     : loaded 2 times (x 77B)
Class com.google.common.base.Supplier                                                 : loaded 2 times (x 70B)
Class org.gradle.internal.classloader.VisitableURLClassLoader                         : loaded 2 times (x 117B)
Class Settings_gradle                                                                 : loaded 2 times (x 124B)
Class org.gradle.internal.Cast                                                        : loaded 2 times (x 71B)
Class org.gradle.api.Action                                                           : loaded 2 times (x 70B)
Class com.google.common.base.Strings                                                  : loaded 2 times (x 71B)
Class com.google.common.collect.Sets                                                  : loaded 2 times (x 71B)
Class org.objectweb.asm.Handler                                                       : loaded 2 times (x 72B)
Class com.google.common.base.Ticker                                                   : loaded 2 times (x 72B)
Class com.google.common.base.CharMatcher$FastMatcher                                  : loaded 2 times (x 111B)
Class [Lcom.google.common.cache.LocalCache$Segment;                                   : loaded 2 times (x 69B)
Class [Lcom.google.common.cache.LocalCache$Strength;                                  : loaded 2 times (x 69B)
Class com.google.common.cache.CacheBuilder$1                                          : loaded 2 times (x 85B)
Class com.google.common.base.Predicate                                                : loaded 2 times (x 70B)
Class com.google.common.collect.ImmutableMap                                          : loaded 2 times (x 120B)
Class org.gradle.internal.classpath.DefaultClassPath$ImmutableUniqueList$Builder      : loaded 2 times (x 75B)
Class com.google.common.cache.LocalCache                                              : loaded 2 times (x 187B)
Class com.google.common.cache.CacheBuilder$2                                          : loaded 2 times (x 79B)
Class com.google.common.base.CharMatcher$NegatedFastMatcher                           : loaded 2 times (x 113B)
Class com.google.common.collect.ArrayListMultimap                                     : loaded 2 times (x 172B)
Class com.google.common.cache.CacheBuilder$3                                          : loaded 2 times (x 72B)
Class [Lcom.google.common.collect.AbstractMapEntry;                                   : loaded 2 times (x 69B)
Class com.google.common.collect.ImmutableEntry                                        : loaded 2 times (x 82B)
Class org.gradle.api.GradleException                                                  : loaded 2 times (x 82B)
Class com.google.common.base.Suppliers$MemoizingSupplier                              : loaded 2 times (x 79B)
Class com.google.common.collect.CollectPreconditions                                  : loaded 2 times (x 71B)
Class com.google.common.collect.SortedMapDifference                                   : loaded 2 times (x 70B)
Class com.google.common.cache.LocalCache$EntryFactory                                 : loaded 2 times (x 83B)
Class com.google.common.cache.LocalCache$AbstractReferenceEntry                       : loaded 2 times (x 107B)
Class org.gradle.internal.IoActions                                                   : loaded 2 times (x 71B)
Class org.objectweb.asm.SymbolTable                                                   : loaded 2 times (x 72B)
Class com.google.common.cache.CacheLoader$InvalidCacheLoadException                   : loaded 2 times (x 82B)
Class com.google.common.collect.ImmutableSet$RegularSetBuilderImpl                    : loaded 2 times (x 77B)
Class org.gradle.internal.classloader.SystemClassLoaderSpec                           : loaded 2 times (x 71B)
Class com.google.common.cache.LocalCache$StrongEntry                                  : loaded 2 times (x 108B)
Class com.google.common.util.concurrent.AbstractFuture$TrustedFuture                  : loaded 2 times (x 114B)
Class com.google.common.cache.LoadingCache                                            : loaded 2 times (x 70B)
Class com.google.common.io.ByteStreams$LimitedInputStream                             : loaded 2 times (x 92B)
Class com.google.common.base.Suppliers$NonSerializableMemoizingSupplier               : loaded 2 times (x 79B)
Class org.objectweb.asm.MethodWriter                                                  : loaded 2 times (x 106B)
Class [Lcom.google.common.cache.Weigher;                                              : loaded 2 times (x 69B)
Class com.google.common.collect.RegularImmutableMap$BucketOverflowException           : loaded 2 times (x 82B)
Class com.google.common.collect.RegularImmutableBiMap                                 : loaded 2 times (x 149B)
Class com.google.common.cache.LocalCache$ValueReference                               : loaded 2 times (x 70B)
Class com.google.common.base.CharMatcher$Negated                                      : loaded 2 times (x 113B)
Class com.google.common.base.CharMatcher$Is                                           : loaded 2 times (x 111B)
Class com.google.common.base.PatternCompiler                                          : loaded 2 times (x 70B)
Class com.google.common.util.concurrent.AbstractFuture$Failure                        : loaded 2 times (x 72B)
Class com.google.common.base.Equivalence$Equals                                       : loaded 2 times (x 82B)
Class com.google.common.collect.Hashing                                               : loaded 2 times (x 71B)
Class com.google.common.base.Preconditions                                            : loaded 2 times (x 71B)
Class com.google.common.base.Joiner$1                                                 : loaded 2 times (x 80B)
Class org.objectweb.asm.Label                                                         : loaded 2 times (x 73B)
Class org.objectweb.asm.CurrentFrame                                                  : loaded 2 times (x 73B)
Class org.objectweb.asm.ClassTooLargeException                                        : loaded 2 times (x 83B)
Class com.google.common.base.CharMatcher                                              : loaded 2 times (x 111B)
Class com.google.common.collect.PeekingIterator                                       : loaded 2 times (x 70B)
Class com.google.common.base.Joiner$2                                                 : loaded 2 times (x 79B)
Class org.objectweb.asm.Frame                                                         : loaded 2 times (x 73B)
Class org.objectweb.asm.MethodVisitor                                                 : loaded 2 times (x 105B)
Class com.google.common.cache.LocalCache$EntryFactory$1                               : loaded 2 times (x 83B)
Class [Lcom.google.common.cache.RemovalListener;                                      : loaded 2 times (x 69B)
Class com.google.common.base.CharMatcher$1                                            : loaded 2 times (x 113B)
Class com.google.common.base.CharMatcher$NamedFastMatcher                             : loaded 2 times (x 112B)
Class com.google.common.cache.LocalCache$EntryFactory$2                               : loaded 2 times (x 83B)
Class org.gradle.api.internal.classpath.GlobalCacheRootsProvider                      : loaded 2 times (x 70B)
Class org.objectweb.asm.ModuleWriter                                                  : loaded 2 times (x 82B)
Class com.google.common.cache.LocalCache$EntryFactory$3                               : loaded 2 times (x 83B)
Class com.google.common.base.Ticker$1                                                 : loaded 2 times (x 72B)
Class com.google.common.collect.Maps$BiMapConverter                                   : loaded 2 times (x 90B)
Class com.google.common.collect.ImmutableMapEntrySet$RegularEntrySet                  : loaded 2 times (x 152B)
Class com.google.common.collect.ImmutableSet$Builder                                  : loaded 2 times (x 85B)
Class com.google.common.cache.LocalCache$EntryFactory$4                               : loaded 2 times (x 83B)
Class com.google.common.base.CharMatcher$InRange                                      : loaded 2 times (x 111B)
Class com.google.common.io.ByteStreams$1                                              : loaded 2 times (x 85B)
Class com.google.common.cache.LocalCache$EntryFactory$5                               : loaded 2 times (x 83B)
Class com.google.common.base.PairwiseEquivalence                                      : loaded 2 times (x 83B)
Class com.google.common.cache.LocalCache$EntryFactory$6                               : loaded 2 times (x 83B)
Class org.gradle.internal.installation.CurrentGradleInstallationLocator               : loaded 2 times (x 71B)
Class com.google.common.collect.Maps$KeySet                                           : loaded 2 times (x 137B)
Class com.google.common.collect.ImmutableSet$EmptySetBuilderImpl                      : loaded 2 times (x 76B)
Class com.google.common.cache.LocalCache$EntryFactory$7                               : loaded 2 times (x 83B)
Class com.google.common.collect.ImmutableList                                         : loaded 2 times (x 206B)
Class ijKotlinCoroutineJvmDebugInit1_awr2tlt2dwlre26l6md11ylqu$_run_closure1$_closure2: loaded 2 times (x 139B)
Class org.gradle.internal.service.DefaultServiceLocator                               : loaded 2 times (x 83B)
Class com.google.common.cache.LocalCache$EntryFactory$8                               : loaded 2 times (x 83B)
Class com.google.common.collect.ImmutableSet$SetBuilderImpl                           : loaded 2 times (x 76B)
Class ijJvmDebugger1_bej5ftx5rf2zgugw4x08v2ezz$_run_closure1$_closure2                : loaded 2 times (x 140B)
Class org.gradle.internal.installation.CurrentGradleInstallation                      : loaded 2 times (x 73B)
Class com.google.common.cache.CacheLoader$1                                           : loaded 2 times (x 75B)
Class com.google.common.collect.ForwardingObject                                      : loaded 2 times (x 72B)
Class com.google.common.collect.ImmutableList$SubList                                 : loaded 2 times (x 209B)
Class org.gradle.util.internal.GUtil                                                  : loaded 2 times (x 71B)
Class com.google.common.cache.AbstractCache$StatsCounter                              : loaded 2 times (x 70B)
Class com.google.common.collect.Iterators$MergingIterator                             : loaded 2 times (x 81B)
Class com.google.common.collect.RegularImmutableSet                                   : loaded 2 times (x 149B)
Class org.gradle.internal.installation.GradleInstallation                             : loaded 2 times (x 75B)
Class com.google.common.collect.Iterables                                             : loaded 2 times (x 71B)

---------------  S Y S T E M  ---------------

OS:
 Windows 11 , 64 bit Build 26100 (10.0.26100.7920)
OS uptime: 0 days 15:12 hours
Hyper-V role detected

CPU: total 16 (initial active 16) (8 cores per cpu, 2 threads per core) family 6 model 191 stepping 2 microcode 0x26, cx8, cmov, fxsr, ht, mmx, 3dnowpref, sse, sse2, sse3, ssse3, sse4.1, sse4.2, popcnt, lzcnt, tsc, tscinvbit, avx, avx2, aes, erms, clmul, bmi1, bmi2, adx, sha, fma, vzeroupper, clflush, clflushopt, clwb, hv, serialize, rdtscp, rdpid, fsrm, f16c, cet_ibt, cet_ss
Processor Information for the first 16 processors :
  Max Mhz: 2500, Current Mhz: 2500, Mhz Limit: 2500

Memory: 4k page, system-wide physical 16197M (989M free)
TotalPageFile size 32581M (AvailPageFile size 50M)
current process WorkingSet (physical memory assigned to process): 1492M, peak: 1516M
current process commit charge ("private bytes"): 1561M, peak: 1857M

vm_info: OpenJDK 64-Bit Server VM (21.0.9+-14649483-b1163.86) for windows-amd64 JRE (21.0.9+-14649483-b1163.86), built on 2025-12-30T22:08:35Z by "builder" with MS VC++ 16.10 / 16.11 (VS2019)

END.
